experiment,dataset,pairing,metric,n,mean_diff,se,t,p_t,W,p_wilcoxon,q_wilcoxon,sig,q_wilcoxon_global
multiseed_ablation,Synthetic-CP,CP (no ACI),coverage,30,-0.008,0.0005208304597621,-15.360084745528932,1.7763568394002505e-15,0.0,1.5729980583316284e-06,1.5249699447398005e-05,***,1.3707554508318476e-05
multiseed_ablation,Synthetic-CP,CP (no ACI),cov_gap,30,0.0079333333333333,0.0004981190674567,15.926580313093757,6.661338147750939e-16,0.0,1.6944110497108891e-06,1.5249699447398005e-05,***,1.3781209870981898e-05
multiseed_ablation,Synthetic-CP,CP (no ACI),mean_width,30,-0.0660703637978178,0.0056654271818342,-11.662026829974462,1.807887173299605e-12,3.0,9.313225746154784e-09,2.514570951461792e-07,***,9.468446175257363e-08
multiseed_ablation,Synthetic-CP,CP (no ACI),winkler,30,0.0003127085492031,0.0047102355349223,0.066389153341625,0.9475235917504314,222.0,0.8393927440047264,0.8552717231214046,,0.8752642287912532
multiseed_ablation,Synthetic-CP,CP (no ACI),recovery_step,30,0.0,0.0,,,,,,,
multiseed_ablation,Synthetic-CP,CP (no ACI),postcov10,30,0.0,0.0,,,,,,,
multiseed_ablation,Synthetic-CP,CP (no ACI),postcov25,30,-0.0133333333333333,0.0039923298107756,-3.3397374378603706,0.0023162288558395,0.0,0.0064589542668929,0.0145326471005092,**,0.015450831775704586
multiseed_ablation,Synthetic-CP,CP (no ACI),postcov50,30,-0.0093333333333333,0.0036807462178621,-2.5357176998620488,0.0168691599987635,30.5,0.0144348002095385,0.0259826403771694,*,0.029848230941757578
multiseed_ablation,Synthetic-CP,ACI,coverage,30,0.0002333333333333,0.0003345380528613,0.6974791995637151,0.491057439586311,129.5,0.5510139427872447,0.6198906856356503,,0.6341858586796589
multiseed_ablation,Synthetic-CP,ACI,cov_gap,30,0.0002333333333333,0.0003345380528613,0.6974791995637135,0.4910574395863119,131.5,0.5927097698413195,0.6401265514286252,,0.6514467740598285
multiseed_ablation,Synthetic-CP,ACI,mean_width,30,0.0067425974747896,0.0035923960123777,1.8769081837185169,0.0706250049077128,156.0,0.1190765686333179,0.1786148529499769,,0.19900467634609292
multiseed_ablation,Synthetic-CP,ACI,winkler,30,0.0032576836049817,0.0039316569179151,0.8285777912456173,0.4141110442759517,196.0,0.4645450450479984,0.5701234643770889,,0.5732876348602152
multiseed_ablation,Synthetic-CP,ACI,recovery_step,30,0.0,0.0,,,,,,,
multiseed_ablation,Synthetic-CP,ACI,postcov10,30,0.0,0.0,,,,,,,
multiseed_ablation,Synthetic-CP,ACI,postcov25,30,-0.012,0.0043523015446579,-2.7571619008634256,0.0099812998128621,2.5,0.0093393352404547,0.0193970808840215,**,0.020716343624281333
multiseed_ablation,Synthetic-CP,ACI,postcov50,30,-0.0053333333333333,0.0031707475217593,-1.6820428926406503,0.1032997091124738,35.5,0.1496228543792228,0.2126219509599482,,0.2433865097902024
multiseed_ablation,Quality-Control,CP (no ACI),coverage,30,-0.0076677316293929,0.0011318981636259,-6.774223932681138,1.9520863037136849e-07,11.0,1.1534336058920028e-05,7.785676839771019e-05,***,8.277582348166138e-05
multiseed_ablation,Quality-Control,CP (no ACI),cov_gap,30,0.0063471778487753,0.0009774638342705,6.493516819998038,4.1525213401172323e-07,23.0,4.073920544228916e-05,0.0002199917093883,***,0.00024850915319796387
multiseed_ablation,Quality-Control,CP (no ACI),mean_width,30,-0.0529304228381014,0.011306003149537,-4.681621094389012,6.141158297379157e-05,55.0,9.90256667137146e-05,0.0004456155002117,***,0.0005252665799597036
multiseed_ablation,Quality-Control,CP (no ACI),winkler,30,0.0498850368468287,0.0120436963966058,4.142003850320174,0.0002717138931211,66.0,0.0003127548843622,0.0012063402682542,***,0.0012308418029738195
multiseed_ablation,Quality-Control,CP (no ACI),recovery_step,30,-0.1,0.1299867367239363,-0.769309258162072,0.4479307107562471,10.5,0.5270892568655381,0.6187569537117187,,0.6243193139572394
multiseed_ablation,Quality-Control,CP (no ACI),postcov10,30,0.0099999999999999,0.0087756193087937,1.1395207162165004,0.2638111224365682,9.5,0.4290171745417984,0.5515935101251694,,0.5546652542917352
multiseed_ablation,Quality-Control,CP (no ACI),postcov25,30,-0.0093333333333333,0.0049580616655026,-1.8824560812288864,0.0698426679929873,14.0,0.0358277094969533,0.0569028327304553,*,0.06724585474812772
multiseed_ablation,Quality-Control,CP (no ACI),postcov50,30,-0.016,0.0048328378660038,-3.310684207419948,0.0024970587306905,18.0,0.0028398241891923,0.0076675253108194,**,0.007577813189962636
multiseed_ablation,Quality-Control,ACI,coverage,30,-0.0030883919062832,0.0011410175027252,-2.7066998524621857,0.0112679971230338,29.0,0.0136236196089797,0.0259826403771694,*,0.029159326180623217
multiseed_ablation,Quality-Control,ACI,cov_gap,30,-0.0030883919062832,0.0011410175027252,-2.706699852462167,0.0112679971230345,31.0,0.0174464974312239,0.0294409644151904,*,0.03547454477682192
multiseed_ablation,Quality-Control,ACI,mean_width,30,0.0047042470395288,0.0083685477629619,0.5621342164466383,0.5783440705847989,223.0,0.8552717231214046,0.8552717231214046,,0.8802019145758317
multiseed_ablation,Quality-Control,ACI,winkler,30,0.0354451078133118,0.0114305127996453,3.100920180449964,0.0042682498043065,98.0,0.0046648047864437,0.0114499753849072,**,0.011614411917267989
multiseed_ablation,Quality-Control,ACI,recovery_step,30,0.0666666666666666,0.0666666666666666,1.0000000000000002,0.3255819880161936,0.0,0.3173105078629141,0.4283691856149341,,0.43665295671269183
multiseed_ablation,Quality-Control,ACI,postcov10,30,0.0,0.0,,,,,,,
multiseed_ablation,Quality-Control,ACI,postcov25,30,-0.012,0.003403851773587,-3.525417908358019,0.0014258274179024,0.0,0.0026997960632601,0.0076675253108194,**,0.007485798175403005
multiseed_ablation,Quality-Control,ACI,postcov50,30,-0.0146666666666666,0.0034485823618573,-4.252955309661669,0.0002005159283515,8.0,0.0009569620522328,0.0032297469262859,***,0.0029935735992923486
shift_grid_pooled,ALL_10_CONDITIONS,CP (no ACI),cov_gap,210,0.0082222222222222,0.0004506665546179,18.24458047301164,0.0,286.5,3.353849731288944e-31,7.378469408835677e-30,***,4.0916966721725114e-29
shift_grid_pooled,ALL_10_CONDITIONS,CP (no ACI),mean_width,210,-0.0517527237785985,0.0039079989508786,-13.24276808389708,0.0,2770.0,4.388464198158551e-21,2.413655308987203e-20,***,1.3384815804383583e-19
shift_grid_pooled,ALL_10_CONDITIONS,CP (no ACI),postcov10,210,-0.008095238095238,0.0026842582855583,-3.0158193564276736,0.0028805432027152,57.0,0.0009824757319101,0.0013509041313764,***,0.002996550982325805
shift_grid_pooled,ALL_10_CONDITIONS,CP (no ACI),postcov25,210,-0.0118095238095238,0.0019064016637477,-6.194667175388251,3.0566233988338354e-09,233.5,2.957695331330311e-09,5.915390662660621e-09,***,3.2803530038390726e-08
shift_grid_pooled,ALL_10_CONDITIONS,CP (no ACI),postcov50,210,-0.0115238095238095,0.0014007157379518,-8.227086489839843,2.042810365310288e-14,435.0,1.0639369990653053e-13,2.925826747429589e-13,***,1.6225039235745905e-12
shift_grid_pooled,ALL_10_CONDITIONS,CP (no ACI),postcov100,210,-0.0103809523809523,0.0009495057990678,-10.933005771153102,0.0,509.0,7.675881190930997e-21,3.3773877240096385e-20,***,1.872915010587163e-19
shift_grid_pooled,ALL_10_CONDITIONS,CP (no ACI),width_overshoot_ratio,210,0.054647420356528,0.0144281948049158,3.7875438400588552,0.0001988816691351,6829.0,0.0081800226752126,0.0094716052028777,**,0.019191591661075716
shift_grid_pooled,ALL_10_CONDITIONS,CP (no ACI),neff_t+1,210,-0.3498470359198961,0.2701961968897787,-1.2947888976491009,0.1968216467150141,2762.0,4.024255948103199e-21,2.413655308987203e-20,***,1.3384815804383583e-19
shift_grid_pooled,ALL_10_CONDITIONS,CP (no ACI),neff_t+5,210,-0.9376006770239328,0.4189992887878717,-2.237714244662156,0.0262949147316005,4014.0,1.12969002223356e-15,3.5504543555911885e-15,***,1.9688883244642047e-14
shift_grid_pooled,ALL_10_CONDITIONS,CP (no ACI),neff_t+10,210,-0.0804734869602969,0.2180993882531822,-0.3689762158657628,0.7125189702955439,5477.0,2.119127724652809e-10,4.66208099423618e-10,***,2.5853358240764268e-09
shift_grid_pooled,ALL_10_CONDITIONS,CP (no ACI),neff_t+25,210,-0.9555469876659914,0.3336426548399381,-2.863983288121257,0.0046101064462418,7389.0,2.867666633144808e-05,4.506333280656127e-05,***,0.0001841343838124561
shift_grid_pooled,ALL_10_CONDITIONS,ACI,cov_gap,210,-0.0004444444444444,0.0002811633884108,-1.5807337041869025,0.1154511129206738,2749.5,0.3588883201497829,0.3759782401569154,,0.47591712019862514
shift_grid_pooled,ALL_10_CONDITIONS,ACI,mean_width,210,0.016180384943513,0.0032115756927792,5.038145287963171,1.0150977094447455e-06,6722.0,1.1993446092925163e-06,2.198798450369613e-06,***,1.1255387871822075e-05
shift_grid_pooled,ALL_10_CONDITIONS,ACI,postcov10,210,-0.0014285714285714,0.0015800319594051,-0.9041408435240011,0.3669617036435983,11.0,0.3185419110445047,0.3503961021489551,,0.43665295671269183
shift_grid_pooled,ALL_10_CONDITIONS,ACI,postcov25,210,-0.004,0.0014402349116003,-2.777324704311871,0.005979218606656,152.0,0.0035048970025561,0.0045357490621314,**,0.009097817751315834
shift_grid_pooled,ALL_10_CONDITIONS,ACI,postcov50,210,-0.0035238095238095,0.0011632754895071,-3.029213247931944,0.0027610279345964,298.5,0.0041014828401251,0.005012923471264,**,0.010424602218651295
shift_grid_pooled,ALL_10_CONDITIONS,ACI,postcov100,210,-0.0024761904761904,0.0006735639044571,-3.676251740636358,0.0003009127913964,603.0,0.0003502592416837,0.0005137135544694,***,0.0012721117174055714
shift_grid_pooled,ALL_10_CONDITIONS,ACI,width_overshoot_ratio,210,0.0065474142730223,0.0066517756616146,0.9843107474001844,0.3261008480816041,861.0,0.5438643343392966,0.5438643343392966,,0.6319185598989923
shift_grid_pooled,ALL_10_CONDITIONS,ACI,neff_t+1,210,-0.3498470359198961,0.2701961968897787,-1.2947888976491009,0.1968216467150141,2762.0,4.024255948103199e-21,2.413655308987203e-20,***,1.3384815804383583e-19
shift_grid_pooled,ALL_10_CONDITIONS,ACI,neff_t+5,210,-0.9376006770239328,0.4189992887878717,-2.237714244662156,0.0262949147316005,4014.0,1.12969002223356e-15,3.5504543555911885e-15,***,1.9688883244642047e-14
shift_grid_pooled,ALL_10_CONDITIONS,ACI,neff_t+10,210,-0.0804734869602969,0.2180993882531822,-0.3689762158657628,0.7125189702955439,5477.0,2.119127724652809e-10,4.66208099423618e-10,***,2.5853358240764268e-09
shift_grid_pooled,ALL_10_CONDITIONS,ACI,neff_t+25,210,-0.9555469876659914,0.3336426548399381,-2.863983288121257,0.0046101064462418,7389.0,2.867666633144808e-05,4.506333280656127e-05,***,0.0001841343838124561
shift_grid_by_condition,shift1.0_ramp0,CP (no ACI),cov_gap,21,0.007936507936507934,0.0011835778972893501,6.705522259822744,1.5887733237907042e-06,0.0,0.0001293677724676072,0.0015896161397298176,***,0.0006130658663236178
shift_grid_by_condition,shift1.0_ramp0,CP (no ACI),mean_width,21,-0.04931134023457438,0.011258859340254208,-4.379781178921896,0.0002895641591493803,32.0,0.0024824142456054688,0.009537696838378906,**,0.007043128789857377
shift_grid_by_condition,shift1.0_ramp0,CP (no ACI),postcov10,21,-0.014285714285714287,0.007824607964359517,-1.8257418583505538,0.0828588971052786,0.0,0.10247043485974941,0.22667702256853656,,0.18117960946216563
shift_grid_by_condition,shift1.0_ramp0,CP (no ACI),width_overshoot_ratio,21,-0.007269871013860139,0.04907526703560519,-0.14813716670325375,0.8837178772492367,76.0,0.1789875030517578,0.29815936650379504,,0.26737712652729234
shift_grid_by_condition,shift1.0_ramp0,ACI,cov_gap,21,0.00015873015873016198,0.0005853679020503374,0.2711630722733279,0.7890446280521677,10.0,0.4911188504806727,0.6181323462946399,,0.5932326708776443
shift_grid_by_condition,shift1.0_ramp0,ACI,mean_width,21,0.022249394427622166,0.009406621633791754,2.3652906743580338,0.028233290607359907,46.0,0.014165878295898438,0.04136436462402344,*,0.029797192277579473
shift_grid_by_condition,shift1.0_ramp0,ACI,postcov10,21,0.0,0.0,,,,,,,
shift_grid_by_condition,shift1.0_ramp0,ACI,width_overshoot_ratio,21,-0.030549511172531532,0.023510497756090966,-1.2993987404888925,0.20858671805911344,5.0,0.24886387493792206,0.4037125082326291,,0.36579991255935534
shift_grid_by_condition,shift1.0_ramp10,CP (no ACI),cov_gap,21,0.007460317460317449,0.0011246342592964005,6.6335498840172376,1.8492648590218153e-06,2.5,0.00012678949295800776,0.0015896161397298176,***,0.0006130658663236178
shift_grid_by_condition,shift1.0_ramp10,CP (no ACI),mean_width,21,-0.054091791878906476,0.01016925925821503,-5.319147688678457,3.3148943192173874e-05,19.0,0.00029277801513671875,0.002137279510498047,***,0.001190630594889323
shift_grid_by_condition,shift1.0_ramp10,CP (no ACI),postcov10,21,-0.004761904761904766,0.004761904761904767,-0.9999999999999998,0.3292565771717091,0.0,0.31731050786291415,0.4727278994692395,,0.43665295671269183
shift_grid_by_condition,shift1.0_ramp10,CP (no ACI),width_overshoot_ratio,21,0.047835383604446405,0.041404250647083654,1.1553254281107423,0.2615739161974604,80.0,0.3506564539028397,0.5019200222530843,,0.4701108502873236
shift_grid_by_condition,shift1.0_ramp10,ACI,cov_gap,21,4.791141028888324e-18,0.0005143444998736422,9.315042797318437e-15,0.9999999999999927,13.0,0.8607562233837367,0.8901603292177656,,0.8802019145758317
shift_grid_by_condition,shift1.0_ramp10,ACI,mean_width,21,0.022520872850364356,0.009044045321784135,2.4901326838907996,0.021685359034974594,50.0,0.02157115936279297,0.06056517821091872,*,0.04314231872558594
shift_grid_by_condition,shift1.0_ramp10,ACI,postcov10,21,0.0,0.0,,,,,,,
shift_grid_by_condition,shift1.0_ramp10,ACI,width_overshoot_ratio,21,0.027808615598957028,0.02491509841750626,1.116135089372863,0.27759526075242436,4.0,0.34523107177184,0.5019200222530843,,0.46797989729071643
shift_grid_by_condition,shift1.0_ramp40,CP (no ACI),cov_gap,21,0.007777777777777777,0.0014054567378526148,5.5339859052946565,2.0401946168036034e-05,5.0,0.000288438920449083,0.002137279510498047,***,0.001190630594889323
shift_grid_by_condition,shift1.0_ramp40,CP (no ACI),mean_width,21,-0.05671246846971209,0.009505371144789056,-5.966360240525954,7.799291345866877e-06,15.0,0.00013065338134765625,0.0015896161397298176,***,0.0006130658663236178
shift_grid_by_condition,shift1.0_ramp40,CP (no ACI),postcov10,21,-0.014285714285714287,0.010432810619146027,-1.3693063937629146,0.1860849506941784,0.0,0.17971249487899976,0.29815936650379504,,0.26737712652729234
shift_grid_by_condition,shift1.0_ramp40,CP (no ACI),width_overshoot_ratio,21,-0.024014411279252936,0.014774527516813265,-1.625392842642499,0.11973383529309145,63.0,0.11688763780953301,0.24043651579002046,,0.19900467634609292
shift_grid_by_condition,shift1.0_ramp40,ACI,cov_gap,21,0.0001587301587301713,0.0005853679020503428,0.27116307227334135,0.7890446280521575,25.5,0.8346056981880929,0.8829886372134896,,0.8752642287912532
shift_grid_by_condition,shift1.0_ramp40,ACI,mean_width,21,0.02164943696111942,0.00828625498100668,2.612692586788981,0.01666279801778625,39.0,0.0062808990478515625,0.021833601452055432,**,0.015325393676757813
shift_grid_by_condition,shift1.0_ramp40,ACI,postcov10,21,0.0,0.0,,,,,,,
shift_grid_by_condition,shift1.0_ramp40,ACI,width_overshoot_ratio,21,-0.005222190716257228,0.012624616882507081,-0.41365142125565796,0.6835313387212159,10.0,0.916511907863894,0.9165119078638941,,0.916511907863894
shift_grid_by_condition,shift2.0_ramp0,CP (no ACI),cov_gap,21,0.007936507936507929,0.0010905120023693793,7.277781371744744,4.869271574836631e-07,0.0,5.843002335038099e-05,0.0015896161397298176,***,0.0003394506118450705
shift_grid_by_condition,shift2.0_ramp0,CP (no ACI),mean_width,21,-0.035451372225316954,0.016099676965042005,-2.2019927668296826,0.039567566310826585,58.0,0.04599285125732422,0.10830574650918284,*,0.0837481769163217
shift_grid_by_condition,shift2.0_ramp0,CP (no ACI),postcov10,21,-0.0142857142857143,0.01250850051101305,-1.142080481440322,0.2669099370439467,5.0,0.11857143244439365,0.24043651579002046,,0.19900467634609292
shift_grid_by_condition,shift2.0_ramp0,CP (no ACI),width_overshoot_ratio,21,0.13951928455956641,0.06092851362619002,2.289884920146719,0.033032175844041056,29.0,0.024540498971091243,0.06628135154987204,*,0.04828936894311502
shift_grid_by_condition,shift2.0_ramp0,ACI,cov_gap,21,-0.00015873015873014754,0.0013108458934642964,-0.12108986992411162,0.90482816480175,50.5,0.5877611291579878,0.6704150379458299,,0.6514467740598285
shift_grid_by_condition,shift2.0_ramp0,ACI,mean_width,21,0.021740221295161073,0.00979478806543558,2.2195703623112824,0.038172832980577276,63.0,0.07013702392578125,0.16000008583068848,,0.12583407233743107
shift_grid_by_condition,shift2.0_ramp0,ACI,postcov10,21,-0.0142857142857143,0.014285714285714292,-1.0000000000000004,0.32925657717170886,4.0,0.16700719585656587,0.29735427554949534,,0.2579098467658359
shift_grid_by_condition,shift2.0_ramp0,ACI,width_overshoot_ratio,21,-0.011912041882182312,0.026169771862114072,-0.4551832528363517,0.6538801366857221,17.0,0.8886378608950078,0.9009800534074385,,0.8959819754478592
shift_grid_by_condition,shift2.0_ramp10,CP (no ACI),cov_gap,21,0.007777777777777759,0.0016156203999999313,4.814112137837632,0.00010550635383976825,6.0,0.0008359358009655744,0.0038855671882629395,***,0.0027341842651367188
shift_grid_by_condition,shift2.0_ramp10,CP (no ACI),mean_width,21,-0.04046909767647725,0.01423092660125923,-2.8437429838824637,0.010035525165769332,52.0,0.026330947875976562,0.06628135154987204,*,0.05019336938858032
shift_grid_by_condition,shift2.0_ramp10,CP (no ACI),postcov10,21,-0.009523809523809521,0.006563832739090581,-1.4509525002200232,0.1622978330758007,0.0,0.15729920705028505,0.28707105286677026,,0.24603209307865098
shift_grid_by_condition,shift2.0_ramp10,CP (no ACI),width_overshoot_ratio,21,0.09050924608460116,0.05781223706160237,1.565572458096686,0.1331346841571177,52.0,0.14458247203258678,0.28525730968591445,,0.2383656971348052
shift_grid_by_condition,shift2.0_ramp10,ACI,cov_gap,21,0.00015873015873016654,0.0008124751677504626,0.19536616629114958,0.8470774416083704,29.5,0.7513383680070717,0.8205988451927129,,0.8060051622933471
shift_grid_by_condition,shift2.0_ramp10,ACI,mean_width,21,0.025951402788189547,0.010853078031208697,2.3911560124754176,0.026741826897980214,42.0,0.009016036987304688,0.028616117394488792,**,0.02036956504539207
shift_grid_by_condition,shift2.0_ramp10,ACI,postcov10,21,0.004761904761904766,0.004761904761904767,0.9999999999999998,0.3292565771717091,0.0,0.31731050786291415,0.4727278994692395,,0.43665295671269183
shift_grid_by_condition,shift2.0_ramp10,ACI,width_overshoot_ratio,21,0.025448113701258473,0.02771381733856116,0.9182464252533636,0.36943168723333675,7.0,0.463071015014588,0.6064329240536849,,0.5732876348602152
shift_grid_by_condition,shift2.0_ramp40,CP (no ACI),cov_gap,21,0.008412698412698425,0.0013728094165358455,6.128089093333197,5.4739746608856166e-06,0.0,8.757494073814438e-05,0.0015896161397298176,***,0.0004856428531842552
shift_grid_by_condition,shift2.0_ramp40,CP (no ACI),mean_width,21,-0.051252615054844644,0.01098226771093594,-4.666851728974721,0.00014840888599976232,25.0,0.0008516311645507812,0.0038855671882629395,***,0.0027341842651367188
shift_grid_by_condition,shift2.0_ramp40,CP (no ACI),postcov10,21,-0.009523809523809521,0.00656383273909058,-1.4509525002200234,0.1622978330758007,0.0,0.15729920705028505,0.28707105286677026,,0.24603209307865098
shift_grid_by_condition,shift2.0_ramp40,CP (no ACI),width_overshoot_ratio,21,0.030409551918594513,0.05435364877357997,0.5594758144990605,0.5820490551108235,79.0,0.5196565532398361,0.6429648879069159,,0.6215499950515686
shift_grid_by_condition,shift2.0_ramp40,ACI,cov_gap,21,0.00015873015873017147,0.0005853679020503453,0.27116307227334047,0.7890446280521581,22.0,0.5650394938312866,0.6654988178945773,,0.6384871966710531
shift_grid_by_condition,shift2.0_ramp40,ACI,mean_width,21,0.023889084642866182,0.008602645894301462,2.7769461786972673,0.011634699915647806,31.0,0.0021514892578125,0.008725484212239584,**,0.006249564034598214
shift_grid_by_condition,shift2.0_ramp40,ACI,postcov10,21,0.0,0.0,,,,,,,
shift_grid_by_condition,shift2.0_ramp40,ACI,width_overshoot_ratio,21,0.01331626950110539,0.02183252340274737,0.6099280992608345,0.5487773815794581,13.0,0.8657723749926214,0.8901603292177656,,0.8802019145758317
shift_grid_by_condition,shift4.0_ramp0,CP (no ACI),cov_gap,21,0.009841269841269843,0.0019034386938312667,5.170258371422094,4.652807477967258e-05,3.0,0.00021178210209595166,0.002137279510498047,***,0.0009569413502113371
shift_grid_by_condition,shift4.0_ramp0,CP (no ACI),mean_width,21,-0.06998914169636107,0.011338749022683108,-6.172562912923477,4.968985267250758e-06,4.0,6.67572021484375e-06,0.00048732757568359375,***,5.0902366638183594e-05
shift_grid_by_condition,shift4.0_ramp0,CP (no ACI),postcov10,21,0.009523809523809521,0.006563832739090581,1.4509525002200232,0.1622978330758007,0.0,0.15729920705028505,0.28707105286677026,,0.24603209307865098
shift_grid_by_condition,shift4.0_ramp0,CP (no ACI),width_overshoot_ratio,21,0.06538788177146501,0.026672438420996668,2.4515149586020364,0.023541524487187937,14.0,0.008984997655215593,0.028616117394488792,**,0.02036956504539207
shift_grid_by_condition,shift4.0_ramp0,ACI,cov_gap,21,-0.0020634920634920763,0.0013700536906057167,-1.5061395605450925,0.14766319170925524,27.0,0.10635805406761192,0.22835699843928442,,0.18536689423212363
shift_grid_by_condition,shift4.0_ramp0,ACI,mean_width,21,-0.00908005481661753,0.010910084898234895,-0.8322625260309899,0.41508841932348384,91.0,0.41198158264160156,0.5783587602468637,,0.5404489578739289
shift_grid_by_condition,shift4.0_ramp0,ACI,postcov10,21,0.0,0.0,,,,,,,
shift_grid_by_condition,shift4.0_ramp0,ACI,width_overshoot_ratio,21,0.01054753617890777,0.013236385930409699,0.7968592208146124,0.43489107818990025,4.0,0.7150006546880893,0.8030007352650849,,0.7788399988566687
shift_grid_by_condition,shift4.0_ramp10,CP (no ACI),cov_gap,21,0.010158730158730143,0.0018326288758567105,5.5432555344743095,1.998127176117137e-05,6.0,0.00033872067107161986,0.002156681203962178,***,0.0012721117174055714
shift_grid_by_condition,shift4.0_ramp10,CP (no ACI),mean_width,21,-0.060146244955087275,0.014666846027075976,-4.10083018830724,0.0005557440149945858,28.0,0.0013742446899414062,0.005901168374454274,**,0.004089215906654916
shift_grid_by_condition,shift4.0_ramp10,CP (no ACI),postcov10,21,-0.009523809523809521,0.01363602006026319,-0.6984302957695782,0.49295006074880243,5.0,0.4795001221869535,0.6140966477131158,,0.5849901490680832
shift_grid_by_condition,shift4.0_ramp10,CP (no ACI),width_overshoot_ratio,21,0.12764972373008576,0.041031122224462514,3.1110463669936315,0.005505182356817517,0.0,0.0006549583433856956,0.00341513993336827,***,0.002219581052584857
shift_grid_by_condition,shift4.0_ramp10,ACI,cov_gap,21,-0.003174603174603166,0.0010151286955758418,-3.127291336003797,0.005305819862440275,18.5,0.010147027262506445,0.03086387459012377,*,0.022106023679031896
shift_grid_by_condition,shift4.0_ramp10,ACI,mean_width,21,-0.008738826821676213,0.013865122707931709,-0.6302740340463819,0.5356509845174293,92.0,0.4319114685058594,0.5948969283193912,,0.5546652542917352
shift_grid_by_condition,shift4.0_ramp10,ACI,postcov10,21,-0.004761904761904761,0.004761904761904762,-0.9999999999999997,0.3292565771717091,0.0,0.31731050786291415,0.4727278994692395,,0.43665295671269183
shift_grid_by_condition,shift4.0_ramp10,ACI,width_overshoot_ratio,21,0.0054191385571077545,0.009777813449698702,0.5542280577335766,0.5855673227974156,3.0,0.4652088184521418,0.6064329240536849,,0.5732876348602152
shift_grid_by_condition,shift4.0_ramp40,CP (no ACI),cov_gap,21,0.007619047619047604,0.0012836550234384568,5.935432401953974,8.348619437104077e-06,0.0,0.00028905006410405876,0.002137279510498047,***,0.001190630594889323
shift_grid_by_condition,shift4.0_ramp40,CP (no ACI),mean_width,21,-0.04769643176033827,0.014103089932437297,-3.381984514658439,0.002961837195615491,33.0,0.002857208251953125,0.010428810119628906,**,0.007577813189962636
shift_grid_by_condition,shift4.0_ramp40,CP (no ACI),postcov10,21,-0.004761904761904766,0.004761904761904767,-0.9999999999999998,0.3292565771717091,0.0,0.31731050786291415,0.4727278994692395,,0.43665295671269183
shift_grid_by_condition,shift4.0_ramp40,CP (no ACI),width_overshoot_ratio,21,0.08221716612148622,0.05766905031259424,1.4256722743972594,0.16938475402971664,99.0,0.5854024887084961,0.6704150379458299,,0.6514467740598285
shift_grid_by_condition,shift4.0_ramp40,ACI,cov_gap,21,0.0004761904761904954,0.0008694008849288385,0.5477225575051861,0.5899435276257354,29.5,0.44978145767933475,0.6064329240536849,,0.5715972691341545
shift_grid_by_condition,shift4.0_ramp40,ACI,mean_width,21,0.02098504983369369,0.009574324391518688,2.1918047661183353,0.040397102411731556,52.0,0.026330947875976562,0.06628135154987204,*,0.05019336938858032
shift_grid_by_condition,shift4.0_ramp40,ACI,postcov10,21,0.0,0.0,,,,,,,
shift_grid_by_condition,shift4.0_ramp40,ACI,width_overshoot_ratio,21,0.03079116072258835,0.02931719894814863,1.050276350651596,0.306117007086977,20.0,0.7670968684102772,0.8235010499110329,,0.8137897212700332
shift_grid_by_condition,no_changepoint_control,CP (no ACI),cov_gap,21,0.0073015873015872855,0.0013534015077645832,5.394989779232134,2.791392667500503e-05,9.5,0.0003545229376376183,0.002156681203962178,***,0.0012721117174055714
shift_grid_by_condition,no_changepoint_control,CP (no ACI),mean_width,21,-0.05240673383436721,0.010395780884084129,-5.041154139233694,6.253113762233475e-05,22.0,0.0005102157592773438,0.0028650577251727763,***,0.0017784663609095982
shift_grid_by_condition,no_changepoint_control,CP (no ACI),postcov10,21,-0.009523809523809526,0.0065638327390905825,-1.4509525002200236,0.1622978330758007,0.0,0.17971249487899976,0.29815936650379504,,0.26737712652729234
shift_grid_by_condition,no_changepoint_control,CP (no ACI),width_overshoot_ratio,21,-0.005769751931852072,0.015282241114662209,-0.37754619159335284,0.7097445412498515,97.0,0.539189338684082,0.6560136953989665,,0.6319185598989923
shift_grid_by_condition,no_changepoint_control,ACI,cov_gap,21,-0.00015873015873016662,0.0005382801573908918,-0.2948839123098103,0.7711217886459836,14.0,0.5652181741022437,0.6654988178945773,,0.6384871966710531
shift_grid_by_condition,no_changepoint_control,ACI,mean_width,21,0.02063726827440811,0.008275541669221856,2.4937664625823364,0.021517935392096454,50.0,0.040043798072242315,0.09743990864245629,*,0.0740203540123267
shift_grid_by_condition,no_changepoint_control,ACI,postcov10,21,0.0,0.0,,,,,,,
shift_grid_by_condition,no_changepoint_control,ACI,width_overshoot_ratio,21,-0.0001729477587306154,0.007932098425808061,-0.02180353160620253,0.9828207440497447,9.0,0.7531523647659145,0.8205988451927129,,0.8060051622933471
