coverage,cov_gap,mean_width,winkler,recovery_step,postcov10,postcov25,postcov50,sweep,dataset,eta,method,seed
0.934,0.03400000000000003,3.855028491535394,4.56528754239949,0.0,0.9,0.96,0.94,eta_full,Synthetic-CP,0.005,Full CA-AOCP,0
0.934,0.03400000000000003,3.8384261134226083,4.565044666227472,0.0,0.9,0.96,0.94,eta_full,Synthetic-CP,0.01,Full CA-AOCP,0
0.932,0.03200000000000003,3.806338051501579,4.563997388846099,0.0,0.9,0.96,0.94,eta_full,Synthetic-CP,0.02,Full CA-AOCP,0
0.93,0.030000000000000027,3.732589860221409,4.527835251164172,0.0,0.9,0.96,0.92,eta_full,Synthetic-CP,0.05,Full CA-AOCP,0
0.928,0.028000000000000025,3.6630244224311572,4.4831025709072,0.0,0.9,0.96,0.92,eta_full,Synthetic-CP,0.1,Full CA-AOCP,0
0.927,0.027000000000000024,3.5890532516300326,4.424437326419189,0.0,0.9,0.96,0.92,eta_full,Synthetic-CP,0.2,Full CA-AOCP,0
0.9233226837060703,0.02332268370607027,4.545547808018439,5.444853902193805,0.0,0.9,0.96,0.98,eta_full,Quality-Control,0.005,Full CA-AOCP,0
0.9233226837060703,0.02332268370607027,4.537333543316473,5.444420326434462,0.0,0.9,0.96,0.98,eta_full,Quality-Control,0.01,Full CA-AOCP,0
0.9201277955271565,0.02012779552715649,4.489040496187392,5.4320187615820785,0.0,0.9,0.96,0.98,eta_full,Quality-Control,0.02,Full CA-AOCP,0
0.9169329073482428,0.01693290734824282,4.397936649782889,5.367426911964029,0.0,0.9,0.96,0.96,eta_full,Quality-Control,0.05,Full CA-AOCP,0
0.9041533546325878,0.0041533546325878135,4.29852735624016,5.333762687209244,0.0,0.9,0.96,0.96,eta_full,Quality-Control,0.1,Full CA-AOCP,0
0.8977635782747604,0.0022364217252396346,4.203090084793516,5.3271867894992875,0.0,0.9,0.96,0.96,eta_full,Quality-Control,0.2,Full CA-AOCP,0
0.925,0.025000000000000022,3.8767563456723324,4.587221527312177,1.0,0.8,0.92,0.96,eta_full,Synthetic-CP,0.005,Full CA-AOCP,1
0.925,0.025000000000000022,3.8703817867695034,4.580319599515663,1.0,0.8,0.92,0.96,eta_full,Synthetic-CP,0.01,Full CA-AOCP,1
0.924,0.02400000000000002,3.8325251874236006,4.5484179774715185,1.0,0.8,0.92,0.96,eta_full,Synthetic-CP,0.02,Full CA-AOCP,1
0.921,0.02100000000000002,3.7712386017333794,4.526703121909311,1.0,0.8,0.88,0.92,eta_full,Synthetic-CP,0.05,Full CA-AOCP,1
0.918,0.018000000000000016,3.7051778772454735,4.51413925804222,1.0,0.8,0.88,0.94,eta_full,Synthetic-CP,0.1,Full CA-AOCP,1
0.915,0.015000000000000013,3.632567367523054,4.462437348775189,1.0,0.8,0.88,0.92,eta_full,Synthetic-CP,0.2,Full CA-AOCP,1
0.9201277955271565,0.02012779552715649,4.231883002228606,5.284210475415531,1.0,0.8,0.92,0.92,eta_full,Quality-Control,0.005,Full CA-AOCP,1
0.9201277955271565,0.02012779552715649,4.274850742139104,5.333824182783406,1.0,0.8,0.92,0.92,eta_full,Quality-Control,0.01,Full CA-AOCP,1
0.9201277955271565,0.02012779552715649,4.222503351126639,5.281476791770942,1.0,0.8,0.92,0.92,eta_full,Quality-Control,0.02,Full CA-AOCP,1
0.9169329073482428,0.01693290734824282,4.117043867853459,5.237170295381229,1.0,0.8,0.92,0.9,eta_full,Quality-Control,0.05,Full CA-AOCP,1
0.9169329073482428,0.01693290734824282,3.982473048185013,5.183185328141793,1.0,0.8,0.92,0.9,eta_full,Quality-Control,0.1,Full CA-AOCP,1
0.9137380191693291,0.013738019169329041,3.8757864569876572,5.110684023986528,1.0,0.8,0.88,0.88,eta_full,Quality-Control,0.2,Full CA-AOCP,1
0.93,0.030000000000000027,4.079178682642388,4.723979970709078,1.0,0.8,0.92,0.94,eta_full,Synthetic-CP,0.005,Full CA-AOCP,2
0.931,0.031000000000000028,4.072473245151009,4.719804524881716,1.0,0.8,0.92,0.92,eta_full,Synthetic-CP,0.01,Full CA-AOCP,2
0.928,0.028000000000000025,4.044430514090619,4.724046876240587,1.0,0.8,0.92,0.9,eta_full,Synthetic-CP,0.02,Full CA-AOCP,2
0.928,0.028000000000000025,3.968266587772418,4.662302663879622,1.0,0.8,0.92,0.9,eta_full,Synthetic-CP,0.05,Full CA-AOCP,2
0.926,0.026000000000000023,3.908941802423893,4.628006288130015,1.0,0.8,0.92,0.9,eta_full,Synthetic-CP,0.1,Full CA-AOCP,2
0.921,0.02100000000000002,3.8308115607972253,4.577739498869459,1.0,0.8,0.92,0.92,eta_full,Synthetic-CP,0.2,Full CA-AOCP,2
0.9137380191693291,0.013738019169329041,4.582155146101256,5.581091880141317,1.0,0.8,0.92,0.92,eta_full,Quality-Control,0.005,Full CA-AOCP,2
0.9169329073482428,0.01693290734824282,4.6472046858940885,5.592745635519684,1.0,0.8,0.92,0.9,eta_full,Quality-Control,0.01,Full CA-AOCP,2
0.9201277955271565,0.02012779552715649,4.620045061516619,5.557982508577614,1.0,0.8,0.92,0.88,eta_full,Quality-Control,0.02,Full CA-AOCP,2
0.9105431309904153,0.010543130990415261,4.49506508071276,5.489665192120753,1.0,0.8,0.92,0.88,eta_full,Quality-Control,0.05,Full CA-AOCP,2
0.9041533546325878,0.0041533546325878135,4.35963693715691,5.460662411322217,1.0,0.8,0.92,0.88,eta_full,Quality-Control,0.1,Full CA-AOCP,2
0.9041533546325878,0.0041533546325878135,4.236635420056707,5.314670057909435,1.0,0.8,0.92,0.9,eta_full,Quality-Control,0.2,Full CA-AOCP,2
0.921,0.02100000000000002,3.9716941909000303,4.823153652974765,1.0,0.8,0.92,0.86,eta_full,Synthetic-CP,0.005,Full CA-AOCP,3
0.92,0.020000000000000018,3.9629713201196854,4.782741480619368,1.0,0.8,0.92,0.86,eta_full,Synthetic-CP,0.01,Full CA-AOCP,3
0.917,0.017000000000000015,3.943516123017539,4.746854108781263,1.0,0.8,0.92,0.86,eta_full,Synthetic-CP,0.02,Full CA-AOCP,3
0.915,0.015000000000000013,3.879003217770591,4.722238343347175,1.0,0.8,0.92,0.86,eta_full,Synthetic-CP,0.05,Full CA-AOCP,3
0.911,0.01100000000000001,3.83920901814918,4.734703873859442,1.0,0.8,0.92,0.86,eta_full,Synthetic-CP,0.1,Full CA-AOCP,3
0.908,0.008000000000000007,3.741912346357499,4.701974919992094,1.0,0.8,0.92,0.86,eta_full,Synthetic-CP,0.2,Full CA-AOCP,3
0.9169329073482428,0.01693290734824282,4.723496507972494,6.065166236829684,1.0,0.8,0.92,0.96,eta_full,Quality-Control,0.005,Full CA-AOCP,3
0.9169329073482428,0.01693290734824282,4.77561328001555,6.098115999060991,1.0,0.8,0.92,0.96,eta_full,Quality-Control,0.01,Full CA-AOCP,3
0.9201277955271565,0.02012779552715649,4.770495290567374,6.048192070372186,1.0,0.8,0.92,0.96,eta_full,Quality-Control,0.02,Full CA-AOCP,3
0.9169329073482428,0.01693290734824282,4.6929311736785415,5.985596342094115,1.0,0.8,0.92,0.96,eta_full,Quality-Control,0.05,Full CA-AOCP,3
0.9105431309904153,0.010543130990415261,4.575833378950897,6.009370212106991,1.0,0.8,0.92,0.96,eta_full,Quality-Control,0.1,Full CA-AOCP,3
0.9105431309904153,0.010543130990415261,4.4218813382969335,6.040260247828503,1.0,0.8,0.92,0.96,eta_full,Quality-Control,0.2,Full CA-AOCP,3
0.921,0.02100000000000002,3.951269812518387,4.663225161579043,2.0,0.7,0.88,0.86,eta_full,Synthetic-CP,0.005,Full CA-AOCP,4
0.924,0.02400000000000002,3.942981301828486,4.640689460308675,2.0,0.7,0.88,0.86,eta_full,Synthetic-CP,0.01,Full CA-AOCP,4
0.922,0.02200000000000002,3.920937227363768,4.629094372008876,2.0,0.7,0.88,0.86,eta_full,Synthetic-CP,0.02,Full CA-AOCP,4
0.921,0.02100000000000002,3.8667528481936086,4.599020997062987,2.0,0.7,0.88,0.86,eta_full,Synthetic-CP,0.05,Full CA-AOCP,4
0.916,0.016000000000000014,3.8069896278800877,4.562960520226845,2.0,0.7,0.88,0.86,eta_full,Synthetic-CP,0.1,Full CA-AOCP,4
0.906,0.006000000000000005,3.7321346873092276,4.5462700686977735,2.0,0.7,0.88,0.86,eta_full,Synthetic-CP,0.2,Full CA-AOCP,4
0.9169329073482428,0.01693290734824282,4.579705674928154,5.457393965567793,1.0,0.8,0.92,0.94,eta_full,Quality-Control,0.005,Full CA-AOCP,4
0.9169329073482428,0.01693290734824282,4.572427571144401,5.426293452377075,1.0,0.8,0.92,0.94,eta_full,Quality-Control,0.01,Full CA-AOCP,4
0.9233226837060703,0.02332268370607027,4.541193787605676,5.385255394300516,1.0,0.8,0.92,0.94,eta_full,Quality-Control,0.02,Full CA-AOCP,4
0.9233226837060703,0.02332268370607027,4.42434580699838,5.291450442491812,1.0,0.8,0.92,0.94,eta_full,Quality-Control,0.05,Full CA-AOCP,4
0.9201277955271565,0.02012779552715649,4.394832638892409,5.349619014573035,1.0,0.8,0.88,0.92,eta_full,Quality-Control,0.1,Full CA-AOCP,4
0.9201277955271565,0.02012779552715649,4.269253270503686,5.305336361459437,1.0,0.8,0.88,0.92,eta_full,Quality-Control,0.2,Full CA-AOCP,4
0.93,0.030000000000000027,3.8601976193808065,4.406865298037118,2.0,0.7,0.88,0.92,eta_full,Synthetic-CP,0.005,Full CA-AOCP,5
0.931,0.031000000000000028,3.854001075374515,4.401407538302925,2.0,0.7,0.88,0.92,eta_full,Synthetic-CP,0.01,Full CA-AOCP,5
0.928,0.028000000000000025,3.8273585738994327,4.402101430071738,2.0,0.7,0.88,0.9,eta_full,Synthetic-CP,0.02,Full CA-AOCP,5
0.925,0.025000000000000022,3.773159298137944,4.383934030070095,2.0,0.7,0.88,0.9,eta_full,Synthetic-CP,0.05,Full CA-AOCP,5
0.922,0.02200000000000002,3.717669334220971,4.355119145189223,2.0,0.7,0.88,0.9,eta_full,Synthetic-CP,0.1,Full CA-AOCP,5
0.921,0.02100000000000002,3.6547816584777113,4.3433220963886106,2.0,0.7,0.88,0.9,eta_full,Synthetic-CP,0.2,Full CA-AOCP,5
0.9233226837060703,0.02332268370607027,4.295888145610009,5.014483801975296,0.0,0.9,0.92,0.92,eta_full,Quality-Control,0.005,Full CA-AOCP,5
0.9265175718849841,0.026517571884984048,4.33460904529335,5.026723688480218,0.0,0.9,0.92,0.92,eta_full,Quality-Control,0.01,Full CA-AOCP,5
0.9297124600638977,0.029712460063897717,4.293310117202295,4.985666263374682,0.0,0.9,0.92,0.92,eta_full,Quality-Control,0.02,Full CA-AOCP,5
0.9233226837060703,0.02332268370607027,4.2006233215716895,4.948993440940965,0.0,0.9,0.92,0.92,eta_full,Quality-Control,0.05,Full CA-AOCP,5
0.9169329073482428,0.01693290734824282,4.120734160598894,4.942749142079041,0.0,0.9,0.88,0.9,eta_full,Quality-Control,0.1,Full CA-AOCP,5
0.9073482428115016,0.007348242811501593,4.020358786045074,5.0051364477973115,2.0,0.8,0.84,0.86,eta_full,Quality-Control,0.2,Full CA-AOCP,5
0.92,0.020000000000000018,3.8257814165985367,4.478484973483305,3.0,0.6,0.8,0.86,eta_full,Synthetic-CP,0.005,Full CA-AOCP,6
0.92,0.020000000000000018,3.8267835924132605,4.4783681525841414,3.0,0.6,0.8,0.86,eta_full,Synthetic-CP,0.01,Full CA-AOCP,6
0.92,0.020000000000000018,3.8052410064521127,4.478613824000036,3.0,0.6,0.8,0.86,eta_full,Synthetic-CP,0.02,Full CA-AOCP,6
0.917,0.017000000000000015,3.7663054055396428,4.449042468081316,3.0,0.6,0.8,0.86,eta_full,Synthetic-CP,0.05,Full CA-AOCP,6
0.916,0.016000000000000014,3.7083791573764384,4.43534158358881,3.0,0.6,0.8,0.84,eta_full,Synthetic-CP,0.1,Full CA-AOCP,6
0.913,0.013000000000000012,3.649721432205401,4.394645955953028,3.0,0.6,0.8,0.84,eta_full,Synthetic-CP,0.2,Full CA-AOCP,6
0.9169329073482428,0.01693290734824282,4.384581907395933,5.240445061833735,1.0,0.8,0.84,0.88,eta_full,Quality-Control,0.005,Full CA-AOCP,6
0.9265175718849841,0.026517571884984048,4.406341270067141,5.221068815739833,1.0,0.8,0.84,0.88,eta_full,Quality-Control,0.01,Full CA-AOCP,6
0.9265175718849841,0.026517571884984048,4.415879463474345,5.229850262783115,1.0,0.8,0.84,0.88,eta_full,Quality-Control,0.02,Full CA-AOCP,6
0.9233226837060703,0.02332268370607027,4.344270137185378,5.196872110284811,1.0,0.8,0.84,0.86,eta_full,Quality-Control,0.05,Full CA-AOCP,6
0.9169329073482428,0.01693290734824282,4.247987033811729,5.154202004889699,1.0,0.8,0.84,0.86,eta_full,Quality-Control,0.1,Full CA-AOCP,6
0.9105431309904153,0.010543130990415261,4.135634562240765,5.073741615122354,1.0,0.8,0.84,0.86,eta_full,Quality-Control,0.2,Full CA-AOCP,6
0.928,0.028000000000000025,3.795727430354202,4.351796488123038,1.0,0.8,0.92,0.92,eta_full,Synthetic-CP,0.005,Full CA-AOCP,7
0.928,0.028000000000000025,3.7884175941927123,4.343209889010395,1.0,0.8,0.92,0.92,eta_full,Synthetic-CP,0.01,Full CA-AOCP,7
0.926,0.026000000000000023,3.7712881756071064,4.320567837779543,1.0,0.8,0.92,0.92,eta_full,Synthetic-CP,0.02,Full CA-AOCP,7
0.925,0.025000000000000022,3.7131395323232357,4.3050379332319135,1.0,0.8,0.88,0.9,eta_full,Synthetic-CP,0.05,Full CA-AOCP,7
0.922,0.02200000000000002,3.6605054485855217,4.261424105002203,1.0,0.8,0.88,0.9,eta_full,Synthetic-CP,0.1,Full CA-AOCP,7
0.919,0.019000000000000017,3.5995285252908196,4.238424153516147,1.0,0.8,0.88,0.9,eta_full,Synthetic-CP,0.2,Full CA-AOCP,7
0.9233226837060703,0.02332268370607027,4.2560512551558665,4.986071062906257,0.0,0.9,0.96,0.96,eta_full,Quality-Control,0.005,Full CA-AOCP,7
0.9233226837060703,0.02332268370607027,4.268970134221201,4.974840271162363,0.0,0.9,0.96,0.96,eta_full,Quality-Control,0.01,Full CA-AOCP,7
0.9265175718849841,0.026517571884984048,4.241365782010888,4.923638544494091,0.0,0.9,0.96,0.96,eta_full,Quality-Control,0.02,Full CA-AOCP,7
0.9265175718849841,0.026517571884984048,4.15583231279264,4.886818012003027,0.0,0.9,0.96,0.96,eta_full,Quality-Control,0.05,Full CA-AOCP,7
0.9233226837060703,0.02332268370607027,4.059269550749669,4.829261209645699,0.0,0.9,0.96,0.96,eta_full,Quality-Control,0.1,Full CA-AOCP,7
0.9201277955271565,0.02012779552715649,4.00131421167179,4.82227531776118,0.0,0.9,0.92,0.94,eta_full,Quality-Control,0.2,Full CA-AOCP,7
0.925,0.025000000000000022,3.9868095414664766,4.690750465137513,1.0,0.8,0.92,0.9,eta_full,Synthetic-CP,0.005,Full CA-AOCP,8
0.924,0.02400000000000002,3.9925282816841077,4.695771677825346,1.0,0.8,0.92,0.9,eta_full,Synthetic-CP,0.01,Full CA-AOCP,8
0.924,0.02400000000000002,3.957855206728558,4.679228463661815,1.0,0.8,0.92,0.9,eta_full,Synthetic-CP,0.02,Full CA-AOCP,8
0.92,0.020000000000000018,3.8932905580244914,4.6454303864283775,1.0,0.8,0.92,0.88,eta_full,Synthetic-CP,0.05,Full CA-AOCP,8
0.915,0.015000000000000013,3.829568802990991,4.620066631774703,1.0,0.8,0.92,0.86,eta_full,Synthetic-CP,0.1,Full CA-AOCP,8
0.913,0.013000000000000012,3.7391213372247396,4.585501611227923,1.0,0.8,0.92,0.86,eta_full,Synthetic-CP,0.2,Full CA-AOCP,8
0.9233226837060703,0.02332268370607027,4.672165008791473,5.467713756332341,2.0,0.7,0.88,0.92,eta_full,Quality-Control,0.005,Full CA-AOCP,8
0.9265175718849841,0.026517571884984048,4.749863977852889,5.452850210971633,2.0,0.8,0.92,0.94,eta_full,Quality-Control,0.01,Full CA-AOCP,8
0.9265175718849841,0.026517571884984048,4.684944339844991,5.403110502153694,2.0,0.8,0.92,0.94,eta_full,Quality-Control,0.02,Full CA-AOCP,8
0.9233226837060703,0.02332268370607027,4.56359441999508,5.362218153862442,2.0,0.8,0.92,0.92,eta_full,Quality-Control,0.05,Full CA-AOCP,8
0.9137380191693291,0.013738019169329041,4.450853782388935,5.371416325696988,2.0,0.7,0.88,0.9,eta_full,Quality-Control,0.1,Full CA-AOCP,8
0.9073482428115016,0.007348242811501593,4.349201852996979,5.312579874809765,2.0,0.7,0.88,0.9,eta_full,Quality-Control,0.2,Full CA-AOCP,8
0.924,0.02400000000000002,3.9843299359473363,4.71039812683914,1.0,0.8,0.88,0.88,eta_full,Synthetic-CP,0.005,Full CA-AOCP,9
0.926,0.026000000000000023,3.9771285508346192,4.699982534325856,1.0,0.8,0.88,0.88,eta_full,Synthetic-CP,0.01,Full CA-AOCP,9
0.925,0.025000000000000022,3.928094619211948,4.657836455330302,1.0,0.8,0.88,0.88,eta_full,Synthetic-CP,0.02,Full CA-AOCP,9
0.921,0.02100000000000002,3.8435315114860766,4.591884417318175,1.0,0.8,0.88,0.88,eta_full,Synthetic-CP,0.05,Full CA-AOCP,9
0.92,0.020000000000000018,3.7877253721304363,4.563845916321332,2.0,0.7,0.84,0.86,eta_full,Synthetic-CP,0.1,Full CA-AOCP,9
0.911,0.01100000000000001,3.7194579481662715,4.559241822629159,2.0,0.7,0.84,0.86,eta_full,Synthetic-CP,0.2,Full CA-AOCP,9
0.9073482428115016,0.007348242811501593,4.323635005979754,5.317381217786074,0.0,0.9,0.92,0.92,eta_full,Quality-Control,0.005,Full CA-AOCP,9
0.9105431309904153,0.010543130990415261,4.428167242135201,5.36946109748714,0.0,0.9,0.92,0.92,eta_full,Quality-Control,0.01,Full CA-AOCP,9
0.9105431309904153,0.010543130990415261,4.399738623702879,5.341032479054818,0.0,0.9,0.92,0.92,eta_full,Quality-Control,0.02,Full CA-AOCP,9
0.9073482428115016,0.007348242811501593,4.301461428510048,5.271043205000257,0.0,0.9,0.92,0.92,eta_full,Quality-Control,0.05,Full CA-AOCP,9
0.9009584664536742,0.000958466453674145,4.213235846786728,5.265738903113412,0.0,0.9,0.88,0.88,eta_full,Quality-Control,0.1,Full CA-AOCP,9
0.8913738019169329,0.008626198083067083,4.107885615509513,5.257567238183458,0.0,0.9,0.88,0.88,eta_full,Quality-Control,0.2,Full CA-AOCP,9
0.932,0.03200000000000003,3.8835005322512783,4.654963724519799,17.0,0.1,0.52,0.76,eta_redundancy,Synthetic-CP,0.005,ACI,0
0.934,0.03400000000000003,3.855028491535394,4.56528754239949,0.0,0.9,0.96,0.94,eta_redundancy,Synthetic-CP,0.005,Full CA-AOCP,0
0.931,0.031000000000000028,3.8666619538359948,4.633643917181347,17.0,0.1,0.52,0.76,eta_redundancy,Synthetic-CP,0.01,ACI,0
0.934,0.03400000000000003,3.8384261134226083,4.565044666227472,0.0,0.9,0.96,0.94,eta_redundancy,Synthetic-CP,0.01,Full CA-AOCP,0
0.93,0.030000000000000027,3.839054321324392,4.617795431969979,17.0,0.1,0.52,0.76,eta_redundancy,Synthetic-CP,0.02,ACI,0
0.932,0.03200000000000003,3.806338051501579,4.563997388846099,0.0,0.9,0.96,0.94,eta_redundancy,Synthetic-CP,0.02,Full CA-AOCP,0
0.93,0.030000000000000027,3.784150432876484,4.5903672447236135,17.0,0.1,0.52,0.76,eta_redundancy,Synthetic-CP,0.05,ACI,0
0.93,0.030000000000000027,3.732589860221409,4.527835251164172,0.0,0.9,0.96,0.92,eta_redundancy,Synthetic-CP,0.05,Full CA-AOCP,0
0.924,0.02400000000000002,3.7337481110827033,4.577726412156824,17.0,0.1,0.52,0.76,eta_redundancy,Synthetic-CP,0.1,ACI,0
0.928,0.028000000000000025,3.6630244224311572,4.4831025709072,0.0,0.9,0.96,0.92,eta_redundancy,Synthetic-CP,0.1,Full CA-AOCP,0
0.922,0.02200000000000002,3.66372769364885,4.545007744558636,17.0,0.1,0.52,0.76,eta_redundancy,Synthetic-CP,0.2,ACI,0
0.927,0.027000000000000024,3.5890532516300326,4.424437326419189,0.0,0.9,0.96,0.92,eta_redundancy,Synthetic-CP,0.2,Full CA-AOCP,0
0.9105431309904153,0.010543130990415261,4.286103986811899,5.215334717539823,3.0,0.6,0.84,0.92,eta_redundancy,Quality-Control,0.005,ACI,0
0.9233226837060703,0.02332268370607027,4.545547808018439,5.444853902193805,0.0,0.9,0.96,0.98,eta_redundancy,Quality-Control,0.005,Full CA-AOCP,0
0.9105431309904153,0.010543130990415261,4.313120349446972,5.220890712077727,3.0,0.6,0.84,0.92,eta_redundancy,Quality-Control,0.01,ACI,0
0.9233226837060703,0.02332268370607027,4.537333543316473,5.444420326434462,0.0,0.9,0.96,0.98,eta_redundancy,Quality-Control,0.01,Full CA-AOCP,0
0.9105431309904153,0.010543130990415261,4.303174284992989,5.22721746159736,3.0,0.6,0.84,0.92,eta_redundancy,Quality-Control,0.02,ACI,0
0.9201277955271565,0.02012779552715649,4.489040496187392,5.4320187615820785,0.0,0.9,0.96,0.98,eta_redundancy,Quality-Control,0.02,Full CA-AOCP,0
0.9073482428115016,0.007348242811501593,4.2413317695471235,5.195484529326723,3.0,0.6,0.8,0.9,eta_redundancy,Quality-Control,0.05,ACI,0
0.9169329073482428,0.01693290734824282,4.397936649782889,5.367426911964029,0.0,0.9,0.96,0.96,eta_redundancy,Quality-Control,0.05,Full CA-AOCP,0
0.9009584664536742,0.000958466453674145,4.172558239035854,5.1883956101149025,4.0,0.5,0.76,0.88,eta_redundancy,Quality-Control,0.1,ACI,0
0.9041533546325878,0.0041533546325878135,4.29852735624016,5.333762687209244,0.0,0.9,0.96,0.96,eta_redundancy,Quality-Control,0.1,Full CA-AOCP,0
0.9009584664536742,0.000958466453674145,4.081216324656583,5.169066175261261,4.0,0.5,0.76,0.88,eta_redundancy,Quality-Control,0.2,ACI,0
0.8977635782747604,0.0022364217252396346,4.203090084793516,5.3271867894992875,0.0,0.9,0.96,0.96,eta_redundancy,Quality-Control,0.2,Full CA-AOCP,0
0.937,0.03700000000000003,3.847508838621473,4.545305856398902,10.0,0.0,0.52,0.76,eta_redundancy,Synthetic-CP,0.005,ACI,1
0.925,0.025000000000000022,3.8767563456723324,4.587221527312177,1.0,0.8,0.92,0.96,eta_redundancy,Synthetic-CP,0.005,Full CA-AOCP,1
0.938,0.03799999999999992,3.859899869810522,4.549259379408589,10.0,0.0,0.52,0.76,eta_redundancy,Synthetic-CP,0.01,ACI,1
0.925,0.025000000000000022,3.8703817867695034,4.580319599515663,1.0,0.8,0.92,0.96,eta_redundancy,Synthetic-CP,0.01,Full CA-AOCP,1
0.939,0.038999999999999924,3.8415508123911013,4.538201267920527,10.0,0.0,0.52,0.76,eta_redundancy,Synthetic-CP,0.02,ACI,1
0.924,0.02400000000000002,3.8325251874236006,4.5484179774715185,1.0,0.8,0.92,0.96,eta_redundancy,Synthetic-CP,0.02,Full CA-AOCP,1
0.936,0.03600000000000003,3.7982084061419665,4.513775603972229,10.0,0.0,0.52,0.76,eta_redundancy,Synthetic-CP,0.05,ACI,1
0.921,0.02100000000000002,3.7712386017333794,4.526703121909311,1.0,0.8,0.88,0.92,eta_redundancy,Synthetic-CP,0.05,Full CA-AOCP,1
0.928,0.028000000000000025,3.741761127866712,4.494688635445117,10.0,0.0,0.52,0.76,eta_redundancy,Synthetic-CP,0.1,ACI,1
0.918,0.018000000000000016,3.7051778772454735,4.51413925804222,1.0,0.8,0.88,0.94,eta_redundancy,Synthetic-CP,0.1,Full CA-AOCP,1
0.923,0.02300000000000002,3.6711048566399542,4.471810040904447,10.0,0.0,0.52,0.76,eta_redundancy,Synthetic-CP,0.2,ACI,1
0.915,0.015000000000000013,3.632567367523054,4.462437348775189,1.0,0.8,0.88,0.92,eta_redundancy,Synthetic-CP,0.2,Full CA-AOCP,1
0.9329073482428115,0.032907348242811496,4.351146775542686,5.35361038437005,3.0,0.6,0.84,0.88,eta_redundancy,Quality-Control,0.005,ACI,1
0.9201277955271565,0.02012779552715649,4.231883002228606,5.284210475415531,1.0,0.8,0.92,0.92,eta_redundancy,Quality-Control,0.005,Full CA-AOCP,1
0.9361022364217252,0.036102236421725165,4.3755772394373675,5.347812095751837,3.0,0.6,0.84,0.88,eta_redundancy,Quality-Control,0.01,ACI,1
0.9201277955271565,0.02012779552715649,4.274850742139104,5.333824182783406,1.0,0.8,0.92,0.92,eta_redundancy,Quality-Control,0.01,Full CA-AOCP,1
0.939297124600639,0.039297124600638944,4.301653002702112,5.290862247226416,3.0,0.6,0.84,0.88,eta_redundancy,Quality-Control,0.02,ACI,1
0.9201277955271565,0.02012779552715649,4.222503351126639,5.281476791770942,1.0,0.8,0.92,0.92,eta_redundancy,Quality-Control,0.02,Full CA-AOCP,1
0.9329073482428115,0.032907348242811496,4.209493384954301,5.236868435748504,3.0,0.6,0.8,0.86,eta_redundancy,Quality-Control,0.05,ACI,1
0.9169329073482428,0.01693290734824282,4.117043867853459,5.237170295381229,1.0,0.8,0.92,0.9,eta_redundancy,Quality-Control,0.05,Full CA-AOCP,1
0.9233226837060703,0.02332268370607027,4.100946359907752,5.211584074808169,3.0,0.6,0.8,0.86,eta_redundancy,Quality-Control,0.1,ACI,1
0.9169329073482428,0.01693290734824282,3.982473048185013,5.183185328141793,1.0,0.8,0.92,0.9,eta_redundancy,Quality-Control,0.1,Full CA-AOCP,1
0.9201277955271565,0.02012779552715649,4.000530544004447,5.172093412892392,3.0,0.6,0.8,0.84,eta_redundancy,Quality-Control,0.2,ACI,1
0.9137380191693291,0.013738019169329041,3.8757864569876572,5.110684023986528,1.0,0.8,0.88,0.88,eta_redundancy,Quality-Control,0.2,Full CA-AOCP,1
0.934,0.03400000000000003,4.026036635028472,4.761029876375713,14.0,0.0,0.52,0.76,eta_redundancy,Synthetic-CP,0.005,ACI,2
0.93,0.030000000000000027,4.079178682642388,4.723979970709078,1.0,0.8,0.92,0.94,eta_redundancy,Synthetic-CP,0.005,Full CA-AOCP,2
0.936,0.03600000000000003,4.03835710970896,4.759855586665994,14.0,0.0,0.52,0.76,eta_redundancy,Synthetic-CP,0.01,ACI,2
0.931,0.031000000000000028,4.072473245151009,4.719804524881716,1.0,0.8,0.92,0.92,eta_redundancy,Synthetic-CP,0.01,Full CA-AOCP,2
0.937,0.03700000000000003,4.034833354352445,4.7620230972040005,14.0,0.0,0.52,0.76,eta_redundancy,Synthetic-CP,0.02,ACI,2
0.928,0.028000000000000025,4.044430514090619,4.724046876240587,1.0,0.8,0.92,0.9,eta_redundancy,Synthetic-CP,0.02,Full CA-AOCP,2
0.934,0.03400000000000003,3.989842522344127,4.74466684785706,14.0,0.0,0.52,0.74,eta_redundancy,Synthetic-CP,0.05,ACI,2
0.928,0.028000000000000025,3.968266587772418,4.662302663879622,1.0,0.8,0.92,0.9,eta_redundancy,Synthetic-CP,0.05,Full CA-AOCP,2
0.933,0.03300000000000003,3.936419966676759,4.707550160577771,14.0,0.0,0.52,0.74,eta_redundancy,Synthetic-CP,0.1,ACI,2
0.926,0.026000000000000023,3.908941802423893,4.628006288130015,1.0,0.8,0.92,0.9,eta_redundancy,Synthetic-CP,0.1,Full CA-AOCP,2
0.928,0.028000000000000025,3.860617070574021,4.687958991342783,14.0,0.0,0.52,0.74,eta_redundancy,Synthetic-CP,0.2,ACI,2
0.921,0.02100000000000002,3.8308115607972253,4.577739498869459,1.0,0.8,0.92,0.92,eta_redundancy,Synthetic-CP,0.2,Full CA-AOCP,2
0.9329073482428115,0.032907348242811496,4.666607804226014,5.442153818684737,4.0,0.6,0.84,0.92,eta_redundancy,Quality-Control,0.005,ACI,2
0.9137380191693291,0.013738019169329041,4.582155146101256,5.581091880141317,1.0,0.8,0.92,0.92,eta_redundancy,Quality-Control,0.005,Full CA-AOCP,2
0.9361022364217252,0.036102236421725165,4.745471420516304,5.456692951849855,2.0,0.7,0.88,0.94,eta_redundancy,Quality-Control,0.01,ACI,2
0.9169329073482428,0.01693290734824282,4.6472046858940885,5.592745635519684,1.0,0.8,0.92,0.9,eta_redundancy,Quality-Control,0.01,Full CA-AOCP,2
0.9424920127795527,0.042492012779552724,4.762289661922869,5.468337468978389,2.0,0.7,0.88,0.94,eta_redundancy,Quality-Control,0.02,ACI,2
0.9201277955271565,0.02012779552715649,4.620045061516619,5.557982508577614,1.0,0.8,0.92,0.88,eta_redundancy,Quality-Control,0.02,Full CA-AOCP,2
0.9329073482428115,0.032907348242811496,4.632525077662878,5.38749193503119,2.0,0.7,0.88,0.94,eta_redundancy,Quality-Control,0.05,ACI,2
0.9105431309904153,0.010543130990415261,4.49506508071276,5.489665192120753,1.0,0.8,0.92,0.88,eta_redundancy,Quality-Control,0.05,Full CA-AOCP,2
0.9329073482428115,0.032907348242811496,4.5148436070963935,5.309214404813036,2.0,0.7,0.88,0.94,eta_redundancy,Quality-Control,0.1,ACI,2
0.9041533546325878,0.0041533546325878135,4.35963693715691,5.460662411322217,1.0,0.8,0.92,0.88,eta_redundancy,Quality-Control,0.1,Full CA-AOCP,2
0.9169329073482428,0.01693290734824282,4.408278336962947,5.306520028792628,2.0,0.7,0.88,0.92,eta_redundancy,Quality-Control,0.2,ACI,2
0.9041533546325878,0.0041533546325878135,4.236635420056707,5.314670057909435,1.0,0.8,0.92,0.9,eta_redundancy,Quality-Control,0.2,Full CA-AOCP,2
0.951,0.050999999999999934,4.101367600542195,4.809274578376642,9.0,0.2,0.64,0.82,eta_redundancy,Synthetic-CP,0.005,ACI,3
0.921,0.02100000000000002,3.9716941909000303,4.823153652974765,1.0,0.8,0.92,0.86,eta_redundancy,Synthetic-CP,0.005,Full CA-AOCP,3
0.95,0.04999999999999993,4.1132327323161935,4.820852656565593,9.0,0.2,0.64,0.82,eta_redundancy,Synthetic-CP,0.01,ACI,3
0.92,0.020000000000000018,3.9629713201196854,4.782741480619368,1.0,0.8,0.92,0.86,eta_redundancy,Synthetic-CP,0.01,Full CA-AOCP,3
0.952,0.051999999999999935,4.100722015370822,4.809804307731938,9.0,0.2,0.64,0.82,eta_redundancy,Synthetic-CP,0.02,ACI,3
0.917,0.017000000000000015,3.943516123017539,4.746854108781263,1.0,0.8,0.92,0.86,eta_redundancy,Synthetic-CP,0.02,Full CA-AOCP,3
0.948,0.04799999999999993,4.050539766063777,4.791118468542236,9.0,0.2,0.64,0.82,eta_redundancy,Synthetic-CP,0.05,ACI,3
0.915,0.015000000000000013,3.879003217770591,4.722238343347175,1.0,0.8,0.92,0.86,eta_redundancy,Synthetic-CP,0.05,Full CA-AOCP,3
0.944,0.04399999999999993,3.9854277038796937,4.7948894742377295,9.0,0.2,0.64,0.82,eta_redundancy,Synthetic-CP,0.1,ACI,3
0.911,0.01100000000000001,3.83920901814918,4.734703873859442,1.0,0.8,0.92,0.86,eta_redundancy,Synthetic-CP,0.1,Full CA-AOCP,3
0.938,0.03799999999999992,3.8949319173975665,4.744783134364065,9.0,0.2,0.64,0.82,eta_redundancy,Synthetic-CP,0.2,ACI,3
0.908,0.008000000000000007,3.741912346357499,4.701974919992094,1.0,0.8,0.92,0.86,eta_redundancy,Synthetic-CP,0.2,Full CA-AOCP,3
0.9297124600638977,0.029712460063897717,5.0116138744674315,6.089826181789451,3.0,0.6,0.84,0.92,eta_redundancy,Quality-Control,0.005,ACI,3
0.9169329073482428,0.01693290734824282,4.723496507972494,6.065166236829684,1.0,0.8,0.92,0.96,eta_redundancy,Quality-Control,0.005,Full CA-AOCP,3
0.9361022364217252,0.036102236421725165,5.0525681114698555,6.063624667568903,3.0,0.6,0.84,0.92,eta_redundancy,Quality-Control,0.01,ACI,3
0.9169329073482428,0.01693290734824282,4.77561328001555,6.098115999060991,1.0,0.8,0.92,0.96,eta_redundancy,Quality-Control,0.01,Full CA-AOCP,3
0.9456869009584664,0.04568690095846639,5.0332056765995405,6.020706733445841,3.0,0.6,0.84,0.92,eta_redundancy,Quality-Control,0.02,ACI,3
0.9201277955271565,0.02012779552715649,4.770495290567374,6.048192070372186,1.0,0.8,0.92,0.96,eta_redundancy,Quality-Control,0.02,Full CA-AOCP,3
0.9361022364217252,0.036102236421725165,4.978734502981752,6.037236373313441,3.0,0.6,0.84,0.92,eta_redundancy,Quality-Control,0.05,ACI,3
0.9169329073482428,0.01693290734824282,4.6929311736785415,5.985596342094115,1.0,0.8,0.92,0.96,eta_redundancy,Quality-Control,0.05,Full CA-AOCP,3
0.9297124600638977,0.029712460063897717,4.9525889156569,6.1387424003650874,3.0,0.6,0.84,0.92,eta_redundancy,Quality-Control,0.1,ACI,3
0.9105431309904153,0.010543130990415261,4.575833378950897,6.009370212106991,1.0,0.8,0.92,0.96,eta_redundancy,Quality-Control,0.1,Full CA-AOCP,3
0.9265175718849841,0.026517571884984048,4.8523423250157975,6.18460010333396,3.0,0.6,0.84,0.92,eta_redundancy,Quality-Control,0.2,ACI,3
0.9105431309904153,0.010543130990415261,4.4218813382969335,6.040260247828503,1.0,0.8,0.92,0.96,eta_redundancy,Quality-Control,0.2,Full CA-AOCP,3
0.94,0.039999999999999925,4.095290652250579,4.7640852359265375,17.0,0.0,0.52,0.74,eta_redundancy,Synthetic-CP,0.005,ACI,4
0.921,0.02100000000000002,3.951269812518387,4.663225161579043,2.0,0.7,0.88,0.86,eta_redundancy,Synthetic-CP,0.005,Full CA-AOCP,4
0.942,0.041999999999999926,4.085168691089921,4.7559136567363955,17.0,0.0,0.52,0.74,eta_redundancy,Synthetic-CP,0.01,ACI,4
0.924,0.02400000000000002,3.942981301828486,4.640689460308675,2.0,0.7,0.88,0.86,eta_redundancy,Synthetic-CP,0.01,Full CA-AOCP,4
0.94,0.039999999999999925,4.066266348481054,4.746191495322619,17.0,0.0,0.52,0.74,eta_redundancy,Synthetic-CP,0.02,ACI,4
0.922,0.02200000000000002,3.920937227363768,4.629094372008876,2.0,0.7,0.88,0.86,eta_redundancy,Synthetic-CP,0.02,Full CA-AOCP,4
0.938,0.03799999999999992,4.013944365928682,4.726741591246375,17.0,0.0,0.52,0.74,eta_redundancy,Synthetic-CP,0.05,ACI,4
0.921,0.02100000000000002,3.8667528481936086,4.599020997062987,2.0,0.7,0.88,0.86,eta_redundancy,Synthetic-CP,0.05,Full CA-AOCP,4
0.93,0.030000000000000027,3.9480185451949428,4.692101553431645,17.0,0.0,0.52,0.74,eta_redundancy,Synthetic-CP,0.1,ACI,4
0.916,0.016000000000000014,3.8069896278800877,4.562960520226845,2.0,0.7,0.88,0.86,eta_redundancy,Synthetic-CP,0.1,Full CA-AOCP,4
0.926,0.026000000000000023,3.8621608755661216,4.666918769201097,17.0,0.0,0.52,0.74,eta_redundancy,Synthetic-CP,0.2,ACI,4
0.906,0.006000000000000005,3.7321346873092276,4.5462700686977735,2.0,0.7,0.88,0.86,eta_redundancy,Synthetic-CP,0.2,Full CA-AOCP,4
0.9456869009584664,0.04568690095846639,4.615296468403127,5.526460340439929,3.0,0.6,0.8,0.88,eta_redundancy,Quality-Control,0.005,ACI,4
0.9169329073482428,0.01693290734824282,4.579705674928154,5.457393965567793,1.0,0.8,0.92,0.94,eta_redundancy,Quality-Control,0.005,Full CA-AOCP,4
0.9488817891373802,0.04888178913738017,4.628151529226318,5.509254882881055,3.0,0.6,0.8,0.88,eta_redundancy,Quality-Control,0.01,ACI,4
0.9169329073482428,0.01693290734824282,4.572427571144401,5.426293452377075,1.0,0.8,0.92,0.94,eta_redundancy,Quality-Control,0.01,Full CA-AOCP,4
0.9488817891373802,0.04888178913738017,4.627871549746245,5.51053015322546,3.0,0.6,0.8,0.88,eta_redundancy,Quality-Control,0.02,ACI,4
0.9233226837060703,0.02332268370607027,4.541193787605676,5.385255394300516,1.0,0.8,0.92,0.94,eta_redundancy,Quality-Control,0.02,Full CA-AOCP,4
0.9456869009584664,0.04568690095846639,4.574563967732166,5.49227827545234,3.0,0.6,0.8,0.88,eta_redundancy,Quality-Control,0.05,ACI,4
0.9233226837060703,0.02332268370607027,4.42434580699838,5.291450442491812,1.0,0.8,0.92,0.94,eta_redundancy,Quality-Control,0.05,Full CA-AOCP,4
0.9424920127795527,0.042492012779552724,4.498179145600263,5.463059481354367,3.0,0.6,0.8,0.88,eta_redundancy,Quality-Control,0.1,ACI,4
0.9201277955271565,0.02012779552715649,4.394832638892409,5.349619014573035,1.0,0.8,0.88,0.92,eta_redundancy,Quality-Control,0.1,Full CA-AOCP,4
0.9424920127795527,0.042492012779552724,4.408247286126337,5.458638057032263,3.0,0.6,0.8,0.88,eta_redundancy,Quality-Control,0.2,ACI,4
0.9201277955271565,0.02012779552715649,4.269253270503686,5.305336361459437,1.0,0.8,0.88,0.92,eta_redundancy,Quality-Control,0.2,Full CA-AOCP,4
0.933,0.03300000000000003,3.8130416050409854,4.4597361267758355,15.0,0.2,0.56,0.78,eta_redundancy,Synthetic-CP,0.005,ACI,5
0.93,0.030000000000000027,3.8601976193808065,4.406865298037118,2.0,0.7,0.88,0.92,eta_redundancy,Synthetic-CP,0.005,Full CA-AOCP,5
0.932,0.03200000000000003,3.8010907788746113,4.448312031950454,15.0,0.2,0.56,0.78,eta_redundancy,Synthetic-CP,0.01,ACI,5
0.931,0.031000000000000028,3.854001075374515,4.401407538302925,2.0,0.7,0.88,0.92,eta_redundancy,Synthetic-CP,0.01,Full CA-AOCP,5
0.931,0.031000000000000028,3.7761520441853222,4.440272572459393,15.0,0.2,0.56,0.78,eta_redundancy,Synthetic-CP,0.02,ACI,5
0.928,0.028000000000000025,3.8273585738994327,4.402101430071738,2.0,0.7,0.88,0.9,eta_redundancy,Synthetic-CP,0.02,Full CA-AOCP,5
0.927,0.027000000000000024,3.7259303957341743,4.4341816709562485,15.0,0.2,0.56,0.78,eta_redundancy,Synthetic-CP,0.05,ACI,5
0.925,0.025000000000000022,3.773159298137944,4.383934030070095,2.0,0.7,0.88,0.9,eta_redundancy,Synthetic-CP,0.05,Full CA-AOCP,5
0.926,0.026000000000000023,3.680789788974237,4.423383430801778,15.0,0.2,0.56,0.78,eta_redundancy,Synthetic-CP,0.1,ACI,5
0.922,0.02200000000000002,3.717669334220971,4.355119145189223,2.0,0.7,0.88,0.9,eta_redundancy,Synthetic-CP,0.1,Full CA-AOCP,5
0.922,0.02200000000000002,3.6226164773151304,4.412084276845823,15.0,0.2,0.56,0.76,eta_redundancy,Synthetic-CP,0.2,ACI,5
0.921,0.02100000000000002,3.6547816584777113,4.3433220963886106,2.0,0.7,0.88,0.9,eta_redundancy,Synthetic-CP,0.2,Full CA-AOCP,5
0.9169329073482428,0.01693290734824282,4.152267345501128,4.911188117848073,3.0,0.7,0.84,0.86,eta_redundancy,Quality-Control,0.005,ACI,5
0.9233226837060703,0.02332268370607027,4.295888145610009,5.014483801975296,0.0,0.9,0.92,0.92,eta_redundancy,Quality-Control,0.005,Full CA-AOCP,5
0.9201277955271565,0.02012779552715649,4.160086015712818,4.879743840315256,3.0,0.7,0.84,0.86,eta_redundancy,Quality-Control,0.01,ACI,5
0.9265175718849841,0.026517571884984048,4.33460904529335,5.026723688480218,0.0,0.9,0.92,0.92,eta_redundancy,Quality-Control,0.01,Full CA-AOCP,5
0.9233226837060703,0.02332268370607027,4.140474185154959,4.871571145315032,3.0,0.7,0.84,0.86,eta_redundancy,Quality-Control,0.02,ACI,5
0.9297124600638977,0.029712460063897717,4.293310117202295,4.985666263374682,0.0,0.9,0.92,0.92,eta_redundancy,Quality-Control,0.02,Full CA-AOCP,5
0.9137380191693291,0.013738019169329041,4.105148476179886,4.867525942198889,3.0,0.7,0.84,0.84,eta_redundancy,Quality-Control,0.05,ACI,5
0.9233226837060703,0.02332268370607027,4.2006233215716895,4.948993440940965,0.0,0.9,0.92,0.92,eta_redundancy,Quality-Control,0.05,Full CA-AOCP,5
0.9105431309904153,0.010543130990415261,4.055660204218993,4.8746885874180395,5.0,0.6,0.8,0.82,eta_redundancy,Quality-Control,0.1,ACI,5
0.9169329073482428,0.01693290734824282,4.120734160598894,4.942749142079041,0.0,0.9,0.88,0.9,eta_redundancy,Quality-Control,0.1,Full CA-AOCP,5
0.9073482428115016,0.007348242811501593,3.990219503336198,4.884116189444974,5.0,0.6,0.8,0.82,eta_redundancy,Quality-Control,0.2,ACI,5
0.9073482428115016,0.007348242811501593,4.020358786045074,5.0051364477973115,2.0,0.8,0.84,0.86,eta_redundancy,Quality-Control,0.2,Full CA-AOCP,5
0.941,0.040999999999999925,3.9207509204091813,4.600064736674776,9.0,0.0,0.56,0.74,eta_redundancy,Synthetic-CP,0.005,ACI,6
0.92,0.020000000000000018,3.8257814165985367,4.478484973483305,3.0,0.6,0.8,0.86,eta_redundancy,Synthetic-CP,0.005,Full CA-AOCP,6
0.942,0.041999999999999926,3.9275566452226083,4.584026244636868,9.0,0.0,0.56,0.74,eta_redundancy,Synthetic-CP,0.01,ACI,6
0.92,0.020000000000000018,3.8267835924132605,4.4783681525841414,3.0,0.6,0.8,0.86,eta_redundancy,Synthetic-CP,0.01,Full CA-AOCP,6
0.942,0.041999999999999926,3.915692775889089,4.5713822396516095,9.0,0.0,0.56,0.74,eta_redundancy,Synthetic-CP,0.02,ACI,6
0.92,0.020000000000000018,3.8052410064521127,4.478613824000036,3.0,0.6,0.8,0.86,eta_redundancy,Synthetic-CP,0.02,Full CA-AOCP,6
0.938,0.03799999999999992,3.877176712243343,4.5626896554152605,9.0,0.0,0.56,0.74,eta_redundancy,Synthetic-CP,0.05,ACI,6
0.917,0.017000000000000015,3.7663054055396428,4.449042468081316,3.0,0.6,0.8,0.86,eta_redundancy,Synthetic-CP,0.05,Full CA-AOCP,6
0.933,0.03300000000000003,3.8275576414801873,4.545715802338313,9.0,0.0,0.56,0.72,eta_redundancy,Synthetic-CP,0.1,ACI,6
0.916,0.016000000000000014,3.7083791573764384,4.43534158358881,3.0,0.6,0.8,0.84,eta_redundancy,Synthetic-CP,0.1,Full CA-AOCP,6
0.925,0.025000000000000022,3.751991708379901,4.5160125068404735,9.0,0.0,0.56,0.72,eta_redundancy,Synthetic-CP,0.2,ACI,6
0.913,0.013000000000000012,3.649721432205401,4.394645955953028,3.0,0.6,0.8,0.84,eta_redundancy,Synthetic-CP,0.2,Full CA-AOCP,6
0.939297124600639,0.039297124600638944,4.393743002494167,5.32494102101904,7.0,0.4,0.72,0.86,eta_redundancy,Quality-Control,0.005,ACI,6
0.9169329073482428,0.01693290734824282,4.384581907395933,5.240445061833735,1.0,0.8,0.84,0.88,eta_redundancy,Quality-Control,0.005,Full CA-AOCP,6
0.9456869009584664,0.04568690095846639,4.420477716939895,5.325535957856308,7.0,0.4,0.72,0.86,eta_redundancy,Quality-Control,0.01,ACI,6
0.9265175718849841,0.026517571884984048,4.406341270067141,5.221068815739833,1.0,0.8,0.84,0.88,eta_redundancy,Quality-Control,0.01,Full CA-AOCP,6
0.9456869009584664,0.04568690095846639,4.423299138928606,5.317744982110554,7.0,0.4,0.72,0.86,eta_redundancy,Quality-Control,0.02,ACI,6
0.9265175718849841,0.026517571884984048,4.415879463474345,5.229850262783115,1.0,0.8,0.84,0.88,eta_redundancy,Quality-Control,0.02,Full CA-AOCP,6
0.9456869009584664,0.04568690095846639,4.354480729059079,5.274283919826225,7.0,0.4,0.72,0.86,eta_redundancy,Quality-Control,0.05,ACI,6
0.9233226837060703,0.02332268370607027,4.344270137185378,5.196872110284811,1.0,0.8,0.84,0.86,eta_redundancy,Quality-Control,0.05,Full CA-AOCP,6
0.9424920127795527,0.042492012779552724,4.301323362670102,5.230539277945736,7.0,0.4,0.72,0.86,eta_redundancy,Quality-Control,0.1,ACI,6
0.9169329073482428,0.01693290734824282,4.247987033811729,5.154202004889699,1.0,0.8,0.84,0.86,eta_redundancy,Quality-Control,0.1,Full CA-AOCP,6
0.9233226837060703,0.02332268370607027,4.218134697265539,5.2256435526122385,7.0,0.4,0.72,0.86,eta_redundancy,Quality-Control,0.2,ACI,6
0.9105431309904153,0.010543130990415261,4.135634562240765,5.073741615122354,1.0,0.8,0.84,0.86,eta_redundancy,Quality-Control,0.2,Full CA-AOCP,6
0.935,0.03500000000000003,3.760410957096088,4.433459565525707,16.0,0.1,0.48,0.74,eta_redundancy,Synthetic-CP,0.005,ACI,7
0.928,0.028000000000000025,3.795727430354202,4.351796488123038,1.0,0.8,0.92,0.92,eta_redundancy,Synthetic-CP,0.005,Full CA-AOCP,7
0.934,0.03400000000000003,3.7484452886880972,4.428379457324199,16.0,0.1,0.48,0.74,eta_redundancy,Synthetic-CP,0.01,ACI,7
0.928,0.028000000000000025,3.7884175941927123,4.343209889010395,1.0,0.8,0.92,0.92,eta_redundancy,Synthetic-CP,0.01,Full CA-AOCP,7
0.933,0.03300000000000003,3.7264884846478488,4.402492577725303,16.0,0.1,0.48,0.74,eta_redundancy,Synthetic-CP,0.02,ACI,7
0.926,0.026000000000000023,3.7712881756071064,4.320567837779543,1.0,0.8,0.92,0.92,eta_redundancy,Synthetic-CP,0.02,Full CA-AOCP,7
0.928,0.028000000000000025,3.674055587213527,4.378281622120508,16.0,0.1,0.48,0.74,eta_redundancy,Synthetic-CP,0.05,ACI,7
0.925,0.025000000000000022,3.7131395323232357,4.3050379332319135,1.0,0.8,0.88,0.9,eta_redundancy,Synthetic-CP,0.05,Full CA-AOCP,7
0.926,0.026000000000000023,3.6263584663464385,4.361563448672685,16.0,0.1,0.48,0.74,eta_redundancy,Synthetic-CP,0.1,ACI,7
0.922,0.02200000000000002,3.6605054485855217,4.261424105002203,1.0,0.8,0.88,0.9,eta_redundancy,Synthetic-CP,0.1,Full CA-AOCP,7
0.922,0.02200000000000002,3.568615680679043,4.34249245790082,16.0,0.1,0.48,0.74,eta_redundancy,Synthetic-CP,0.2,ACI,7
0.919,0.019000000000000017,3.5995285252908196,4.238424153516147,1.0,0.8,0.88,0.9,eta_redundancy,Synthetic-CP,0.2,Full CA-AOCP,7
0.9201277955271565,0.02012779552715649,4.182564071574096,4.98536692001568,6.0,0.4,0.72,0.86,eta_redundancy,Quality-Control,0.005,ACI,7
0.9233226837060703,0.02332268370607027,4.2560512551558665,4.986071062906257,0.0,0.9,0.96,0.96,eta_redundancy,Quality-Control,0.005,Full CA-AOCP,7
0.9169329073482428,0.01693290734824282,4.191912645451291,4.994996653138408,6.0,0.4,0.72,0.86,eta_redundancy,Quality-Control,0.01,ACI,7
0.9233226837060703,0.02332268370607027,4.268970134221201,4.974840271162363,0.0,0.9,0.96,0.96,eta_redundancy,Quality-Control,0.01,Full CA-AOCP,7
0.9201277955271565,0.02012779552715649,4.176945482094658,4.928617042448441,6.0,0.4,0.72,0.86,eta_redundancy,Quality-Control,0.02,ACI,7
0.9265175718849841,0.026517571884984048,4.241365782010888,4.923638544494091,0.0,0.9,0.96,0.96,eta_redundancy,Quality-Control,0.02,Full CA-AOCP,7
0.9201277955271565,0.02012779552715649,4.103800212891267,4.876822319049789,6.0,0.4,0.72,0.86,eta_redundancy,Quality-Control,0.05,ACI,7
0.9265175718849841,0.026517571884984048,4.15583231279264,4.886818012003027,0.0,0.9,0.96,0.96,eta_redundancy,Quality-Control,0.05,Full CA-AOCP,7
0.9233226837060703,0.02332268370607027,4.027730309462935,4.844807335059582,6.0,0.4,0.72,0.86,eta_redundancy,Quality-Control,0.1,ACI,7
0.9233226837060703,0.02332268370607027,4.059269550749669,4.829261209645699,0.0,0.9,0.96,0.96,eta_redundancy,Quality-Control,0.1,Full CA-AOCP,7
0.9201277955271565,0.02012779552715649,3.9585616420363525,4.831809301869028,6.0,0.4,0.72,0.86,eta_redundancy,Quality-Control,0.2,ACI,7
0.9201277955271565,0.02012779552715649,4.00131421167179,4.82227531776118,0.0,0.9,0.92,0.94,eta_redundancy,Quality-Control,0.2,Full CA-AOCP,7
0.943,0.04299999999999993,4.1812035044733875,4.81304624614002,11.0,0.2,0.6,0.78,eta_redundancy,Synthetic-CP,0.005,ACI,8
0.925,0.025000000000000022,3.9868095414664766,4.690750465137513,1.0,0.8,0.92,0.9,eta_redundancy,Synthetic-CP,0.005,Full CA-AOCP,8
0.945,0.04499999999999993,4.181358611732884,4.804622908831009,11.0,0.2,0.6,0.78,eta_redundancy,Synthetic-CP,0.01,ACI,8
0.924,0.02400000000000002,3.9925282816841077,4.695771677825346,1.0,0.8,0.92,0.9,eta_redundancy,Synthetic-CP,0.01,Full CA-AOCP,8
0.945,0.04499999999999993,4.146993791097436,4.779776617533238,11.0,0.2,0.6,0.78,eta_redundancy,Synthetic-CP,0.02,ACI,8
0.924,0.02400000000000002,3.957855206728558,4.679228463661815,1.0,0.8,0.92,0.9,eta_redundancy,Synthetic-CP,0.02,Full CA-AOCP,8
0.945,0.04499999999999993,4.0741634374914195,4.740824223384379,11.0,0.2,0.6,0.78,eta_redundancy,Synthetic-CP,0.05,ACI,8
0.92,0.020000000000000018,3.8932905580244914,4.6454303864283775,1.0,0.8,0.92,0.88,eta_redundancy,Synthetic-CP,0.05,Full CA-AOCP,8
0.939,0.038999999999999924,4.001176188251601,4.712944203618244,11.0,0.2,0.6,0.78,eta_redundancy,Synthetic-CP,0.1,ACI,8
0.915,0.015000000000000013,3.829568802990991,4.620066631774703,1.0,0.8,0.92,0.86,eta_redundancy,Synthetic-CP,0.1,Full CA-AOCP,8
0.931,0.031000000000000028,3.914393333751561,4.693430494573277,11.0,0.2,0.6,0.76,eta_redundancy,Synthetic-CP,0.2,ACI,8
0.913,0.013000000000000012,3.7391213372247396,4.585501611227923,1.0,0.8,0.92,0.86,eta_redundancy,Synthetic-CP,0.2,Full CA-AOCP,8
0.9361022364217252,0.036102236421725165,4.925035302062353,5.778085782576768,8.0,0.5,0.76,0.86,eta_redundancy,Quality-Control,0.005,ACI,8
0.9233226837060703,0.02332268370607027,4.672165008791473,5.467713756332341,2.0,0.7,0.88,0.92,eta_redundancy,Quality-Control,0.005,Full CA-AOCP,8
0.9361022364217252,0.036102236421725165,4.9007870116968375,5.705542026896041,8.0,0.5,0.76,0.86,eta_redundancy,Quality-Control,0.01,ACI,8
0.9265175718849841,0.026517571884984048,4.749863977852889,5.452850210971633,2.0,0.8,0.92,0.94,eta_redundancy,Quality-Control,0.01,Full CA-AOCP,8
0.9361022364217252,0.036102236421725165,4.805174096983614,5.618959779206709,8.0,0.5,0.76,0.86,eta_redundancy,Quality-Control,0.02,ACI,8
0.9265175718849841,0.026517571884984048,4.684944339844991,5.403110502153694,2.0,0.8,0.92,0.94,eta_redundancy,Quality-Control,0.02,Full CA-AOCP,8
0.9297124600638977,0.029712460063897717,4.699104511251413,5.5565139503996965,8.0,0.5,0.76,0.86,eta_redundancy,Quality-Control,0.05,ACI,8
0.9233226837060703,0.02332268370607027,4.56359441999508,5.362218153862442,2.0,0.8,0.92,0.92,eta_redundancy,Quality-Control,0.05,Full CA-AOCP,8
0.9361022364217252,0.036102236421725165,4.64064228299741,5.550034208759616,8.0,0.5,0.76,0.86,eta_redundancy,Quality-Control,0.1,ACI,8
0.9137380191693291,0.013738019169329041,4.450853782388935,5.371416325696988,2.0,0.7,0.88,0.9,eta_redundancy,Quality-Control,0.1,Full CA-AOCP,8
0.9297124600638977,0.029712460063897717,4.567697356871052,5.520867849420833,10.0,0.4,0.72,0.84,eta_redundancy,Quality-Control,0.2,ACI,8
0.9073482428115016,0.007348242811501593,4.349201852996979,5.312579874809765,2.0,0.7,0.88,0.9,eta_redundancy,Quality-Control,0.2,Full CA-AOCP,8
0.938,0.03799999999999992,4.065501786063766,4.688479333818394,12.0,0.4,0.6,0.78,eta_redundancy,Synthetic-CP,0.005,ACI,9
0.924,0.02400000000000002,3.9843299359473363,4.71039812683914,1.0,0.8,0.88,0.88,eta_redundancy,Synthetic-CP,0.005,Full CA-AOCP,9
0.941,0.040999999999999925,4.074323418298633,4.680823185269873,12.0,0.4,0.6,0.78,eta_redundancy,Synthetic-CP,0.01,ACI,9
0.926,0.026000000000000023,3.9771285508346192,4.699982534325856,1.0,0.8,0.88,0.88,eta_redundancy,Synthetic-CP,0.01,Full CA-AOCP,9
0.937,0.03700000000000003,4.049020373555511,4.671062674076734,12.0,0.4,0.6,0.78,eta_redundancy,Synthetic-CP,0.02,ACI,9
0.925,0.025000000000000022,3.928094619211948,4.657836455330302,1.0,0.8,0.88,0.88,eta_redundancy,Synthetic-CP,0.02,Full CA-AOCP,9
0.931,0.031000000000000028,3.9880715833623936,4.636515430800346,12.0,0.4,0.6,0.78,eta_redundancy,Synthetic-CP,0.05,ACI,9
0.921,0.02100000000000002,3.8435315114860766,4.591884417318175,1.0,0.8,0.88,0.88,eta_redundancy,Synthetic-CP,0.05,Full CA-AOCP,9
0.929,0.029000000000000026,3.918657372697402,4.599041942369231,12.0,0.4,0.6,0.78,eta_redundancy,Synthetic-CP,0.1,ACI,9
0.92,0.020000000000000018,3.7877253721304363,4.563845916321332,2.0,0.7,0.84,0.86,eta_redundancy,Synthetic-CP,0.1,Full CA-AOCP,9
0.922,0.02200000000000002,3.8397189501267603,4.56367085116467,12.0,0.4,0.6,0.76,eta_redundancy,Synthetic-CP,0.2,ACI,9
0.911,0.01100000000000001,3.7194579481662715,4.559241822629159,2.0,0.7,0.84,0.86,eta_redundancy,Synthetic-CP,0.2,Full CA-AOCP,9
0.9169329073482428,0.01693290734824282,4.666350661533757,5.5540866820824775,7.0,0.4,0.76,0.86,eta_redundancy,Quality-Control,0.005,ACI,9
0.9073482428115016,0.007348242811501593,4.323635005979754,5.317381217786074,0.0,0.9,0.92,0.92,eta_redundancy,Quality-Control,0.005,Full CA-AOCP,9
0.9201277955271565,0.02012779552715649,4.685652614409249,5.528482197208439,7.0,0.4,0.76,0.84,eta_redundancy,Quality-Control,0.01,ACI,9
0.9105431309904153,0.010543130990415261,4.428167242135201,5.36946109748714,0.0,0.9,0.92,0.92,eta_redundancy,Quality-Control,0.01,Full CA-AOCP,9
0.9169329073482428,0.01693290734824282,4.6371999018380325,5.503655488363032,7.0,0.4,0.76,0.82,eta_redundancy,Quality-Control,0.02,ACI,9
0.9105431309904153,0.010543130990415261,4.399738623702879,5.341032479054818,0.0,0.9,0.92,0.92,eta_redundancy,Quality-Control,0.02,Full CA-AOCP,9
0.9137380191693291,0.013738019169329041,4.540844616719814,5.460862800707217,7.0,0.4,0.76,0.84,eta_redundancy,Quality-Control,0.05,ACI,9
0.9073482428115016,0.007348242811501593,4.301461428510048,5.271043205000257,0.0,0.9,0.92,0.92,eta_redundancy,Quality-Control,0.05,Full CA-AOCP,9
0.9201277955271565,0.02012779552715649,4.44779022662636,5.392029720210034,7.0,0.4,0.76,0.86,eta_redundancy,Quality-Control,0.1,ACI,9
0.9009584664536742,0.000958466453674145,4.213235846786728,5.265738903113412,0.0,0.9,0.88,0.88,eta_redundancy,Quality-Control,0.1,Full CA-AOCP,9
0.9105431309904153,0.010543130990415261,4.343040710941816,5.340486496775949,7.0,0.4,0.72,0.84,eta_redundancy,Quality-Control,0.2,ACI,9
0.8913738019169329,0.008626198083067083,4.107885615509513,5.257567238183458,0.0,0.9,0.88,0.88,eta_redundancy,Quality-Control,0.2,Full CA-AOCP,9
