dataset,eta,cov_gap_mean,cov_gap_se,cov_gap_pct_vs_default,mean_width_mean,mean_width_se,mean_width_pct_vs_default,winkler_mean,winkler_se,winkler_pct_vs_default,postcov10_mean,postcov10_se,postcov10_pct_vs_default,postcov25_mean,postcov25_se,postcov25_pct_vs_default,recovery_step_mean,recovery_step_se,recovery_step_pct_vs_default
Quality-Control,0.005,0.018530351437699613,0.0016669303346643772,-17.142857142857082,4.459510946218199,0.05733529269444432,-0.18668223105785847,5.385881136098183,0.09711326837421304,0.5049388922584926,0.8300000000000001,0.0213437474581095,-1.1904761904761914,0.916,0.011075498483890766,-0.4347826086956405,0.7,0.21343747458109497,0.0
Quality-Control,0.01,0.02076677316293924,0.0017039403620873314,-7.142857142856988,4.4995381492079405,0.05888353650747415,0.7092115069775046,5.39403436800168,0.09927754743156741,0.6570848556632961,0.8400000000000001,0.01632993161855452,0.0,0.9199999999999999,0.010327955589886443,0.0,0.7,0.21343747458109497,0.0
Quality-Control,0.02,0.022364217252396068,0.0017204999383816438,0.0,4.467851631323909,0.059349263346004835,0.0,5.358822357846373,0.0985718161645822,0.0,0.8400000000000001,0.01632993161855452,0.0,0.9199999999999999,0.010327955589886443,0.0,0.7,0.21343747458109497,0.0
Quality-Control,0.05,0.018849840255590992,0.001975211607134338,-15.71428571428562,4.3693104199080866,0.058217638467385084,-2.2055614095363993,5.303725410614343,0.09566802633859915,-1.0281540150581165,0.8400000000000001,0.01632993161855452,0.0,0.9199999999999999,0.010327955589886443,0.0,0.7,0.21343747458109497,0.0
Quality-Control,0.1,0.01277955271565489,0.0023837091890947138,-42.85714285714288,4.270338373376134,0.0580936868297967,-4.420765823175915,5.289996723877811,0.10121593199494908,-1.2843425173030276,0.8300000000000001,0.0213437474581095,-1.1904761904761914,0.9040000000000001,0.012220201853215575,-1.7391304347825862,0.7,0.21343747458109497,0.0
Quality-Control,0.2,0.01047923322683696,0.001908513043181909,-53.142857142857395,4.162104159910261,0.052995669789431016,-6.843277186513221,5.256943797435726,0.10190339935793659,-1.9011371082580597,0.8200000000000001,0.02,-2.3809523809523827,0.8920000000000001,0.012000000000000004,-3.043478260869544,0.9,0.2333333333333333,28.571428571428584
Synthetic-CP,0.005,0.0258,0.0014590712418826191,4.878048780487804,3.918677346701589,0.0281978630459097,0.8991001488612812,4.600116320659467,0.04768291182542482,0.5473231031155366,0.7699999999999999,0.02603416558635552,0.0,0.9000000000000001,0.013662601021279462,0.0,1.3,0.2603416558635551,0.0
Synthetic-CP,0.01,0.0263,0.0014836142056178592,6.910569105691057,3.912609286179051,0.028494817033352472,0.7428581844933118,4.590733952360155,0.04588596456064793,0.34224741565377675,0.7699999999999999,0.02603416558635552,0.0,0.9000000000000001,0.013662601021279462,0.0,1.3,0.2603416558635551,0.0
Synthetic-CP,0.02,0.0246,0.001359738536958076,0.0,3.8837584685296265,0.027656432101632464,0.0,4.575075873419179,0.044365652061973355,0.0,0.7699999999999999,0.02603416558635552,0.0,0.9000000000000001,0.013662601021279462,0.0,1.3,0.2603416558635551,0.0
Synthetic-CP,0.05,0.022299999999999997,0.001483614205617859,-9.349593495934974,3.8207277421202797,0.025838098117125154,-1.6229311611442707,4.541342961249315,0.041312303474069334,-0.7373191855866092,0.7699999999999999,0.02603416558635552,0.0,0.8920000000000001,0.013399834161494517,-0.8888888888888895,1.3,0.2603416558635551,0.0
Synthetic-CP,0.1,0.019399999999999997,0.0016546231527987808,-21.138211382113834,3.7627190863434152,0.026450335999848435,-3.1165527714197996,4.515870989304199,0.043967668891763304,-1.2940743662625422,0.76,0.026666666666666675,-1.2987012987012856,0.8880000000000001,0.014360439485692008,-1.3333333333333344,1.4,0.26666666666666666,7.692307692307681
Synthetic-CP,0.2,0.015400000000000002,0.0020666666666666663,-37.39837398373983,3.688909011498198,0.024060901611872916,-5.01703333537107,4.483399480246858,0.04323483648176,-2.0038223563668844,0.76,0.026666666666666675,-1.2987012987012856,0.8880000000000001,0.014360439485692008,-1.3333333333333344,1.4,0.26666666666666666,7.692307692307681
