condition,Method,n,cov_gap_mean,cov_gap_std,postcov10_mean,postcov10_std,postcov25_mean,postcov25_std,width_overshoot_ratio_mean,width_overshoot_ratio_std,neff_t+1_mean,neff_t+1_std,neff_t+5_mean,neff_t+5_std,neff_t+10_mean,neff_t+10_std
shift1.0_ramp0,BOCPD-weighted CP,21,0.016349206349206367,0.010535904849859404,0.8142857142857144,0.12761549390929883,0.8590476190476191,0.07549203679228438,1.295936890982047,0.2777934330366621,41.832914038488966,3.9752968451073127,40.20909219905592,6.810301279155973,41.41767574677879,5.08994879822282
shift1.0_ramp0,Hard-reset CP,21,0.01841269841269841,0.01138317704231641,0.8333333333333334,0.11547005383792516,0.8761904761904763,0.056433694764403866,1.3512848929485661,0.37681697139785036,40.857142857142854,10.664359869611088,35.904761904761905,15.022998242377458,37.095238095238095,13.94956903242807
shift1.0_ramp0,BOCPD-weighted ACI,21,0.02238095238095236,0.007082282835267894,0.8714285714285714,0.09023778112773576,0.9066666666666668,0.04618802153517006,1.261642635313619,0.2542788931266561,41.832914038488966,3.9752968451073127,40.20909219905592,6.810301279155973,41.41767574677879,5.08994879822282
shift1.0_ramp0,Hard-reset ACI,21,0.024761904761904735,0.007715167498104594,0.8714285714285713,0.09023778112773576,0.9104761904761905,0.03980906812224955,1.272589864960721,0.24243744785583943,40.857142857142854,10.664359869611088,35.904761904761905,15.022998242377458,37.095238095238095,13.94956903242807
shift1.0_ramp10,BOCPD-weighted CP,21,0.017142857142857147,0.00961975480663007,0.8619047619047618,0.09206622874969125,0.8590476190476191,0.05881366864129135,1.216523173736543,0.20788356958726686,42.19348557513464,3.7553839304104097,42.212923444730095,3.2179528703825118,42.43937331539088,3.2714678619757396
shift1.0_ramp10,Hard-reset CP,21,0.019523809523809527,0.008899794896869758,0.8714285714285714,0.11019463300386796,0.8628571428571429,0.05149202434774313,1.3771485025867292,0.328932177324056,41.95238095238095,9.651301417302179,36.76190476190476,16.16138843634656,38.0,14.628738838327793
shift1.0_ramp10,BOCPD-weighted ACI,21,0.02269841269841267,0.007041073751688705,0.9238095238095237,0.07684244858645449,0.9123809523809524,0.04668027012612094,1.2617917220565058,0.2467327343511981,42.19348557513464,3.7553839304104097,42.212923444730095,3.2179528703825118,42.43937331539088,3.2714678619757396
shift1.0_ramp10,Hard-reset ACI,21,0.026190476190476146,0.008251983888449966,0.9047619047619048,0.08047478161629563,0.9123809523809524,0.04836370146140201,1.2716994449948484,0.24006031052546525,41.95238095238095,9.651301417302179,36.76190476190476,16.16138843634656,38.0,14.628738838327793
shift1.0_ramp40,BOCPD-weighted CP,21,0.016031746031746036,0.008858081534147692,0.8857142857142858,0.09102589898327997,0.8761904761904763,0.043643578047198484,1.1711125864374214,0.1516798339472646,42.18834672887016,3.7742840747815958,42.39567982807373,2.8275701248070195,43.33903761971398,2.4078966733672815
shift1.0_ramp40,Hard-reset CP,21,0.019365079365079373,0.008070456934540636,0.8761904761904763,0.08890872794479689,0.8742857142857142,0.049454163482100126,1.246376281131017,0.2851609210329707,41.95238095238095,9.651301417302179,38.80952380952381,12.994687559226069,43.285714285714285,9.75265531608114
shift1.0_ramp40,BOCPD-weighted ACI,21,0.02365079365079361,0.007881395949728835,0.9285714285714286,0.08451542547285167,0.9219047619047619,0.04643479811725767,1.1581575931719637,0.16957818035107752,42.18834672887016,3.7742840747815958,42.39567982807373,2.8275701248070195,43.33903761971398,2.4078966733672815
shift1.0_ramp40,Hard-reset ACI,21,0.02571428571428568,0.0075382621886875695,0.9142857142857144,0.08535639569308374,0.918095238095238,0.04643479811725767,1.1829809200025299,0.17481423455712292,41.95238095238095,9.651301417302179,38.80952380952381,12.994687559226069,43.285714285714285,9.75265531608114
shift2.0_ramp0,BOCPD-weighted CP,21,0.018412698412698422,0.010729970882172743,0.6809523809523809,0.09283882603225668,0.8361904761904765,0.0454396512394396,1.745677910426986,0.457348536952409,37.102692132022064,8.021506229261814,27.862214781174224,13.358818043681985,30.87115973322652,10.868797468796423
shift2.0_ramp0,Hard-reset CP,21,0.01952380952380952,0.010815920071086275,0.7095238095238096,0.09952267030562388,0.845714285714286,0.05408987230262507,1.8093636998308578,0.40544181016517056,26.857142857142858,19.378559580850464,19.476190476190474,14.948642238073155,25.285714285714285,14.772077907805851
shift2.0_ramp0,BOCPD-weighted ACI,21,0.019841269841269812,0.007029792985429206,0.7523809523809525,0.09807674351775564,0.8761904761904764,0.047167381788285695,1.662189384123369,0.31181558509738516,37.102692132022064,8.021506229261814,27.862214781174224,13.358818043681985,30.87115973322652,10.868797468796423
shift2.0_ramp0,Hard-reset ACI,21,0.022698412698412662,0.007573275206573277,0.7666666666666667,0.09128709291752772,0.8857142857142858,0.051046197563719524,1.6239606179515889,0.308119366299835,26.857142857142858,19.378559580850464,19.476190476190474,14.948642238073155,25.285714285714285,14.772077907805851
shift2.0_ramp10,BOCPD-weighted CP,21,0.015238095238095243,0.010932694522568958,0.8380952380952383,0.08646496675642959,0.8590476190476192,0.04668027012612093,1.50910740771423,0.3632856355025979,42.22114813851224,3.7209811054025224,40.90777778014888,5.245687570909552,36.219862245869656,12.606903472366715
shift2.0_ramp10,Hard-reset CP,21,0.018095238095238095,0.012717941332858534,0.8428571428571429,0.0746420027292179,0.8571428571428573,0.05737097324805089,1.6474592845073925,0.3909475625968855,41.95238095238095,9.651301417302179,34.523809523809526,16.600057372247385,32.19047619047619,16.41224861991509
shift2.0_ramp10,BOCPD-weighted ACI,21,0.02428571428571426,0.007684244858645448,0.8904761904761904,0.06248809410409236,0.9066666666666666,0.03183289703016885,1.4986856250932716,0.3730443283631575,42.22114813851224,3.7209811054025224,40.90777778014888,5.245687570909552,36.219862245869656,12.606903472366715
shift2.0_ramp10,Hard-reset ACI,21,0.024285714285714244,0.00995226703056238,0.8857142857142856,0.0654653670707977,0.9066666666666668,0.04618802153517005,1.5205484228123045,0.33044031942372554,41.95238095238095,9.651301417302179,34.523809523809526,16.600057372247385,32.19047619047619,16.41224861991509
shift2.0_ramp40,BOCPD-weighted CP,21,0.01571428571428573,0.007968190728895957,0.8857142857142858,0.09102589898327997,0.8723809523809524,0.04668027012612094,1.191767071547928,0.17969356723974045,42.1910068811815,3.7675072711074704,42.402000110704044,2.8773662345555344,43.35626051116017,2.3118341329714145
shift2.0_ramp40,Hard-reset CP,21,0.020634920634920645,0.008731745887472112,0.8714285714285714,0.08451542547285165,0.8666666666666668,0.0511207720338155,1.2671112006100083,0.2571957496187258,41.95238095238095,9.651301417302179,37.714285714285715,14.321811537451739,43.095238095238095,8.431516838059222
shift2.0_ramp40,BOCPD-weighted ACI,21,0.022857142857142805,0.009503549879779681,0.9190476190476189,0.07496030695673288,0.9180952380952382,0.040941305257532715,1.176918744204085,0.16354444764343937,42.1910068811815,3.7675072711074704,42.402000110704044,2.8773662345555344,43.35626051116017,2.3118341329714145
shift2.0_ramp40,Hard-reset ACI,21,0.024603174603174564,0.010353538873050468,0.8999999999999999,0.08366600265340755,0.9104761904761905,0.045439651239439605,1.211406232051253,0.18144491698691342,41.95238095238095,9.651301417302179,37.714285714285715,14.321811537451739,43.095238095238095,8.431516838059222
shift4.0_ramp0,BOCPD-weighted CP,21,0.016031746031746032,0.010144459222159303,0.7571428571428572,0.11649647450214354,0.8761904761904764,0.048834024048422485,2.943400779534744,0.5262412022350634,7.584923197823491,6.794265928983974,7.657659434629566,1.8970201582267285,13.272997180217224,2.278017439547659
shift4.0_ramp0,Hard-reset CP,21,0.02031746031746031,0.010160094154461051,0.7619047619047619,0.1203170415036477,0.8533333333333334,0.05416025603090641,2.839042007805316,0.5057609295841038,3.8095238095238093,2.1358615970855324,7.523809523809524,1.1670067531530235,12.714285714285714,1.953019640015357
shift4.0_ramp0,BOCPD-weighted ACI,21,0.01825396825396821,0.006881460408554101,0.7666666666666667,0.11105554165971791,0.8800000000000002,0.04898979485566357,2.535425152306654,0.41673758987410026,7.584923197823491,6.794265928983974,7.657659434629566,1.8970201582267285,13.272997180217224,2.278017439547659
shift4.0_ramp0,Hard-reset ACI,21,0.01968253968253963,0.009882912408392484,0.7666666666666667,0.11105554165971791,0.860952380952381,0.04493381376032554,2.485427248094431,0.43665590808532523,3.8095238095238093,2.1358615970855324,7.523809523809524,1.1670067531530235,12.714285714285714,1.953019640015357
shift4.0_ramp10,BOCPD-weighted CP,21,0.0211111111111111,0.013957607775504187,0.6666666666666666,0.10645812948447543,0.8133333333333335,0.04788875998951458,2.411465493964032,0.5419373062130668,42.23298413860623,3.6677193896493523,35.27275472382218,12.725097006520999,16.154404855946716,10.426265435941323
shift4.0_ramp10,Hard-reset CP,21,0.023333333333333338,0.011879019787470288,0.7,0.14491376746189438,0.8304761904761906,0.0631249705327607,2.431610151593297,0.46759498613450995,41.95238095238095,9.651301417302179,30.142857142857142,18.064566737914625,10.238095238095237,8.043038989739898
shift4.0_ramp10,BOCPD-weighted ACI,21,0.017301587301587255,0.008001322641986395,0.7476190476190476,0.12497618820818479,0.8666666666666668,0.05112077203381551,2.1892426358370805,0.38054849035664967,42.23298413860623,3.6677193896493523,35.27275472382218,12.725097006520999,16.154404855946716,10.426265435941323
shift4.0_ramp10,Hard-reset ACI,21,0.017619047619047576,0.008242360580350043,0.7714285714285716,0.11464230084422218,0.864761904761905,0.05582284905117687,2.142754047595421,0.37996749447158357,41.95238095238095,9.651301417302179,30.142857142857142,18.064566737914625,10.238095238095237,8.043038989739898
shift4.0_ramp40,BOCPD-weighted CP,21,0.017142857142857154,0.010235326314383172,0.8619047619047618,0.09206622874969125,0.8285714285714286,0.06342599737376735,1.2938577765816657,0.24411657363084638,42.19348557513464,3.7553839304104097,42.212923444730095,3.2179528703825118,42.43937331539088,3.2714678619757396
shift4.0_ramp40,Hard-reset CP,21,0.019841269841269844,0.01087689653839174,0.8714285714285714,0.11019463300386796,0.8323809523809524,0.0688407409827031,1.4985634707085551,0.283634700166149,41.95238095238095,9.651301417302179,36.76190476190476,16.16138843634656,38.0,14.628738838327793
shift4.0_ramp40,BOCPD-weighted ACI,21,0.022063492063492018,0.008973800785013026,0.9238095238095237,0.07684244858645449,0.8914285714285716,0.04407785320154718,1.3182082570980727,0.24179978677867411,42.19348557513464,3.7553839304104097,42.212923444730095,3.2179528703825118,42.43937331539088,3.2714678619757396
shift4.0_ramp40,Hard-reset ACI,21,0.025079365079365052,0.00952301583994432,0.9047619047619048,0.08047478161629563,0.8914285714285716,0.05387816944604876,1.3786285922132582,0.2660078915188079,41.95238095238095,9.651301417302179,36.76190476190476,16.16138843634656,38.0,14.628738838327793
no_changepoint_control,BOCPD-weighted CP,21,0.015238095238095252,0.008664834971271221,0.8714285714285714,0.10555973258234953,0.8800000000000002,0.05059644256269407,1.1738268023721754,0.1677240710048393,42.1847471835893,3.7815391777984617,42.329478446782964,2.839762470578759,43.28237344342034,2.4713335760527233
no_changepoint_control,Hard-reset CP,21,0.017142857142857154,0.009385906354489042,0.8809523809523812,0.08135752957807667,0.8876190476190479,0.04999047528327391,1.2331860780779436,0.28143212402852485,41.95238095238095,9.651301417302179,39.095238095238095,12.214355332577982,43.285714285714285,9.75265531608114
no_changepoint_control,BOCPD-weighted ACI,21,0.024126984126984087,0.0075206945530879475,0.9238095238095237,0.07684244858645452,0.9276190476190477,0.037135530412902656,1.1329645630517067,0.16093263626168877,42.1847471835893,3.7815391777984617,42.329478446782964,2.839762470578759,43.28237344342034,2.4713335760527233
no_changepoint_control,Hard-reset ACI,21,0.026666666666666637,0.009368979548370116,0.9190476190476189,0.06015852075182382,0.9238095238095237,0.03774601839614218,1.177424260859951,0.1915082436868966,41.95238095238095,9.651301417302179,39.095238095238095,12.214355332577982,43.285714285714285,9.75265531608114
