experiment,dataset,pairing,metric,n,mean_diff,se,t,p_t,W,p_wilcoxon,q_wilcoxon,sig
multiseed_ablation,Synthetic-CP,CP (no ACI),coverage,30,0.0013000000000000012,0.001141837599419584,1.138515670407783,0.2642234860919541,114.0,0.1911127965168139,0.25619749470069086,
multiseed_ablation,Synthetic-CP,CP (no ACI),cov_gap,30,-0.0013000000000000002,0.001141837599419583,-1.1385156704077832,0.2642234860919541,114.5,0.19641807927052968,0.25619749470069086,
multiseed_ablation,Synthetic-CP,CP (no ACI),mean_width,30,0.06663411304103625,0.008011958994407953,8.316831512435893,3.617661059607258e-09,7.0,3.5390257835388184e-08,5.308538675308228e-07,***
multiseed_ablation,Synthetic-CP,CP (no ACI),winkler,30,0.046016199728059766,0.008619335633212042,5.33871770241201,9.896496298900104e-06,47.0,3.904104232788086e-05,0.00023424625396728516,***
multiseed_ablation,Synthetic-CP,CP (no ACI),recovery_step,30,0.03333333333333333,0.058394877222439266,0.5708263279047432,0.5725145639415321,2.0,0.5637028616507731,0.6039673517686854,
multiseed_ablation,Synthetic-CP,CP (no ACI),postcov10,30,-0.0033333333333333288,0.005839487722243926,-0.5708263279047424,0.5725145639415326,3.0,1.0,1.0,
multiseed_ablation,Synthetic-CP,CP (no ACI),postcov25,30,-0.01333333333333333,0.003992329810775616,-3.3397374378603697,0.002316228855839597,0.0,0.006655605482949389,0.0188341125383727,**
multiseed_ablation,Synthetic-CP,CP (no ACI),postcov50,30,-0.009333333333333338,0.003922623252375458,-2.3793601202157935,0.024140680031585315,28.5,0.020699507716857624,0.04435608796469491,*
multiseed_ablation,Synthetic-CP,ACI,coverage,30,0.003166666666666655,0.0007129078116367632,4.441902045365884,0.0001192052871381577,34.0,0.0005288483597268723,0.0022664929702580243,***
multiseed_ablation,Synthetic-CP,ACI,cov_gap,30,0.0031666666666666536,0.0007129078116367626,4.441902045365886,0.0001192052871381577,35.5,0.000627007252905129,0.0023512771983942335,***
multiseed_ablation,Synthetic-CP,ACI,mean_width,30,0.08838598051629518,0.006995609160637863,12.634493792708696,2.5646151868841116e-13,1.0,3.725290298461914e-09,1.1175870895385742e-07,***
multiseed_ablation,Synthetic-CP,ACI,winkler,30,0.05842956471164727,0.008016495550955374,7.288666767199025,5.001881842048306e-08,11.0,1.0244548320770264e-07,1.0244548320770264e-06,***
multiseed_ablation,Synthetic-CP,ACI,recovery_step,30,0.0,0.0,,,,,,
multiseed_ablation,Synthetic-CP,ACI,postcov10,30,0.0,0.0,,,,,,
multiseed_ablation,Synthetic-CP,ACI,postcov25,30,-0.010666666666666673,0.0042597645321932765,-2.5040507723028056,0.018154560394252117,2.0,0.013085535054447412,0.03019738858718634,*
multiseed_ablation,Synthetic-CP,ACI,postcov50,30,-0.004666666666666667,0.003134286966643614,-1.4889085512370996,0.14730686621020528,33.0,0.20670721690576854,0.25838402113221065,
multiseed_ablation,Quality-Control,CP (no ACI),coverage,30,-0.0019169329073482528,0.0016398470495837484,-1.1689705499271037,0.2519348675873796,89.0,0.1342764679603657,0.2014147019405485,
multiseed_ablation,Quality-Control,CP (no ACI),cov_gap,30,0.0022790202342918135,0.0012451005440073744,1.8303905216816896,0.07748713101587379,78.0,0.06787323250439754,0.1131220541739959,
multiseed_ablation,Quality-Control,CP (no ACI),mean_width,30,0.04345645675136698,0.019436370947764528,2.235831826227062,0.03322382163972404,134.0,0.0426517054438591,0.07997194770723581,*
multiseed_ablation,Quality-Control,CP (no ACI),winkler,30,0.08258454706895649,0.017760258146831694,4.6499632148471335,6.70444144776905e-05,45.0,3.049522638320923e-05,0.00022871419787406921,***
multiseed_ablation,Quality-Control,CP (no ACI),recovery_step,30,-0.36666666666666664,0.16247605187519232,-2.2567428395436733,0.031732354895477766,8.0,0.04135465397319256,0.07997194770723581,*
multiseed_ablation,Quality-Control,CP (no ACI),postcov10,30,0.036666666666666674,0.011227361214762057,3.2658312104946163,0.0028031527280156787,0.0,0.00690584126406999,0.0188341125383727,**
multiseed_ablation,Quality-Control,CP (no ACI),postcov25,30,0.003999999999999996,0.006461201624835867,0.6190798913664309,0.5406969736336906,42.0,0.48501677600440185,0.5389075288937798,
multiseed_ablation,Quality-Control,CP (no ACI),postcov50,30,-0.010000000000000005,0.005570860145311554,-1.7950549357115029,0.08307466551442899,43.0,0.06267187382843746,0.11059742440312494,
multiseed_ablation,Quality-Control,ACI,coverage,30,-0.002023429179978705,0.0016461548635332305,-1.2291851907758606,0.2288830188638662,124.5,0.19467718437400605,0.25619749470069086,
multiseed_ablation,Quality-Control,ACI,cov_gap,30,-0.0010223642172523665,0.001241672146095615,-0.823376944120996,0.41701366993586664,137.0,0.3276938203970441,0.3932325844764529,
multiseed_ablation,Quality-Control,ACI,mean_width,30,0.028125360491808908,0.01587160409650625,1.7720553209867445,0.0868932265747362,158.0,0.12935307621955872,0.2014147019405485,
multiseed_ablation,Quality-Control,ACI,winkler,30,0.0561637642670477,0.01402144622050389,4.005561436659659,0.0003940667351765015,62.0,0.00020912662148475647,0.0010456331074237823,***
multiseed_ablation,Quality-Control,ACI,recovery_step,30,0.06666666666666667,0.095090197149179,0.7010887416930995,0.48883556981941534,5.0,0.4795001221869535,0.5389075288937798,
multiseed_ablation,Quality-Control,ACI,postcov10,30,0.0,0.006780635036208105,0.0,1.0,5.0,1.0,1.0,
multiseed_ablation,Quality-Control,ACI,postcov25,30,-0.010666666666666677,0.0038036078859671617,-2.8043549667723995,0.008903704513648192,1.5,0.0049574638816814,0.016524879605604666,**
multiseed_ablation,Quality-Control,ACI,postcov50,30,-0.013333333333333334,0.00463205555853101,-2.8784916685156965,0.007429038369181962,19.5,0.010895637762982682,0.027239094407456702,*
