dataset,seed,Method,coverage,cov_gap,mean_width,winkler,recovery_step,postcov10,postgap10,post_winkler10,post_width10,postcov25,postgap25,post_winkler25,post_width25,postcov50,postgap50,post_winkler50,post_width50
Synthetic-CP,0,SplitCP,0.888,0.01200000000000001,3.2247358899441934,4.5146433282669785,17.0,0.1,0.8,37.123566611006716,3.3442080638862075,0.44,0.46,19.00542337189095,3.4276472874235835,0.68,0.21999999999999997,11.328646442859021,3.458015497627639
Synthetic-CP,0,NExCP,0.888,0.01200000000000001,3.248009132897948,4.471951841669355,5.0,0.4,0.5,25.212832695411294,5.257784718319042,0.76,0.14,13.793223657643136,5.8112044668062355,0.88,0.020000000000000018,9.592451386367646,5.601441790949195
Synthetic-CP,0,FACI,0.892,0.008000000000000007,3.1984226081854477,4.4232442685185385,8.0,0.2,0.7,27.774655366440914,4.76346113001024,0.64,0.26,14.486242088868236,5.161005181644718,0.8,0.09999999999999998,9.275471038249757,4.573302995204884
Synthetic-CP,0,SF-OGD,0.899,0.0010000000000000009,3.853191105196299,4.892006425314798,2.0,0.7,0.20000000000000007,19.179789680507636,7.075652714053419,0.88,0.020000000000000018,11.471888668006232,6.630233881424545,0.92,0.020000000000000018,7.791818266044839,5.253149592206212
Synthetic-CP,0,SAOCP,0.911,0.01100000000000001,3.995056915136542,4.939457450459077,0.0,0.9,0.0,18.045913576789204,10.48694241165235,0.96,0.05999999999999994,11.000357343145264,7.976768877090523,0.92,0.020000000000000018,7.573001732247897,5.919273015586879
Synthetic-CP,0,CA-AOCP,0.932,0.03200000000000003,3.8307186754957594,4.54373548816324,0.0,0.9,0.0,16.81693115394939,10.096271845839544,0.96,0.05999999999999994,12.193635411099828,9.505371687855893,0.94,0.039999999999999925,8.312041215394904,6.569115189990775
Quality-Control,0,SplitCP,0.865814696485623,0.034185303514376986,3.753803552585825,5.245760281118696,9.0,0.3,0.6000000000000001,15.789264304447192,3.903240697753265,0.64,0.26,9.053279851939621,3.9849556343606376,0.8,0.09999999999999998,6.625531301615361,4.011617757496683
Quality-Control,0,NExCP,0.8849840255591054,0.015015974440894642,3.9472056654814294,5.255465276493697,3.0,0.6,0.30000000000000004,12.738804943225855,4.965194584454032,0.84,0.06000000000000005,8.085922288202498,4.976478144693768,0.92,0.020000000000000018,6.302695978588332,4.747973906833968
Quality-Control,0,FACI,0.8817891373801917,0.01821086261980831,3.9263237652412855,5.226268547676199,3.0,0.6,0.30000000000000004,12.760424918175994,5.003033975006521,0.8,0.09999999999999998,7.965715265423484,4.842727076459099,0.88,0.020000000000000018,6.1735478673437,4.5469016624500975
Quality-Control,0,SF-OGD,0.8977635782747604,0.0022364217252396346,4.871415912736132,6.174146716464618,0.0,0.9,0.0,10.200234703074125,6.746355618421163,0.92,0.020000000000000018,7.466998969278141,5.813929785443301,0.9,0.0,6.07687735598822,5.167066454119871
Quality-Control,0,SAOCP,0.8881789137380192,0.011821086261980862,4.663114638014154,6.12424962398384,0.0,0.9,0.0,9.722337408517223,8.423889428374,0.88,0.020000000000000018,7.193844333363315,6.567530401489845,0.86,0.040000000000000036,6.133673982439917,5.304593055317956
Quality-Control,0,CA-AOCP,0.9169329073482428,0.01693290734824282,4.49382821064812,5.381838554468889,1.0,0.8,0.09999999999999998,12.077778456033016,8.09878453030871,0.92,0.020000000000000018,8.521552087131335,6.929954516841613,0.96,0.05999999999999994,6.503540266946311,5.707741481801448
Synthetic-CP,1,SplitCP,0.879,0.02100000000000002,3.1477220483143356,4.491691236737129,13.0,0.0,0.9,32.520845948504004,3.080331903573794,0.44,0.46,17.057045836499867,3.146307019300701,0.68,0.21999999999999997,10.404083139897326,3.18446620145526
Synthetic-CP,1,NExCP,0.886,0.014000000000000012,3.312885591370913,4.469526221349236,10.0,0.2,0.7,23.10204191203305,4.264154759976776,0.64,0.26,13.182645374754033,5.0420098404110005,0.82,0.08000000000000007,8.91512987237379,4.844812105202273
Synthetic-CP,1,FACI,0.894,0.006000000000000005,3.3503179901091067,4.441522413145766,9.0,0.2,0.7,24.99699310230142,3.9773768450697373,0.6,0.30000000000000004,13.818565295557246,4.490964200852902,0.78,0.12,8.95325002313772,4.285054782353416
Synthetic-CP,1,SF-OGD,0.899,0.0010000000000000009,3.7610558400998584,4.762732399796932,2.0,0.7,0.20000000000000007,16.160006067737633,6.565847334266541,0.88,0.020000000000000018,10.057351940242736,6.219688446854297,0.92,0.020000000000000018,7.028310302815052,5.10944254805941
Synthetic-CP,1,SAOCP,0.905,0.0050000000000000044,3.9492745797321676,4.869312636359951,1.0,0.8,0.09999999999999998,15.580796043251677,10.120178099071033,0.92,0.020000000000000018,10.211462136237605,8.027214958565349,0.94,0.039999999999999925,7.241955643953961,6.099773276313637
Synthetic-CP,1,CA-AOCP,0.932,0.03200000000000003,3.893954948629245,4.550157011205305,1.0,0.8,0.09999999999999998,18.194991701050338,10.099262188396807,0.92,0.020000000000000018,12.245806749893434,9.007514944832021,0.96,0.05999999999999994,8.191685055141736,6.572539152611029
Quality-Control,1,SplitCP,0.8849840255591054,0.015015974440894642,3.6499498352859128,5.326128104987479,8.0,0.4,0.5,20.3230348571574,3.7729495059487355,0.68,0.21999999999999997,10.775904894438852,3.9360613620829805,0.8,0.09999999999999998,8.209352639791444,3.9801399051766024
Quality-Control,1,NExCP,0.8849840255591054,0.015015974440894642,3.6327234334166105,5.209765359023124,4.0,0.5,0.4,17.49355457753492,4.699587704077631,0.8,0.09999999999999998,9.946799897636406,4.829213148253493,0.86,0.040000000000000036,7.90025440172775,4.644949727786992
Quality-Control,1,FACI,0.8977635782747604,0.0022364217252396346,3.732517435986614,5.22970363484452,3.0,0.6,0.30000000000000004,17.3202166475672,5.193581445094837,0.84,0.06000000000000005,10.048826476806147,5.198172395817203,0.88,0.020000000000000018,8.026332793676325,4.69042303728041
Quality-Control,1,SF-OGD,0.8977635782747604,0.0022364217252396346,4.503424511673992,5.882970621192765,3.0,0.7,0.20000000000000007,16.605483547509078,6.867494077655462,0.88,0.020000000000000018,10.68858281169827,6.793387023756825,0.88,0.020000000000000018,8.609885622498233,5.405642593157823
Quality-Control,1,SAOCP,0.9041533546325878,0.0041533546325878135,4.729272253137892,5.814200966327815,0.0,0.9,0.0,13.406682020708681,9.353517481319749,0.96,0.05999999999999994,9.02457055726083,7.4033047415052575,0.92,0.020000000000000018,7.959836645112512,6.204469641590737
Quality-Control,1,CA-AOCP,0.9233226837060703,0.02332268370607027,4.27291944615389,5.35996348700164,1.0,0.8,0.09999999999999998,12.360903523090133,8.127646140942808,0.92,0.020000000000000018,9.307843340220863,7.614540387361933,0.92,0.020000000000000018,7.69588109603125,5.999266796199918
Synthetic-CP,2,SplitCP,0.903,0.0030000000000000027,3.50902808222577,4.64980844509762,14.0,0.0,0.9,38.793303944949834,3.518777741675682,0.52,0.38,18.918997591333472,3.6096467852449057,0.74,0.16000000000000003,11.371511323399968,3.6267215640269588
Synthetic-CP,2,NExCP,0.897,0.0030000000000000027,3.549533270691318,4.633451062324148,7.0,0.3,0.6000000000000001,25.727846036138743,5.534513437781692,0.72,0.18000000000000005,14.340097539792803,6.2627645004499835,0.86,0.040000000000000036,9.991802766658724,5.953136246987312
Synthetic-CP,2,FACI,0.889,0.01100000000000001,3.459067563889202,4.602258670114578,14.0,0.2,0.7,30.328037769454575,4.727765677232476,0.6,0.30000000000000004,15.502114801513978,5.185531321700362,0.78,0.12,9.69517305783971,4.265710496046131
Synthetic-CP,2,SF-OGD,0.899,0.0010000000000000009,3.9087680725348624,5.008081500500902,2.0,0.7,0.20000000000000007,16.86789089585723,7.002201491519363,0.88,0.020000000000000018,10.503058420625639,6.556782658890492,0.92,0.020000000000000018,7.339372049746715,4.848633877967783
Synthetic-CP,2,SAOCP,0.912,0.01200000000000001,4.086813826827075,5.01839046224307,0.0,0.9,0.0,13.707245124940618,9.292184465930458,0.96,0.05999999999999994,9.316489804690718,7.550465541086655,0.96,0.05999999999999994,6.979779370840147,5.708910153325019
Synthetic-CP,2,CA-AOCP,0.932,0.03200000000000003,4.075957713981048,4.693210466712596,1.0,0.8,0.09999999999999998,15.277942346967489,8.887091151380274,0.92,0.020000000000000018,11.370731445252725,8.814390967017838,0.9,0.0,7.774574254894771,6.218608150591133
Quality-Control,2,SplitCP,0.9073482428115016,0.007348242811501593,4.140094924898315,5.2885261527503875,7.0,0.4,0.5,15.818677066820621,4.1726163873674125,0.76,0.14,8.927809420051496,4.269385148270212,0.88,0.020000000000000018,6.565910943116964,4.236698807226321
Quality-Control,2,NExCP,0.9041533546325878,0.0041533546325878135,4.056394706490325,5.304661943151801,4.0,0.6,0.30000000000000004,14.721409465218438,4.708394787568532,0.84,0.06000000000000005,8.821697742188809,4.8164918711288465,0.88,0.020000000000000018,6.551809772686377,4.537094019745708
Quality-Control,2,FACI,0.9073482428115016,0.007348242811501593,4.032309959228476,5.293223768745856,4.0,0.6,0.30000000000000004,14.538831746141444,4.703596577628794,0.84,0.06000000000000005,8.489623102204336,4.555529034799274,0.9,0.0,6.329566204667242,4.335609743241863
Quality-Control,2,SF-OGD,0.8977635782747604,0.0022364217252396346,4.9948286707150125,6.125938069054521,1.0,0.8,0.09999999999999998,10.939818901854487,9.448820050485578,0.92,0.020000000000000018,8.405316419003503,7.80891687845594,0.9,0.0,6.811008388364717,6.147063721041905
Quality-Control,2,SAOCP,0.8881789137380192,0.011821086261980862,4.468126579320087,5.878164606706267,1.0,0.8,0.09999999999999998,11.49881616978546,8.264340608421492,0.88,0.020000000000000018,8.40434678015073,6.050755459071512,0.9,0.0,6.457659733082562,4.963564966641861
Quality-Control,2,CA-AOCP,0.9201277955271565,0.02012779552715649,4.631437582014028,5.529432629371411,1.0,0.8,0.09999999999999998,13.973268447170963,8.165204707069174,0.92,0.020000000000000018,9.308434161589801,6.985208665549086,0.88,0.020000000000000018,6.807397738815457,5.299384718555927
Synthetic-CP,3,SplitCP,0.909,0.009000000000000008,3.5405590376026264,4.622863499389548,9.0,0.1,0.8,32.549401522004516,3.389016954375939,0.6,0.30000000000000004,15.975351483449122,3.4404904833770984,0.8,0.09999999999999998,9.714697906922167,3.447267406886157
Synthetic-CP,3,NExCP,0.894,0.006000000000000005,3.4848380470028464,4.652979234615585,5.0,0.4,0.5,26.34599035309656,5.331006506652009,0.76,0.14,14.235966916871934,5.829973378294112,0.88,0.020000000000000018,9.389005964280548,5.1860091949916365
Synthetic-CP,3,FACI,0.896,0.0040000000000000036,3.435624027227989,4.610409316548453,6.0,0.4,0.5,28.49587838298899,4.385768699505778,0.72,0.18000000000000005,14.968743829491572,4.577727162447311,0.84,0.06000000000000005,9.133274477927324,3.8482181975824314
Synthetic-CP,3,SF-OGD,0.897,0.0030000000000000027,3.886682493282662,5.00924553194964,4.0,0.6,0.30000000000000004,16.880151302467898,7.742419743879895,0.84,0.06000000000000005,11.455174573580296,7.800081950145097,0.92,0.020000000000000018,8.002023663961424,6.174477352243822
Synthetic-CP,3,SAOCP,0.904,0.0040000000000000036,4.0040091260609865,4.989926578788428,1.0,0.8,0.09999999999999998,15.441871338878784,10.282744672596628,0.92,0.020000000000000018,9.670407273427411,7.60675660691455,0.92,0.020000000000000018,6.685883085632696,5.597341462842747
Synthetic-CP,3,CA-AOCP,0.928,0.028000000000000025,3.969553975201956,4.738570000797277,1.0,0.8,0.09999999999999998,15.872274425772128,9.400543954393934,0.92,0.020000000000000018,10.641706637172865,8.053014448621585,0.86,0.040000000000000036,7.181516438727722,5.421386400499744
Quality-Control,3,SplitCP,0.9265175718849841,0.026517571884984048,4.623474188518826,5.881973090891657,4.0,0.5,0.4,17.700990784773946,4.502974178812798,0.8,0.09999999999999998,9.766178669932138,4.4869720275476785,0.9,0.0,7.0691848605024346,4.429581539310205
Quality-Control,3,NExCP,0.9073482428115016,0.007348242811501593,4.41798190671148,5.788265678332443,3.0,0.6,0.30000000000000004,14.883661617992553,5.621074724164256,0.84,0.06000000000000005,9.413917735228056,5.708882977696735,0.92,0.020000000000000018,6.878842864975578,5.0263254862099185
Quality-Control,3,FACI,0.9041533546325878,0.0041533546325878135,4.302090480377064,5.751930556516765,3.0,0.6,0.30000000000000004,16.3527028387225,5.365327810386724,0.84,0.06000000000000005,9.390521225399333,4.9955712140650235,0.92,0.020000000000000018,6.734258780564278,4.536783774897122
Quality-Control,3,SF-OGD,0.8977635782747604,0.0022364217252396346,4.685998129492839,6.16170401063552,0.0,0.9,0.0,10.456527748377669,7.584759616846425,0.92,0.020000000000000018,7.434697513820817,6.239106449452678,0.92,0.020000000000000018,5.835990598206263,5.079597933509865
Quality-Control,3,SAOCP,0.8849840255591054,0.015015974440894642,4.4148742006016475,6.238255646992949,0.0,0.9,0.0,11.95397676852448,7.721645274973655,0.92,0.020000000000000018,7.698419800146996,5.9048450246204744,0.9,0.0,5.827408756372734,4.733434957795941
Quality-Control,3,CA-AOCP,0.9329073482428115,0.032907348242811496,4.798115037396929,6.049330151634572,0.0,0.9,0.0,12.553860232330555,8.735920620223192,0.96,0.05999999999999994,8.925180767194394,7.39800492235145,0.98,0.07999999999999996,6.422905748185702,5.65931782576423
Synthetic-CP,4,SplitCP,0.897,0.0030000000000000027,3.4412556614289262,4.63041902528597,17.0,0.0,0.9,38.4162216256471,3.3728745427709894,0.44,0.46,19.07818121203861,3.4394397953092604,0.7,0.20000000000000007,11.620614046047002,3.4560496867977895
Synthetic-CP,4,NExCP,0.896,0.0040000000000000036,3.5508812123016105,4.587166534258817,6.0,0.3,0.6000000000000001,24.14551051548311,5.36526737344692,0.72,0.18000000000000005,13.72382900677983,6.211731749965356,0.84,0.06000000000000005,9.794256852559997,6.027745475645394
Synthetic-CP,4,FACI,0.893,0.007000000000000006,3.4738685126693944,4.60960902870216,10.0,0.1,0.8,32.24912298615748,4.216504887374146,0.6,0.30000000000000004,16.36929506464116,4.841974473702485,0.74,0.16000000000000003,10.293621409218296,4.155174952477529
Synthetic-CP,4,SF-OGD,0.898,0.0020000000000000018,3.9542074871111046,5.0363942774137795,3.0,0.6,0.30000000000000004,17.444107010566782,6.47225887304778,0.84,0.06000000000000005,10.719717811493403,6.330978556485803,0.88,0.020000000000000018,7.681276009453556,5.086164426580327
Synthetic-CP,4,SAOCP,0.904,0.0040000000000000036,4.048253390007919,5.027483697925222,1.0,0.8,0.09999999999999998,11.549377754257698,8.155420043082838,0.88,0.020000000000000018,8.026898600787694,6.614257288356857,0.9,0.0,6.093350416088369,5.138533709797653
Synthetic-CP,4,CA-AOCP,0.934,0.03400000000000003,4.002625607445259,4.616221170109275,2.0,0.7,0.20000000000000007,14.26879242211381,7.461207356415312,0.88,0.020000000000000018,10.531374975159393,7.808340948879991,0.86,0.040000000000000036,7.561056024388238,5.527419991847835
Quality-Control,4,SplitCP,0.9233226837060703,0.02332268370607027,4.293267305086412,5.4128568202538,5.0,0.4,0.5,19.498939921056955,4.41174433137203,0.72,0.18000000000000005,11.114172816867724,4.462244709060651,0.84,0.06000000000000005,8.186736497581885,4.4722857371439035
Quality-Control,4,NExCP,0.9041533546325878,0.0041533546325878135,4.108146572034151,5.386392251769693,3.0,0.6,0.30000000000000004,19.67406240647815,5.958897176663079,0.8,0.09999999999999998,11.65905419481436,5.640615569928951,0.88,0.020000000000000018,8.51648894998459,5.144761832255514
Quality-Control,4,FACI,0.9009584664536742,0.000958466453674145,3.9951684343480443,5.322514999734772,3.0,0.6,0.30000000000000004,18.731453301570262,4.788041635906912,0.8,0.09999999999999998,10.900215803420965,4.757629298105993,0.88,0.020000000000000018,8.125981032273378,4.587923597388869
Quality-Control,4,SF-OGD,0.8977635782747604,0.0022364217252396346,4.974482463108311,6.016388889531306,0.0,0.9,0.0,8.921629589587983,7.852054196190073,0.92,0.020000000000000018,7.684196079315501,6.5064010287963265,0.92,0.020000000000000018,6.634602628228467,4.834877266051345
Quality-Control,4,SAOCP,0.8945686900958466,0.005431309904153414,4.531119747648583,5.964272415721953,0.0,0.9,0.0,10.791549754868168,8.618558562426973,0.96,0.05999999999999994,7.540661352228528,6.67146487525205,0.92,0.020000000000000018,6.938252174589475,5.356489088634237
Quality-Control,4,CA-AOCP,0.9361022364217252,0.036102236421725165,4.561996203735954,5.3564306559104695,1.0,0.8,0.09999999999999998,12.17013776594777,8.05505523852781,0.92,0.020000000000000018,9.62194085233295,7.975907841364966,0.94,0.039999999999999925,7.714189202776615,6.246473936105735
Synthetic-CP,5,SplitCP,0.887,0.013000000000000012,3.2541128036376867,4.3433182289020245,15.0,0.2,0.7,27.827734323939815,3.225611116879489,0.52,0.38,15.561975451955158,3.289142274830734,0.72,0.18000000000000005,9.532620279226878,3.3158567967580024
Synthetic-CP,5,NExCP,0.895,0.0050000000000000044,3.361480843391809,4.363862265736126,5.0,0.5,0.4,20.6327063321907,4.477419557208779,0.8,0.09999999999999998,11.735683246780747,5.27356853678798,0.9,0.0,8.540690016872226,5.309632661875843
Synthetic-CP,5,FACI,0.894,0.006000000000000005,3.312526956260899,4.316053809681741,8.0,0.3,0.6000000000000001,21.836470643299343,4.217941540261762,0.64,0.26,12.377107012665032,4.92495279222788,0.8,0.09999999999999998,8.11682626125155,4.353657345936721
Synthetic-CP,5,SF-OGD,0.9,0.0,3.716653675397325,4.756244430631439,2.0,0.7,0.20000000000000007,11.68031257750224,7.099667894025529,0.88,0.020000000000000018,8.287674143196096,6.4554162698054105,0.9,0.0,6.223636051728201,4.977098223687525
Synthetic-CP,5,SAOCP,0.917,0.017000000000000015,3.912868554223757,4.845181087662555,0.0,0.9,0.0,11.320852936253756,8.50179639004116,0.88,0.020000000000000018,8.558809434976581,6.826564198710908,0.92,0.020000000000000018,6.238305766380746,5.36619096097065
Synthetic-CP,5,CA-AOCP,0.935,0.03500000000000003,3.844114329291404,4.354614206052114,2.0,0.7,0.20000000000000007,13.081100804677906,6.663362832912549,0.88,0.020000000000000018,9.564471333464214,6.997376144758073,0.9,0.0,6.9499748947423905,5.617467839052658
Quality-Control,5,SplitCP,0.8913738019169329,0.008626198083067083,3.8044747207631127,4.899738837901989,5.0,0.5,0.4,14.776892069093972,3.875472635809545,0.76,0.14,8.566035888297046,3.9498081942559957,0.8,0.09999999999999998,6.815345403273596,3.9900176600441903
Quality-Control,5,NExCP,0.8881789137380192,0.011821086261980862,3.692725048779899,4.849317171467655,5.0,0.5,0.4,14.078457700963401,4.213969300385804,0.76,0.14,8.385281056821219,4.212938578395505,0.82,0.08000000000000007,6.768964324957107,4.331123238494673
Quality-Control,5,FACI,0.8881789137380192,0.011821086261980862,3.7084623297455894,4.905192578910902,5.0,0.5,0.4,14.3760870990692,4.096125765727598,0.76,0.14,8.44462185488292,4.092401957260764,0.8,0.09999999999999998,6.794006772811554,4.190633624890272
Quality-Control,5,SF-OGD,0.8977635782747604,0.0022364217252396346,4.201655129131053,5.648638163586073,2.0,0.8,0.09999999999999998,12.014577403489161,7.131175971889265,0.92,0.020000000000000018,8.480146138714987,6.526785566075029,0.9,0.0,7.006912445053326,5.616510992810082
Quality-Control,5,SAOCP,0.8945686900958466,0.005431309904153414,4.35529962366336,5.683311780756903,2.0,0.8,0.09999999999999998,11.189633976781154,8.2982460614239,0.88,0.020000000000000018,8.12138048803537,6.562688642742721,0.9,0.0,6.9503322470302225,5.782301497642394
Quality-Control,5,CA-AOCP,0.9329073482428115,0.032907348242811496,4.323667840433007,4.981825276675918,0.0,0.9,0.0,11.962363929947724,7.876081138153249,0.92,0.020000000000000018,9.01088852592686,6.824854106263748,0.92,0.020000000000000018,7.060894769178774,5.822862964633577
Synthetic-CP,6,SplitCP,0.894,0.006000000000000005,3.355584757333653,4.481282493317561,10.0,0.0,0.9,36.87060757069271,3.370578340285906,0.52,0.38,17.534018072539187,3.4338968835068147,0.7,0.20000000000000007,11.20226860010827,3.4565678277812855
Synthetic-CP,6,NExCP,0.892,0.008000000000000007,3.398570442127414,4.423324273127141,9.0,0.3,0.6000000000000001,21.746289323386556,5.302804473883102,0.72,0.18000000000000005,12.742503084375038,6.165109144573655,0.86,0.040000000000000036,9.118085289978103,5.829388320077412
Synthetic-CP,6,FACI,0.893,0.007000000000000006,3.333816434030531,4.401306037558005,6.0,0.3,0.6000000000000001,23.638885475423074,5.146325082881942,0.68,0.21999999999999997,13.09089553965494,5.133089324165512,0.8,0.09999999999999998,9.05828277088758,4.7512435740753505
Synthetic-CP,6,SF-OGD,0.899,0.0010000000000000009,3.8094370812905143,4.653838933147272,2.0,0.7,0.20000000000000007,10.003437354088346,8.683873696170316,0.88,0.020000000000000018,8.67131482321519,8.14348936004798,0.92,0.020000000000000018,7.055995711779682,6.744785542570831
Synthetic-CP,6,SAOCP,0.905,0.0050000000000000044,3.8695992714561402,4.705087176158281,0.0,0.9,0.0,11.473946463386932,9.162603685503,0.92,0.020000000000000018,8.856929337815979,7.033296201477574,0.92,0.020000000000000018,6.871338653713909,5.709552904194708
Synthetic-CP,6,CA-AOCP,0.924,0.02400000000000002,3.8149015660046235,4.454036359725417,3.0,0.6,0.30000000000000004,12.629037776060084,7.662468445634166,0.8,0.09999999999999998,10.246460843733333,7.035768612529754,0.86,0.040000000000000036,7.728966925729935,5.859365874112923
Quality-Control,6,SplitCP,0.9073482428115016,0.007348242811501593,4.00885882166409,5.232853641342818,7.0,0.4,0.5,21.507475357460216,4.041313252068784,0.72,0.18000000000000005,12.184087178812504,4.099721950973957,0.86,0.040000000000000036,8.117983584117512,4.075800970198239
Quality-Control,6,NExCP,0.9009584664536742,0.000958466453674145,3.9738292188158693,5.213948969349166,7.0,0.4,0.5,19.885036672018646,4.514959636378258,0.72,0.18000000000000005,11.671403681984389,4.6927184839647,0.86,0.040000000000000036,8.011147644963891,4.521805045954048
Quality-Control,6,FACI,0.8881789137380192,0.011821086261980862,3.9411843183344772,5.212197934881447,7.0,0.4,0.5,20.466210790844546,4.375027177393651,0.72,0.18000000000000005,11.882229893039556,4.400481772474026,0.84,0.06000000000000005,7.983991271639748,4.200009413422365
Quality-Control,6,SF-OGD,0.8977635782747604,0.0022364217252396346,4.656456904650418,5.860450100748353,2.0,0.7,0.20000000000000007,18.627600975413078,7.839609759159117,0.84,0.06000000000000005,12.279365512534573,7.302533454958462,0.88,0.020000000000000018,8.62951731732947,6.0157889204263775
Quality-Control,6,SAOCP,0.8913738019169329,0.008626198083067083,4.59893440941365,5.700139018390975,1.0,0.8,0.09999999999999998,15.691297472581462,9.993880616410522,0.84,0.06000000000000005,10.603654041124507,7.269424174942481,0.88,0.020000000000000018,7.690241202909967,5.492490227704987
Quality-Control,6,CA-AOCP,0.9265175718849841,0.026517571884984048,4.411583040731422,5.226984945256349,1.0,0.8,0.09999999999999998,16.8221862042672,9.943128135231127,0.84,0.06000000000000005,12.318910296098073,8.16082333286745,0.88,0.020000000000000018,8.11147254404323,5.916613948857175
Synthetic-CP,7,SplitCP,0.888,0.01200000000000001,3.187624409552099,4.324338229232681,16.0,0.1,0.8,33.70140274573184,3.233204419191864,0.44,0.46,18.283075604650804,3.283177818789087,0.72,0.18000000000000005,10.794745168906683,3.2947962759758243
Synthetic-CP,7,NExCP,0.895,0.0050000000000000044,3.292967688946901,4.319124061798561,5.0,0.4,0.5,23.641103848804427,5.0732836586205,0.68,0.21999999999999997,12.989758060370653,5.421311846999524,0.84,0.06000000000000005,9.064887332424211,5.280664225738645
Synthetic-CP,7,FACI,0.895,0.0050000000000000044,3.2460899925738658,4.277758642284189,10.0,0.2,0.7,27.79463522423804,4.06208739883088,0.64,0.26,14.55384274623315,4.598218195559173,0.8,0.09999999999999998,9.000947831354845,3.9660936246423275
Synthetic-CP,7,SF-OGD,0.9,0.0,3.7436660844186163,4.649336876750382,4.0,0.7,0.20000000000000007,14.781684623895163,8.19055213492432,0.88,0.020000000000000018,10.58421907309035,7.9477660775020125,0.94,0.039999999999999925,7.540238556165739,6.22201205837157
Synthetic-CP,7,SAOCP,0.907,0.007000000000000006,3.844175011807754,4.6934688384915955,1.0,0.8,0.09999999999999998,15.615833053998283,8.61449260286724,0.92,0.020000000000000018,10.21475816647492,7.414221986022503,0.94,0.039999999999999925,7.116096353969498,5.5441598269669115
Synthetic-CP,7,CA-AOCP,0.932,0.03200000000000003,3.758709577787762,4.291394063350826,1.0,0.8,0.09999999999999998,15.153218820956644,9.103284637680213,0.92,0.020000000000000018,10.90538557599827,8.485411902687696,0.92,0.020000000000000018,6.860153313223761,5.360736584604751
Quality-Control,7,SplitCP,0.8881789137380192,0.011821086261980862,3.702278131774336,4.953176700901833,7.0,0.3,0.6000000000000001,17.887315528712776,3.9634208401505475,0.68,0.21999999999999997,10.625009187911365,4.059103143321283,0.84,0.06000000000000005,7.303480164694577,4.020527142399536
Quality-Control,7,NExCP,0.8817891373801917,0.01821086261980831,3.7557288542556244,4.94410752307902,6.0,0.5,0.4,15.444974677999554,4.712816910381386,0.76,0.14,9.91225996362623,4.982788782176096,0.88,0.020000000000000018,7.1050753029719065,4.64033971224684
Quality-Control,7,FACI,0.8977635782747604,0.0022364217252396346,3.707223275591871,4.861943715143266,6.0,0.5,0.4,15.278622669758766,4.694960604846779,0.76,0.14,9.921547502974885,4.9201976745109945,0.88,0.020000000000000018,6.797830103716124,4.2971551894841795
Quality-Control,7,SF-OGD,0.9009584664536742,0.000958466453674145,4.644782676102258,5.785544307022449,2.0,0.8,0.09999999999999998,14.614093176065861,6.453178354615912,0.88,0.020000000000000018,10.045637636394359,6.419467134181199,0.9,0.0,7.142227780842326,5.226574490221139
Quality-Control,7,SAOCP,0.9041533546325878,0.0041533546325878135,4.291486132386188,5.532216278845621,0.0,0.9,0.0,13.325881492010405,8.411491051754076,0.92,0.020000000000000018,8.56109906175608,6.328609268135064,0.9,0.0,6.337113592729524,4.723802020638927
Quality-Control,7,CA-AOCP,0.9265175718849841,0.026517571884984048,4.2410042314722745,4.9059677094767595,0.0,0.9,0.0,14.234907551742399,8.982001828286831,0.96,0.05999999999999994,9.62357215455462,7.522409865172392,0.96,0.05999999999999994,6.464729253160683,5.280846368893267
Synthetic-CP,8,SplitCP,0.908,0.008000000000000007,3.530824833403625,4.631540826413833,16.0,0.1,0.8,31.589431320729528,3.447782602797239,0.44,0.46,17.030272861103782,3.5533037753219916,0.7,0.20000000000000007,10.893325856923687,3.580920108399031
Synthetic-CP,8,NExCP,0.897,0.0030000000000000027,3.498668420568217,4.619413377056524,8.0,0.4,0.5,25.39176177965628,4.605850363152187,0.72,0.18000000000000005,13.779327717249794,5.357925252137104,0.84,0.06000000000000005,9.847261533802998,5.202480081792052
Synthetic-CP,8,FACI,0.898,0.0020000000000000018,3.446320401891113,4.573901165016834,8.0,0.3,0.6000000000000001,25.74320722759183,4.311299839539776,0.68,0.21999999999999997,13.584538868755287,4.406633411141732,0.78,0.12,9.320471139283448,3.832806089643177
Synthetic-CP,8,SF-OGD,0.9,0.0,3.886524088382997,5.004056996646729,2.0,0.7,0.20000000000000007,16.02573570890862,7.35061907626164,0.88,0.020000000000000018,10.275882671790594,6.805836018731803,0.9,0.0,7.85828881871572,5.295392469635255
Synthetic-CP,8,SAOCP,0.91,0.010000000000000009,4.126524851282673,5.069795614878434,1.0,0.8,0.09999999999999998,14.278847831960164,9.842032779220828,0.92,0.020000000000000018,8.949166822437252,7.174440801341518,0.9,0.0,7.450255054378371,5.66406191314001
Synthetic-CP,8,CA-AOCP,0.929,0.029000000000000026,4.00202182290975,4.6634302098455205,1.0,0.8,0.09999999999999998,19.730229724159678,9.448424999448914,0.92,0.020000000000000018,13.01407577658771,8.901353886703406,0.9,0.0,9.151527653288063,6.064639520260303
Quality-Control,8,SplitCP,0.9169329073482428,0.01693290734824282,4.484790719298123,5.676816424902771,10.0,0.2,0.7,23.67453946203969,4.534431156489207,0.64,0.26,12.91726957237065,4.729422202837775,0.8,0.09999999999999998,9.337905192614649,4.772644429141027
Quality-Control,8,NExCP,0.9009584664536742,0.000958466453674145,4.319072162326668,5.570942611814204,5.0,0.4,0.5,23.467810500219933,5.285599643414981,0.76,0.14,13.190225078319951,5.917340735597967,0.86,0.040000000000000036,9.630120358237527,5.654267634095994
Quality-Control,8,FACI,0.8945686900958466,0.005431309904153414,4.260974319940396,5.58073926872684,10.0,0.3,0.6000000000000001,23.10007608677972,4.699880964248647,0.68,0.21999999999999997,12.727607762684492,4.981784416802917,0.82,0.08000000000000007,9.200242203657632,4.855993452009661
Quality-Control,8,SF-OGD,0.9009584664536742,0.000958466453674145,4.683951335490326,6.0481655477660725,2.0,0.8,0.09999999999999998,12.327201256475295,8.490210767261658,0.92,0.020000000000000018,9.079188619590328,7.544392423904874,0.92,0.020000000000000018,7.468491879823037,6.0702644416964855
Quality-Control,8,SAOCP,0.9009584664536742,0.000958466453674145,4.793995854109352,5.926407079762205,1.0,0.8,0.09999999999999998,12.553411352458566,9.096298472553773,0.92,0.020000000000000018,8.36935837884906,6.986513226887143,0.92,0.020000000000000018,7.527753614064125,5.64967654007831
Quality-Control,8,CA-AOCP,0.9265175718849841,0.026517571884984048,4.691940547108868,5.378934797471675,2.0,0.8,0.09999999999999998,12.480970724026779,7.8610545911524286,0.92,0.020000000000000018,10.035661004474276,8.187694551324537,0.94,0.039999999999999925,8.016022290608891,6.6003775366582955
Synthetic-CP,9,SplitCP,0.893,0.007000000000000006,3.3958701918505025,4.58624121283377,12.0,0.2,0.7,27.381564359589326,3.497638756510477,0.52,0.38,16.138867800110294,3.591817187315688,0.68,0.21999999999999997,10.311025293766384,3.6366460404674283
Synthetic-CP,9,NExCP,0.889,0.01100000000000001,3.3250790576084497,4.529468017906872,10.0,0.5,0.4,22.49178108111584,4.701775423267525,0.72,0.18000000000000005,13.206426903317793,5.184267604466379,0.86,0.040000000000000036,9.107419699340895,5.096340049915187
Synthetic-CP,9,FACI,0.885,0.015000000000000013,3.3033030740164224,4.52770166122951,10.0,0.4,0.5,24.708716915208065,4.114780013964356,0.68,0.21999999999999997,14.174665425737691,4.539333490121265,0.8,0.09999999999999998,9.424345769897954,4.518274803122207
Synthetic-CP,9,SF-OGD,0.898,0.0020000000000000018,3.8600001999848805,4.7945531714422485,2.0,0.7,0.20000000000000007,15.079632022546628,7.783679766253192,0.88,0.020000000000000018,10.751492109987494,7.833111207470118,0.92,0.020000000000000018,7.969621249228306,6.400804660750899
Synthetic-CP,9,SAOCP,0.903,0.0030000000000000027,3.9734208217009708,4.920499895526887,2.0,0.8,0.09999999999999998,15.317618263762483,9.32465181922774,0.88,0.020000000000000018,10.694091652784284,7.862125829108469,0.88,0.020000000000000018,8.085746968968902,6.382022694054087
Synthetic-CP,9,CA-AOCP,0.929,0.029000000000000026,3.97682203996606,4.6701162036224435,1.0,0.8,0.09999999999999998,17.03991941174455,10.406292423575811,0.88,0.020000000000000018,12.433596690662384,8.912424291534492,0.88,0.020000000000000018,8.612488733297804,6.719039540957621
Quality-Control,9,SplitCP,0.8913738019169329,0.008626198083067083,4.111079325498767,5.528780705254933,7.0,0.4,0.5,22.921578286685,4.312349586066064,0.76,0.14,11.836826345222361,4.393134864974785,0.82,0.08000000000000007,8.622482333568287,4.417309565392825
Quality-Control,9,NExCP,0.8722044728434505,0.027795527156549538,4.065871716600051,5.50977974069027,7.0,0.4,0.5,18.848337483358915,5.483720037437803,0.76,0.14,11.198843212315136,5.8529962339466906,0.84,0.06000000000000005,8.256659158929505,5.5316643984655265
Quality-Control,9,FACI,0.8722044728434505,0.027795527156549538,3.923569126650963,5.392141918345293,7.0,0.4,0.5,18.75352895329621,5.571842672277929,0.76,0.14,10.71524154809819,5.4425670356908755,0.84,0.06000000000000005,8.057956216381912,5.024289852806669
Quality-Control,9,SF-OGD,0.8945686900958466,0.005431309904153414,4.48997507009341,5.610484382188716,1.0,0.8,0.09999999999999998,12.9169795432906,9.30367954623786,0.92,0.020000000000000018,9.109096373029317,7.663776374208221,0.92,0.020000000000000018,7.490959987972032,6.110209961891926
Quality-Control,9,SAOCP,0.9073482428115016,0.007348242811501593,4.586741819300794,5.782733352119121,0.0,0.9,0.0,11.730626815375643,8.843733963101092,0.96,0.05999999999999994,8.134649930983564,6.979892790073742,0.96,0.05999999999999994,6.713410347988466,5.787179837167483
Quality-Control,9,CA-AOCP,0.9169329073482428,0.01693290734824282,4.441434337673224,5.294001970574968,0.0,0.9,0.0,12.606879580794798,8.641997824923218,0.92,0.020000000000000018,8.89258806142867,6.720298105662709,0.92,0.020000000000000018,7.240147842879935,5.689500079710447
Synthetic-CP,10,SplitCP,0.889,0.01100000000000001,3.210261782318589,4.562227127818962,19.0,0.1,0.8,43.46185693659929,3.3548443342785923,0.44,0.46,21.5133557775012,3.423403779796696,0.7,0.20000000000000007,12.651189229977424,3.4493763682268446
Synthetic-CP,10,NExCP,0.89,0.010000000000000009,3.3884372126870086,4.525516465657875,8.0,0.1,0.8,28.676306243713714,5.399464769084815,0.64,0.26,15.759906119459359,6.449169529607798,0.82,0.08000000000000007,10.837974953408716,6.182606658482935
Synthetic-CP,10,FACI,0.893,0.007000000000000006,3.324355315356576,4.4849578258368465,10.0,0.1,0.8,34.007991705402986,4.807055273341564,0.6,0.30000000000000004,17.340670105178347,5.551080688278557,0.78,0.12,10.75643727846242,4.758547713196992
Synthetic-CP,10,SF-OGD,0.899,0.0010000000000000009,3.8945694885028774,4.885140989226618,4.0,0.5,0.4,22.497148512426335,6.974383444586472,0.8,0.09999999999999998,13.741895294569881,7.532789267433936,0.9,0.0,9.178652221961388,6.074099208393416
Synthetic-CP,10,SAOCP,0.908,0.008000000000000007,4.026266820099517,4.956515168928772,0.0,0.9,0.0,20.382816463608073,11.262337600634826,0.96,0.05999999999999994,12.316620827447018,8.668429282257717,0.96,0.05999999999999994,8.500339226086865,6.509549321752347
Synthetic-CP,10,CA-AOCP,0.93,0.030000000000000027,3.894918368913512,4.517942515294399,0.0,0.9,0.0,18.952150635485207,11.066378895779476,0.96,0.05999999999999994,12.899917603929772,9.74560890804748,0.96,0.05999999999999994,8.680352331906434,6.965926556599351
Quality-Control,10,SplitCP,0.8626198083067093,0.037380191693290765,3.57620552623094,4.9676692001403895,9.0,0.3,0.6000000000000001,20.74676537476534,3.730660012200039,0.6,0.30000000000000004,12.017670194287058,3.8323338101739917,0.76,0.14,8.638748294056295,3.8997053186515314
Quality-Control,10,NExCP,0.8690095846645367,0.030990415335463317,3.6402235820591575,4.870966840672973,9.0,0.5,0.4,17.875849934474292,4.29082804952665,0.68,0.21999999999999997,10.48379705367879,4.6800716615331615,0.82,0.08000000000000007,8.0731857786889,4.7332826225921165
Quality-Control,10,FACI,0.8849840255591054,0.015015974440894642,3.6889060343780313,4.87010812233768,5.0,0.5,0.4,18.004962890116715,4.380133374844484,0.72,0.18000000000000005,10.407803240553722,4.72207252679214,0.84,0.06000000000000005,8.067132692896172,4.755202522976107
Quality-Control,10,SF-OGD,0.8945686900958466,0.005431309904153414,4.696412000837011,5.644565902326649,1.0,0.8,0.09999999999999998,12.36697931473864,9.49646237740642,0.92,0.020000000000000018,9.004765980309667,7.85655920537678,0.9,0.0,7.42291967722017,5.851679110097724
Quality-Control,10,SAOCP,0.8849840255591054,0.015015974440894642,4.310461102051309,5.5480923963115085,2.0,0.7,0.20000000000000007,13.730507425222077,9.119288310320004,0.84,0.06000000000000005,9.376532301576566,7.1244940252600175,0.9,0.0,7.59252513291461,5.7107742839750575
Quality-Control,10,CA-AOCP,0.9105431309904153,0.010543130990415261,4.090746066587633,4.859141146654677,1.0,0.8,0.09999999999999998,15.60934599375596,9.383780154601496,0.92,0.020000000000000018,10.788200694646518,8.297974358984733,0.94,0.039999999999999925,8.398751795918852,6.715598168063991
Synthetic-CP,11,SplitCP,0.875,0.025000000000000022,3.281494993925343,4.508941361905838,16.0,0.0,0.9,33.07061103233269,3.344888454427406,0.44,0.46,16.608811858894967,3.4252070479086107,0.72,0.18000000000000005,10.044653020166445,3.452850614673268
Synthetic-CP,11,NExCP,0.889,0.01100000000000001,3.451370146716689,4.5053202480248515,8.0,0.2,0.7,21.557182307992566,4.947214411502832,0.68,0.21999999999999997,12.323422205052665,5.6794350464567716,0.84,0.06000000000000005,8.803793823592212,5.4818002442942655
Synthetic-CP,11,FACI,0.881,0.019000000000000017,3.3606877759710967,4.448589743184624,9.0,0.2,0.7,25.851142783461352,4.314364005537984,0.64,0.26,13.502021558753377,4.735654441297348,0.8,0.09999999999999998,8.322451224350285,3.8985716317663623
Synthetic-CP,11,SF-OGD,0.898,0.0020000000000000018,3.8872567494119967,4.90072455349178,2.0,0.7,0.20000000000000007,13.02781888826566,6.900928169648826,0.88,0.020000000000000018,8.906265624466688,6.4555093370199526,0.92,0.020000000000000018,6.232372908137372,4.945595421163522
Synthetic-CP,11,SAOCP,0.903,0.0030000000000000027,3.966547823292523,4.926072370815153,0.0,0.9,0.0,14.247814922306114,8.19581885273011,0.96,0.05999999999999994,8.888686167872706,6.467887740042305,0.94,0.039999999999999925,6.037072496079276,4.6333615987259416
Synthetic-CP,11,CA-AOCP,0.925,0.025000000000000022,3.973013730901886,4.553790546646353,0.0,0.9,0.0,13.51392596428966,8.370675057735562,0.96,0.05999999999999994,9.873161077089433,7.815860714467796,0.98,0.07999999999999996,6.72725140990963,5.698601228598809
Quality-Control,11,SplitCP,0.8817891373801917,0.01821086261980831,3.704563904676714,5.335089300188742,10.0,0.2,0.7,28.23565961585431,3.8066161460941546,0.64,0.26,14.82804659473313,4.064818854894228,0.8,0.09999999999999998,9.559337337576771,4.061401940275881
Quality-Control,11,NExCP,0.8817891373801917,0.01821086261980831,3.8886175480248784,5.247061473519751,8.0,0.4,0.5,20.7446413238597,5.186085996081514,0.76,0.14,12.433630911148363,6.2102087800370915,0.86,0.040000000000000036,8.932658034628211,5.708519343449935
Quality-Control,11,FACI,0.8753993610223643,0.024600638977635758,3.6594015304715697,5.1868049974340895,8.0,0.4,0.5,22.766303626522394,4.777742826239566,0.76,0.14,12.624739871723204,5.429315551610077,0.84,0.06000000000000005,8.543804118344347,4.552892751176562
Quality-Control,11,SF-OGD,0.8977635782747604,0.0022364217252396346,4.533969912718749,5.624362632194368,2.0,0.7,0.20000000000000007,11.251891000618308,8.172056245665853,0.88,0.020000000000000018,8.469893940710621,7.237960038729641,0.88,0.020000000000000018,6.6206265036351555,5.184731368097712
Quality-Control,11,SAOCP,0.8785942492012779,0.02140575079872209,4.4474599182934,5.79705011456423,2.0,0.7,0.20000000000000007,11.816835008847281,7.888835258021432,0.88,0.020000000000000018,8.510585406873904,6.939385506543565,0.88,0.020000000000000018,6.271762811280878,5.176709168639454
Quality-Control,11,CA-AOCP,0.9137380191693291,0.013738019169329041,4.117219816638246,4.955285359003704,4.0,0.6,0.30000000000000004,12.333435073057014,7.307896811527593,0.8,0.09999999999999998,9.267140433078202,6.3665455036375445,0.84,0.06000000000000005,6.581610487640872,4.624219299755265
Synthetic-CP,12,SplitCP,0.897,0.0030000000000000027,3.43107653225687,4.522081524584604,20.0,0.0,0.9,37.473250080638806,3.4002843830603906,0.44,0.46,17.981061414003292,3.4943072112204936,0.66,0.24,11.411285486120374,3.5412403937885277
Synthetic-CP,12,NExCP,0.897,0.0030000000000000027,3.502802197950894,4.5402621876877385,5.0,0.4,0.5,26.921772733969892,5.260901829217088,0.76,0.14,14.826146737627823,6.161798375726703,0.84,0.06000000000000005,10.19178780179479,5.642253197264486
Synthetic-CP,12,FACI,0.891,0.009000000000000008,3.416241336240135,4.501897916756991,9.0,0.1,0.8,33.03917244807947,4.258049243836082,0.6,0.30000000000000004,15.950227802758212,4.420133726539707,0.72,0.18000000000000005,10.383662867900956,4.097314581319981
Synthetic-CP,12,SF-OGD,0.898,0.0020000000000000018,3.830018832509043,4.871954314399201,3.0,0.6,0.30000000000000004,16.408245141519227,7.235918971281528,0.84,0.06000000000000005,11.157798381625376,7.488867913530294,0.88,0.020000000000000018,8.512737288281182,6.254290219517153
Synthetic-CP,12,SAOCP,0.917,0.017000000000000015,4.148471279636215,4.973799630629583,1.0,0.8,0.09999999999999998,14.915932077238338,10.193431866014624,0.92,0.020000000000000018,9.986476434255348,8.097476349765861,0.92,0.020000000000000018,7.628481693612339,6.210916931313309
Synthetic-CP,12,CA-AOCP,0.929,0.029000000000000026,4.009773029861636,4.511546143967202,1.0,0.8,0.09999999999999998,16.142251360309988,9.196364167855778,0.92,0.020000000000000018,11.18540036553116,8.407045488549477,0.9,0.0,7.9866529098474,6.195149343384357
Quality-Control,12,SplitCP,0.8945686900958466,0.005431309904153414,4.249437374759207,5.464801482630729,7.0,0.2,0.7,24.142395319867497,4.487662513381046,0.68,0.21999999999999997,12.446424259395588,4.584531136801009,0.82,0.08000000000000007,8.578213121280223,4.60750141423622
Quality-Control,12,NExCP,0.8945686900958466,0.005431309904153414,4.170973741822123,5.4168399530026425,5.0,0.4,0.5,19.190789586087067,5.46138278454867,0.76,0.14,11.32286555686373,5.8311028362483714,0.88,0.020000000000000018,8.255847559872416,5.5099661995647375
Quality-Control,12,FACI,0.8785942492012779,0.02140575079872209,4.132024890861546,5.412998511133723,6.0,0.3,0.6000000000000001,20.6322079567455,5.233516193005147,0.72,0.18000000000000005,11.58931242748575,5.429835721989608,0.84,0.06000000000000005,8.21685669981806,5.038148154177601
Quality-Control,12,SF-OGD,0.8977635782747604,0.0022364217252396346,4.639267220328589,5.935766398379044,2.0,0.8,0.09999999999999998,12.811705088120977,8.745233779973026,0.92,0.020000000000000018,9.082336163807698,7.455747640548517,0.92,0.020000000000000018,7.053786218409102,5.800300887917524
Quality-Control,12,SAOCP,0.8945686900958466,0.005431309904153414,4.618219383794209,5.827404883230012,1.0,0.8,0.09999999999999998,9.593432983055383,7.980692234219553,0.92,0.020000000000000018,6.494302168511934,5.849205868977602,0.92,0.020000000000000018,5.670585635476251,5.090411637986366
Quality-Control,12,CA-AOCP,0.9201277955271565,0.02012779552715649,4.501686161738287,5.132048836405843,2.0,0.7,0.20000000000000007,13.098986153978592,8.231656981956188,0.88,0.020000000000000018,8.425326424238886,6.4783947554299255,0.92,0.020000000000000018,6.763896439425686,5.3581031557148755
Synthetic-CP,13,SplitCP,0.904,0.0040000000000000036,3.5833047483680223,4.83418677743945,14.0,0.1,0.8,43.92609957746584,3.641106563525706,0.52,0.38,20.668162114385737,3.6801663336958734,0.74,0.16000000000000003,12.331731536591915,3.691665680718639
Synthetic-CP,13,NExCP,0.903,0.0030000000000000027,3.5953905888196913,4.801732055984637,6.0,0.3,0.6000000000000001,32.26549011772323,6.0854672767794975,0.72,0.18000000000000005,17.453416037557503,6.981406901180009,0.86,0.040000000000000036,11.38642286164687,6.15041829345812
Synthetic-CP,13,FACI,0.901,0.0010000000000000009,3.4609966535395116,4.776369200724639,6.0,0.3,0.6000000000000001,37.792229082442915,4.8168670800594064,0.72,0.18000000000000005,18.369646407674885,5.179501606721485,0.84,0.06000000000000005,11.195909002447046,4.18811542176451
Synthetic-CP,13,SF-OGD,0.9,0.0,4.034094842645608,5.123384764098582,6.0,0.5,0.4,22.154861820669012,7.974243813901637,0.8,0.09999999999999998,14.790651830344707,9.118404627637755,0.9,0.0,10.704279478514197,7.868155877160722
Synthetic-CP,13,SAOCP,0.909,0.009000000000000008,4.12960528177762,5.083124675271878,5.0,0.7,0.20000000000000007,19.918315853820484,10.611254976190661,0.88,0.020000000000000018,12.933686885494685,9.210862534442755,0.92,0.020000000000000018,9.141055065876053,6.806495925382325
Synthetic-CP,13,CA-AOCP,0.942,0.041999999999999926,4.126270320074893,4.799705792271475,1.0,0.8,0.09999999999999998,17.28114847660933,10.426468540436435,0.92,0.020000000000000018,12.51873989041015,9.77686791594099,0.92,0.020000000000000018,8.239850451367827,6.579482192764415
Quality-Control,13,SplitCP,0.9073482428115016,0.007348242811501593,4.46670546426965,5.917615403869079,12.0,0.4,0.5,17.490157238333385,4.321075139236374,0.68,0.21999999999999997,10.51753395809081,4.558153807576826,0.78,0.12,8.024366486253317,4.635313437309688
Quality-Control,13,NExCP,0.9009584664536742,0.000958466453674145,4.494840912054899,5.854602576942196,9.0,0.5,0.4,13.496954270753443,5.356626388236962,0.76,0.14,9.129727236425975,5.645967724977375,0.84,0.06000000000000005,7.338183971072211,5.533183172816027
Quality-Control,13,FACI,0.8977635782747604,0.0022364217252396346,4.3673526331086885,5.9432666598125925,9.0,0.4,0.5,15.58889914659063,4.938988172893277,0.72,0.18000000000000005,9.838954998232113,5.354705019946377,0.8,0.09999999999999998,7.9095918768801345,5.0566271932677935
Quality-Control,13,SF-OGD,0.8977635782747604,0.0022364217252396346,4.797211772724653,6.280744990660328,2.0,0.7,0.20000000000000007,12.914504845636069,7.101674900032475,0.88,0.020000000000000018,9.344888283483415,7.019756305241978,0.88,0.020000000000000018,8.107406554307925,5.986179121559608
Quality-Control,13,SAOCP,0.9073482428115016,0.007348242811501593,4.67701257946017,5.850914975983181,1.0,0.8,0.09999999999999998,13.915433051294798,7.793192217970675,0.92,0.020000000000000018,9.301364359295341,6.8524680259656945,0.94,0.039999999999999925,7.1146082162769835,5.753268506453719
Quality-Control,13,CA-AOCP,0.9233226837060703,0.02332268370607027,4.853339701085162,5.986336806366002,2.0,0.7,0.20000000000000007,10.76037027923656,6.688726725957736,0.88,0.020000000000000018,8.868002827367656,7.239345406056126,0.9,0.0,7.398048534882475,6.231006121618516
Synthetic-CP,14,SplitCP,0.9,0.0,3.359936913257054,4.368806002447055,11.0,0.1,0.8,32.50994087377733,3.274849850595202,0.56,0.33999999999999997,17.012887683258537,3.3096516247197205,0.72,0.18000000000000005,10.591638615219004,3.3152184624196575
Synthetic-CP,14,NExCP,0.895,0.0050000000000000044,3.4004955127180647,4.361685864408525,8.0,0.5,0.4,26.47533695896548,4.863035599367418,0.76,0.14,15.191767828151367,6.092555033211382,0.86,0.040000000000000036,9.957329419690039,5.177500434122898
Synthetic-CP,14,FACI,0.89,0.010000000000000009,3.3416323591740666,4.349644898690839,8.0,0.3,0.6000000000000001,29.464563865109728,3.796411736941889,0.68,0.21999999999999997,16.063077407571342,4.248277900088107,0.78,0.12,10.07457006576329,3.890522011660124
Synthetic-CP,14,SF-OGD,0.899,0.0010000000000000009,3.9313626904947574,4.840107849013905,5.0,0.6,0.30000000000000004,21.675582212287225,6.440870376989642,0.8,0.09999999999999998,13.738839060775085,7.261556111411584,0.86,0.040000000000000036,9.506254969807806,6.0326762426664295
Synthetic-CP,14,SAOCP,0.905,0.0050000000000000044,3.968524448488503,4.931391438245946,0.0,0.9,0.0,16.93895879122342,9.754605746442525,0.92,0.020000000000000018,11.826352568694183,8.42185366276339,0.94,0.039999999999999925,8.146779359933051,6.192058582770828
Synthetic-CP,14,CA-AOCP,0.933,0.03300000000000003,3.831337644169065,4.3513894253313685,0.0,0.9,0.0,15.521655678700066,9.301421519060488,0.92,0.020000000000000018,10.511481475237936,7.913433891974737,0.88,0.020000000000000018,7.422693339189611,5.566036991563275
Quality-Control,14,SplitCP,0.9105431309904153,0.010543130990415261,4.206364746404983,5.344520171016199,14.0,0.3,0.6000000000000001,23.75914375615187,3.977002415748725,0.6,0.30000000000000004,12.513085988363152,4.109368933109267,0.8,0.09999999999999998,8.348919234986086,4.147060707359142
Quality-Control,14,NExCP,0.8945686900958466,0.005431309904153414,4.054284324725793,5.269265634773387,7.0,0.4,0.5,21.724096974680524,4.467241147103814,0.72,0.18000000000000005,11.872052748114227,4.751168212198108,0.86,0.040000000000000036,8.225707860501956,4.6652655925438955
Quality-Control,14,FACI,0.8849840255591054,0.015015974440894642,4.015251087451189,5.280964423442309,7.0,0.4,0.5,22.248938004336274,4.570228586727782,0.72,0.18000000000000005,12.198216635947299,4.76214235894336,0.86,0.040000000000000036,8.207635290309758,4.48959815180779
Quality-Control,14,SF-OGD,0.8977635782747604,0.0022364217252396346,4.823120031740033,5.908162276510053,1.0,0.8,0.09999999999999998,14.048278258102703,9.637059292935884,0.88,0.020000000000000018,9.847826975655712,7.997156120906246,0.92,0.020000000000000018,7.450251727628602,6.467118142434128
Quality-Control,14,SAOCP,0.8817891373801917,0.01821086261980831,4.5756160830449915,5.950682970791063,0.0,0.9,0.0,14.526381729190973,8.948500927767096,0.88,0.020000000000000018,8.778796337006813,6.234734253768927,0.92,0.020000000000000018,6.7472541645455815,5.312349815922775
Quality-Control,14,CA-AOCP,0.9233226837060703,0.02332268370607027,4.523727718964926,5.226296226041968,0.0,0.9,0.0,15.69204543857237,9.549468929702964,0.92,0.020000000000000018,11.019978887311346,8.198357773803043,0.96,0.05999999999999994,7.712235643977013,6.30142508722286
Synthetic-CP,15,SplitCP,0.904,0.0040000000000000036,3.409473781329953,4.250596162011455,10.0,0.0,0.9,36.2889113965931,3.4457169925871924,0.56,0.33999999999999997,17.120211678986166,3.4790236765927616,0.74,0.16000000000000003,10.415755139518337,3.488349195251635
Synthetic-CP,15,NExCP,0.893,0.007000000000000006,3.3514761984255284,4.236233308364502,9.0,0.1,0.8,27.37504465204904,4.468321347605108,0.64,0.26,14.442352941300799,5.279663619523226,0.82,0.08000000000000007,9.66459285034077,5.083248189451983
Synthetic-CP,15,FACI,0.892,0.008000000000000007,3.3109527118027064,4.188346115440572,9.0,0.0,0.9,29.843240091059858,4.161902693201998,0.6,0.30000000000000004,14.691395994118619,4.4188610349754756,0.76,0.14,9.200867397724103,4.031551611583771
Synthetic-CP,15,SF-OGD,0.901,0.0010000000000000009,3.7524893078485766,4.6660259241364095,4.0,0.5,0.4,20.096698582012678,6.86546691084051,0.8,0.09999999999999998,12.71636540215684,7.423872733687972,0.9,0.0,8.611429008881887,5.965182674647454
Synthetic-CP,15,SAOCP,0.908,0.008000000000000007,3.8390518146419432,4.636853703958215,0.0,0.9,0.0,16.874915723983516,9.833780182976003,0.96,0.05999999999999994,9.980189900036507,7.163735683633502,0.92,0.020000000000000018,7.185082038624171,5.508926980796585
Synthetic-CP,15,CA-AOCP,0.944,0.04399999999999993,3.8012890550582092,4.219937059719089,0.0,0.9,0.0,15.775534387618709,9.339774142264442,0.96,0.05999999999999994,11.304574432629195,8.73027033448749,0.94,0.039999999999999925,7.635275748251649,6.153393238725291
Quality-Control,15,SplitCP,0.9041533546325878,0.0041533546325878135,4.192764263819693,5.410815854172448,7.0,0.4,0.5,23.996846843598497,4.303257165675308,0.68,0.21999999999999997,12.613227726724462,4.3439745698840495,0.82,0.08000000000000007,8.487545556729765,4.346818975247475
Quality-Control,15,NExCP,0.9041533546325878,0.0041533546325878135,4.211701638238877,5.409180587313515,4.0,0.5,0.4,22.824715160200693,5.768581814432352,0.76,0.14,12.646239849511863,5.762064404479693,0.86,0.040000000000000036,8.68161071810637,5.197148400450619
Quality-Control,15,FACI,0.9009584664536742,0.000958466453674145,4.15659458921656,5.42086430278431,4.0,0.5,0.4,23.302284351737807,4.850973310188931,0.76,0.14,12.47524740903692,4.710942220485671,0.86,0.040000000000000036,8.439472195752746,4.549408650708872
Quality-Control,15,SF-OGD,0.8977635782747604,0.0022364217252396346,4.625017908302319,6.3955561919239,2.0,0.7,0.20000000000000007,17.22034705297349,8.45092235580042,0.88,0.020000000000000018,10.852481633774136,7.344711754904906,0.88,0.020000000000000018,7.926076020537979,5.725125664686207
Quality-Control,15,SAOCP,0.8817891373801917,0.01821086261980831,4.736507674579857,6.0787852193658685,0.0,0.9,0.0,16.27417920792835,9.244603332369483,0.92,0.020000000000000018,9.965788448931697,7.099399316769853,0.9,0.0,7.478839417993904,5.531760188868069
Quality-Control,15,CA-AOCP,0.9265175718849841,0.026517571884984048,4.602138617999437,5.23936956099675,1.0,0.8,0.09999999999999998,13.153707147214675,8.308362218621156,0.88,0.020000000000000018,9.859643625809003,7.537724882439895,0.9,0.0,7.315469801025363,5.876605838716357
Synthetic-CP,16,SplitCP,0.905,0.0050000000000000044,3.3512142521289676,4.398611351617465,11.0,0.1,0.8,32.00548115544844,3.336342649140723,0.56,0.33999999999999997,15.439112922115257,3.435163874947232,0.78,0.12,9.443239827917115,3.4412653043331027
Synthetic-CP,16,NExCP,0.901,0.0010000000000000009,3.3195620831292243,4.388383936578732,9.0,0.4,0.5,23.190971890347125,4.833819473103507,0.76,0.14,12.681867890657832,5.339006923760386,0.88,0.020000000000000018,8.679405293210129,5.007974809761405
Synthetic-CP,16,FACI,0.897,0.0030000000000000027,3.244198822005829,4.341701707717833,9.0,0.2,0.7,27.113465760756792,4.082995643032622,0.68,0.21999999999999997,13.309664542506898,4.097476495417229,0.78,0.12,8.110199812744195,3.3359800304877205
Synthetic-CP,16,SF-OGD,0.9,0.0,3.8041133031676093,4.841183489886988,2.0,0.7,0.20000000000000007,17.828535010518188,7.334654037583597,0.88,0.020000000000000018,10.887954802537315,6.690402413363479,0.92,0.020000000000000018,7.255365223358226,5.047998158321511
Synthetic-CP,16,SAOCP,0.899,0.0010000000000000009,3.866112757780476,4.849969906890049,2.0,0.7,0.20000000000000007,14.713715754701521,9.391451942169509,0.88,0.020000000000000018,8.929235033860488,6.8003295088476845,0.92,0.020000000000000018,6.167652326733047,4.9238956134664775
Synthetic-CP,16,CA-AOCP,0.935,0.03500000000000003,3.879918610055941,4.492608184062802,2.0,0.7,0.20000000000000007,17.31830092927975,9.79914457188001,0.84,0.06000000000000005,11.36310528270425,8.252550304933555,0.88,0.020000000000000018,7.024832848451501,5.373797978804909
Quality-Control,16,SplitCP,0.8817891373801917,0.01821086261980831,4.032330343622587,5.493532371430505,8.0,0.5,0.4,21.71290180672364,4.538494376571758,0.76,0.14,11.669446236464648,4.652120401219164,0.86,0.040000000000000036,8.174228360887572,4.606822477935194
Quality-Control,16,NExCP,0.8881789137380192,0.011821086261980862,3.985946510132516,5.401822963117206,3.0,0.6,0.30000000000000004,19.05019708023311,5.517082066186135,0.84,0.06000000000000005,10.95423609762058,5.540990092001791,0.92,0.020000000000000018,7.879329619905338,5.172706617095945
Quality-Control,16,FACI,0.8753993610223643,0.024600638977635758,3.95595543203656,5.408553662616886,3.0,0.6,0.30000000000000004,19.668512464926202,5.405015411762288,0.84,0.06000000000000005,10.981304848567065,5.2759060273015,0.9,0.0,7.7774248233254095,4.833109202741609
Quality-Control,16,SF-OGD,0.9009584664536742,0.000958466453674145,4.844583635830636,6.0770400079176365,1.0,0.8,0.09999999999999998,15.160584829833075,9.543387624827698,0.92,0.020000000000000018,10.323039750877555,8.076160868875405,0.92,0.020000000000000018,7.738394082023814,6.184698799181394
Quality-Control,16,SAOCP,0.8817891373801917,0.01821086261980831,4.627323371796914,5.996508022608473,0.0,0.9,0.0,14.509475891503808,10.510772797747723,0.92,0.020000000000000018,9.113850405937203,7.4037117341677074,0.94,0.039999999999999925,7.1873507627565525,6.035418517999164
Quality-Control,16,CA-AOCP,0.9201277955271565,0.02012779552715649,4.634932927370036,5.39430624690267,1.0,0.8,0.09999999999999998,15.252808093151382,9.822037652649948,0.92,0.020000000000000018,10.61585333402751,8.443545157826934,0.92,0.020000000000000018,7.682092358851199,6.213379255430773
Synthetic-CP,17,SplitCP,0.902,0.0020000000000000018,3.4803356692996252,4.456266449228797,14.0,0.1,0.8,27.059989327172854,3.427949290287598,0.52,0.38,15.13825030698196,3.486350250468577,0.74,0.16000000000000003,9.412322144957281,3.5028304055418698
Synthetic-CP,17,NExCP,0.895,0.0050000000000000044,3.3943451922834402,4.4686332737306245,13.0,0.4,0.5,24.329155830744092,3.9387115366123866,0.68,0.21999999999999997,13.538750645319382,4.721504211706276,0.84,0.06000000000000005,9.06536098849569,4.656737771689137
Synthetic-CP,17,FACI,0.892,0.008000000000000007,3.3368042292108093,4.439384621301263,13.0,0.3,0.6000000000000001,25.51646196139664,3.710036375877075,0.64,0.26,14.079177206594021,4.4052565676327475,0.8,0.09999999999999998,9.059603283754482,4.145829139158343
Synthetic-CP,17,SF-OGD,0.899,0.0010000000000000009,3.800896257254806,4.872954822925595,5.0,0.6,0.30000000000000004,21.98238861653164,5.150966788152706,0.84,0.06000000000000005,12.438004147350764,5.705435415999189,0.88,0.020000000000000018,8.367034596361684,4.892889942488524
Synthetic-CP,17,SAOCP,0.9,0.0,3.9887684225473814,4.903582699158866,0.0,0.9,0.0,16.75412252509677,10.066121878879732,0.96,0.05999999999999994,10.31209713180463,7.636896873317816,0.98,0.07999999999999996,7.0919019414612805,5.754301812217874
Synthetic-CP,17,CA-AOCP,0.934,0.03400000000000003,3.9888012211394375,4.548684259741911,0.0,0.9,0.0,16.066563237045653,9.213027027595839,0.96,0.05999999999999994,11.815408321058174,9.073993837278246,0.92,0.020000000000000018,8.027611568692825,6.337010426537569
Quality-Control,17,SplitCP,0.9233226837060703,0.02332268370607027,4.270003850322712,5.318376898485681,5.0,0.6,0.30000000000000004,12.710629321369858,4.345251541774275,0.84,0.06000000000000005,7.77419036713902,4.428039255300786,0.88,0.020000000000000018,6.2077661994862225,4.369330478973774
Quality-Control,17,NExCP,0.9169329073482428,0.01693290734824282,3.9570297772482337,5.203219585997868,3.0,0.7,0.20000000000000007,12.72630604976275,4.8711782038017235,0.88,0.020000000000000018,7.938208644938925,4.796157506554514,0.9,0.0,6.398449201743106,4.518278274372829
Quality-Control,17,FACI,0.9073482428115016,0.007348242811501593,3.9343718709168534,5.204895715287211,3.0,0.7,0.20000000000000007,12.711939423515418,4.74212801515856,0.88,0.020000000000000018,7.797617898076006,4.609693334733263,0.9,0.0,6.270284086334599,4.329254502233214
Quality-Control,17,SF-OGD,0.9009584664536742,0.000958466453674145,4.432365359135742,5.7209318700477105,0.0,0.9,0.0,9.633588258953733,7.132872358774468,0.92,0.020000000000000018,6.915535552570973,5.553219919426433,0.9,0.0,6.359096194428123,5.055593225673688
Quality-Control,17,SAOCP,0.9041533546325878,0.0041533546325878135,4.492494156190283,6.079370462159158,0.0,0.9,0.0,12.836532001492532,7.532729562827081,0.92,0.020000000000000018,8.529890312439633,5.678904322333482,0.94,0.039999999999999925,6.924051776531055,5.319553367682854
Quality-Control,17,CA-AOCP,0.9265175718849841,0.026517571884984048,4.446068100387977,5.358438786236809,1.0,0.8,0.09999999999999998,10.906046658159374,7.628170282831244,0.92,0.020000000000000018,8.105220963584921,6.794070413453669,0.94,0.039999999999999925,6.4747237190843965,5.664852576183316
Synthetic-CP,18,SplitCP,0.89,0.010000000000000009,3.4914687503034063,4.685768818008222,13.0,0.1,0.8,33.39476277059706,3.5792745116024607,0.48,0.42000000000000004,18.02793031807225,3.651549324443705,0.7,0.20000000000000007,11.09408687495537,3.6769421138670024
Synthetic-CP,18,NExCP,0.893,0.007000000000000006,3.5505219574689333,4.677488865329374,5.0,0.4,0.5,27.751565957970023,5.534064726750283,0.76,0.14,15.2400664701929,6.353065977705003,0.86,0.040000000000000036,10.252847814054,5.696214292356573
Synthetic-CP,18,FACI,0.894,0.006000000000000005,3.4979312545924985,4.659173831756308,6.0,0.4,0.5,29.758810442391944,4.336305793077878,0.72,0.18000000000000005,15.722705594537693,4.762094430868465,0.82,0.08000000000000007,10.06179335364591,4.354533583418015
Synthetic-CP,18,SF-OGD,0.899,0.0010000000000000009,4.0916261374275535,5.094661880995708,2.0,0.7,0.20000000000000007,16.90199315967289,7.388578895841273,0.88,0.020000000000000018,10.748525768745044,6.9431600632123995,0.9,0.0,7.879450804237063,5.234681446329291
Synthetic-CP,18,SAOCP,0.904,0.0040000000000000036,4.114693915910602,5.063795838831573,0.0,0.9,0.0,15.997698084715225,9.24306023668522,0.88,0.020000000000000018,10.644530218943007,6.963326514873926,0.92,0.020000000000000018,7.632407333220565,5.49524752082483
Synthetic-CP,18,CA-AOCP,0.936,0.03600000000000003,4.089741090980502,4.741538709150213,0.0,0.9,0.0,15.218433345687197,9.059583180029412,0.92,0.020000000000000018,11.432889500829685,8.551084946855697,0.9,0.0,7.973658570917117,6.146494661163407
Quality-Control,18,SplitCP,0.8849840255591054,0.015015974440894642,3.957669854200171,5.30048319844585,7.0,0.6,0.30000000000000004,15.30397486297937,3.937370206784215,0.72,0.18000000000000005,9.786286842445506,4.064843556878469,0.8,0.09999999999999998,7.478862074014936,4.178087051437674
Quality-Control,18,NExCP,0.8849840255591054,0.015015974440894642,3.9777531253315432,5.305739707271037,5.0,0.5,0.4,14.835448902580874,4.236535340145389,0.72,0.18000000000000005,9.361453895159958,4.391581715381481,0.82,0.08000000000000007,7.318593890645517,4.499040216551654
Quality-Control,18,FACI,0.8849840255591054,0.015015974440894642,3.991709496446737,5.346661147623092,5.0,0.6,0.30000000000000004,14.52946751814101,4.4358715223096485,0.72,0.18000000000000005,9.360822640945749,4.4571271177353236,0.82,0.08000000000000007,7.312284409183649,4.4945873053321055
Quality-Control,18,SF-OGD,0.9009584664536742,0.000958466453674145,4.941558982936127,5.765062353544089,1.0,0.8,0.09999999999999998,8.518843936963352,7.000828528606066,0.84,0.06000000000000005,7.368619682429101,5.89900628679052,0.9,0.0,6.783152224190345,5.60885665326062
Quality-Control,18,SAOCP,0.8977635782747604,0.0022364217252396346,4.6828986966828525,5.5942759424112145,0.0,0.9,0.0,8.187089712473284,7.4118998840246295,0.92,0.020000000000000018,7.252967981844563,6.174147643789737,0.92,0.020000000000000018,6.747730712926078,5.459244047980157
Quality-Control,18,CA-AOCP,0.9329073482428115,0.032907348242811496,4.613211879897619,5.441768911684491,2.0,0.8,0.09999999999999998,12.149157953124226,6.6509082148321665,0.92,0.020000000000000018,9.377348236818476,7.178048341501653,0.94,0.039999999999999925,7.6992671760569795,6.325406148073682
Synthetic-CP,19,SplitCP,0.895,0.0050000000000000044,3.297817416193977,4.442388347965265,17.0,0.2,0.7,35.381696056271664,3.301120034467055,0.52,0.38,18.051912254724954,3.3519981213559515,0.7,0.20000000000000007,11.460152476957864,3.378124399048945
Synthetic-CP,19,NExCP,0.894,0.006000000000000005,3.352824749680333,4.447724940813046,4.0,0.5,0.4,30.934595525734427,5.312269451376946,0.8,0.09999999999999998,15.623550017003593,5.374619587260598,0.88,0.020000000000000018,10.475254342556163,5.054907448080684
Synthetic-CP,19,FACI,0.897,0.0030000000000000027,3.35540015319993,4.426927161972342,11.0,0.5,0.4,31.04612167713479,4.315442534806259,0.72,0.18000000000000005,15.64911497459828,4.634993355547886,0.8,0.09999999999999998,10.311439454750015,4.3550613788976476
Synthetic-CP,19,SF-OGD,0.898,0.0020000000000000018,3.781473686518852,4.803823114676366,3.0,0.6,0.30000000000000004,21.789982348743845,8.078834333653896,0.84,0.06000000000000005,13.324475420582296,7.840016214546315,0.9,0.0,9.579262614561795,6.410089864765661
Synthetic-CP,19,SAOCP,0.902,0.0020000000000000018,3.9372579553165914,4.871959461133325,0.0,0.9,0.0,17.993074971519412,11.46937477685525,0.96,0.05999999999999994,10.93589118319264,8.326411105326976,0.92,0.020000000000000018,7.919166246460817,6.312020504151632
Synthetic-CP,19,CA-AOCP,0.934,0.03400000000000003,3.8921991472914574,4.492952589754112,0.0,0.9,0.0,16.719305915812093,9.951623424077944,0.96,0.05999999999999994,12.173676204265735,9.466603207572073,0.92,0.020000000000000018,8.83625891375949,6.8975510162092135
Quality-Control,19,SplitCP,0.9041533546325878,0.0041533546325878135,3.798240858655704,5.160755484687395,7.0,0.3,0.6000000000000001,23.832431926532916,4.007050967692869,0.72,0.18000000000000005,11.984899465397183,4.054747081861162,0.84,0.06000000000000005,8.408457541382674,4.063053874711763
Quality-Control,19,NExCP,0.9009584664536742,0.000958466453674145,3.831208612710901,5.121885542198837,4.0,0.5,0.4,22.02774810257045,5.715829233835766,0.8,0.09999999999999998,12.294221479005355,5.769453931511482,0.88,0.020000000000000018,8.682323487321106,4.973867089791522
Quality-Control,19,FACI,0.8977635782747604,0.0022364217252396346,3.702869550306454,5.109509676691815,4.0,0.5,0.4,22.259338315926215,5.327499884180849,0.8,0.09999999999999998,11.469603830498402,4.696868457800255,0.86,0.040000000000000036,8.19592826854767,4.096600038700126
Quality-Control,19,SF-OGD,0.8977635782747604,0.0022364217252396346,4.494335971889834,5.622772623099504,2.0,0.7,0.20000000000000007,16.522810756999956,8.631845160660733,0.88,0.020000000000000018,10.68202079830091,7.52563455976522,0.9,0.0,7.999055508828792,5.8132617341566535
Quality-Control,19,SAOCP,0.8977635782747604,0.0022364217252396346,4.365483455818807,5.548435876544223,1.0,0.8,0.09999999999999998,11.284938979482932,8.214703664208885,0.88,0.020000000000000018,7.360287442781587,5.975940655106575,0.92,0.020000000000000018,6.341540452607494,5.159720865944754
Quality-Control,19,CA-AOCP,0.9329073482428115,0.032907348242811496,4.1621241281971075,4.946510771229297,1.0,0.8,0.09999999999999998,15.964365701785374,7.777263304615543,0.92,0.020000000000000018,9.851186938529393,6.576345979661462,0.92,0.020000000000000018,7.207410009743919,4.8619351186713535
Synthetic-CP,20,SplitCP,0.9,0.0,3.5619603850861328,4.656598565000012,15.0,0.1,0.8,33.17563002937418,3.571150145937524,0.48,0.42000000000000004,19.155740313848604,3.6341353237654244,0.7,0.20000000000000007,11.552327602502679,3.654373614266823
Synthetic-CP,20,NExCP,0.893,0.007000000000000006,3.524101642279882,4.602058849095876,11.0,0.4,0.5,23.492981326561246,5.313980268537108,0.68,0.21999999999999997,14.705893708473745,6.181969749894022,0.84,0.06000000000000005,10.24365480818778,5.981692828897919
Synthetic-CP,20,FACI,0.893,0.007000000000000006,3.508162264483159,4.558955062419575,11.0,0.4,0.5,25.03183818867479,5.28584504211444,0.68,0.21999999999999997,15.543765643637252,5.471492057452199,0.8,0.09999999999999998,9.82194571864785,4.392567467043184
Synthetic-CP,20,SF-OGD,0.9,0.0,3.995932048358974,4.852355885897177,4.0,0.7,0.20000000000000007,15.078572708003747,7.376586856850196,0.84,0.06000000000000005,11.040723164387593,7.760227996075531,0.92,0.020000000000000018,7.9384547516055886,6.298207167449557
Synthetic-CP,20,SAOCP,0.909,0.009000000000000008,4.080385265908927,4.947545486325839,4.0,0.8,0.09999999999999998,14.563113982838441,9.392414846282108,0.84,0.06000000000000005,10.94336382116871,8.379111802992105,0.92,0.020000000000000018,7.9002285636375476,6.618102554549246
Synthetic-CP,20,CA-AOCP,0.928,0.028000000000000025,3.977722999510514,4.570663092435653,0.0,0.9,0.0,14.478928568608259,8.715997599527775,0.96,0.05999999999999994,11.183422080869011,8.878249693236818,0.92,0.020000000000000018,7.70425154288638,6.151199447550343
Quality-Control,20,SplitCP,0.9073482428115016,0.007348242811501593,4.359524076203508,5.512880440843143,5.0,0.6,0.30000000000000004,14.81039400423767,4.708448307001637,0.84,0.06000000000000005,8.797333508778458,4.756555229884044,0.9,0.0,6.6879047508788805,4.663048193858748
Quality-Control,20,NExCP,0.8977635782747604,0.0022364217252396346,4.157174981876443,5.452102424405138,5.0,0.6,0.30000000000000004,15.265750129314323,5.098208624474989,0.84,0.06000000000000005,9.196033171225313,5.129016569289576,0.9,0.0,6.808977101191215,4.709644654496102
Quality-Control,20,FACI,0.8913738019169329,0.008626198083067083,4.192438229410018,5.472779617136688,5.0,0.6,0.30000000000000004,14.911970211373514,5.090148684135498,0.84,0.06000000000000005,8.900118809016758,4.971390198121551,0.86,0.040000000000000036,6.647636844660521,4.355977042024214
Quality-Control,20,SF-OGD,0.8977635782747604,0.0022364217252396346,5.145609734882984,6.041984558091311,2.0,0.7,0.20000000000000007,12.568122589207412,8.134936661914283,0.88,0.020000000000000018,9.48709616554629,7.71382179462904,0.9,0.0,6.987590693648815,5.935900916238954
Quality-Control,20,SAOCP,0.8849840255591054,0.015015974440894642,4.723123089892594,5.890082465700657,1.0,0.8,0.09999999999999998,12.88664760133582,8.40030217351304,0.92,0.020000000000000018,8.010595458257317,6.216057287128205,0.92,0.020000000000000018,6.602830348378774,5.2979390454047985
Quality-Control,20,CA-AOCP,0.9073482428115016,0.007348242811501593,4.614606306613382,5.484996729896149,2.0,0.7,0.20000000000000007,13.048004183849141,6.881804779348002,0.88,0.020000000000000018,9.215298284457287,6.748818522656832,0.86,0.040000000000000036,6.96236156655972,5.041169661064448
Synthetic-CP,21,SplitCP,0.882,0.018000000000000016,3.1975872329010944,4.3758421063144235,17.0,0.2,0.7,32.64041267408294,3.220940918436034,0.52,0.38,17.266978500688634,3.2832973998806074,0.7,0.20000000000000007,10.496327192012245,3.3100341045503443
Synthetic-CP,21,NExCP,0.894,0.006000000000000005,3.3298390202044486,4.343608514479107,5.0,0.4,0.5,24.703370180094275,5.118596251170937,0.72,0.18000000000000005,13.627660022821125,5.68492833474774,0.86,0.040000000000000036,9.295980126090285,5.3246142820535916
Synthetic-CP,21,FACI,0.891,0.009000000000000008,3.300442430044845,4.3557702998402394,6.0,0.4,0.5,27.352318021771435,4.322770303491263,0.64,0.26,14.833603417284136,4.539154541942524,0.8,0.09999999999999998,9.539546491227954,4.35145495361249
Synthetic-CP,21,SF-OGD,0.899,0.0010000000000000009,3.6036148513581088,4.703315740956916,5.0,0.6,0.30000000000000004,18.58818078986664,7.185336936943361,0.84,0.06000000000000005,11.90350090927884,7.342363368109526,0.9,0.0,8.342450248858153,5.978710119716108
Synthetic-CP,21,SAOCP,0.902,0.0020000000000000018,3.865449308332396,4.800121363045649,1.0,0.8,0.09999999999999998,17.08438905379385,9.155028497795696,0.88,0.020000000000000018,11.005512439296071,7.369461757266845,0.92,0.020000000000000018,7.768520023358078,5.745704805002249
Synthetic-CP,21,CA-AOCP,0.935,0.03500000000000003,3.826499472121565,4.421628016556475,0.0,0.9,0.0,15.60825490710624,9.47665040959185,0.96,0.05999999999999994,11.350088092005679,8.897446292999923,0.96,0.05999999999999994,7.7613907808270515,6.522525991438336
Quality-Control,21,SplitCP,0.9041533546325878,0.0041533546325878135,3.876441844387146,5.074216642419859,9.0,0.2,0.7,22.3716488142618,3.9868520822575038,0.64,0.26,11.467789282071816,4.104185660154318,0.82,0.08000000000000007,7.776473477750259,4.094671666791509
Quality-Control,21,NExCP,0.8881789137380192,0.011821086261980862,3.8410326755240867,4.985953181236874,7.0,0.4,0.5,17.108288607105457,5.252038861925794,0.76,0.14,10.368666557091917,5.626166659020052,0.88,0.020000000000000018,7.454077700867417,5.082827751831486
Quality-Control,21,FACI,0.8881789137380192,0.011821086261980862,3.782524023065639,4.93324153068701,7.0,0.4,0.5,16.381632852699763,5.537467193704748,0.76,0.14,9.707119172072549,5.3694529084745435,0.84,0.06000000000000005,6.78985914466421,4.3680453807255475
Quality-Control,21,SF-OGD,0.9009584664536742,0.000958466453674145,4.251770785796865,5.453538512807062,2.0,0.7,0.20000000000000007,13.065813919352417,8.368940089889364,0.88,0.020000000000000018,9.141479020779073,7.262729488993853,0.9,0.0,6.534673390297214,5.20751595358515
Quality-Control,21,SAOCP,0.8913738019169329,0.008626198083067083,4.204829948390203,5.246310892018677,7.0,0.7,0.20000000000000007,8.525861751547065,7.312389338418489,0.88,0.020000000000000018,6.224172402559726,5.738783437308296,0.86,0.040000000000000036,5.398421867847847,4.40816678886607
Quality-Control,21,CA-AOCP,0.8945686900958466,0.005431309904153414,4.10068035900587,4.889945595140267,2.0,0.7,0.20000000000000007,12.116886351174344,7.235300554550091,0.88,0.020000000000000018,8.27766620426288,6.325031885613178,0.86,0.040000000000000036,6.090150980441821,4.554808468372003
Synthetic-CP,22,SplitCP,0.908,0.008000000000000007,3.3694749276507583,4.435560702989362,15.0,0.1,0.8,36.09378608766277,3.1867488551609107,0.52,0.38,16.884324044218893,3.2816125881159657,0.64,0.26,10.735737037753696,3.316942626678084
Synthetic-CP,22,NExCP,0.902,0.0020000000000000018,3.3679536624969195,4.39122222988729,5.0,0.4,0.5,24.811019151292662,5.178110162404865,0.76,0.14,13.790476552004826,5.937312956449707,0.86,0.040000000000000036,9.319889505670629,5.366247557806932
Synthetic-CP,22,FACI,0.901,0.0010000000000000009,3.2987679603621904,4.403022197560614,7.0,0.2,0.7,31.69166878453018,3.898826864283697,0.68,0.21999999999999997,15.15767228694073,4.04053551884214,0.76,0.14,9.750229154849274,3.7153795286193834
Synthetic-CP,22,SF-OGD,0.899,0.0010000000000000009,3.8013291086574847,4.769394811586366,3.0,0.6,0.30000000000000004,15.468707609520163,7.84551050630831,0.84,0.06000000000000005,10.85298298716797,7.803704145883229,0.88,0.020000000000000018,7.955988939384687,6.2755067802082625
Synthetic-CP,22,SAOCP,0.912,0.01200000000000001,3.938198853687656,4.854003684630956,1.0,0.8,0.09999999999999998,15.051889700204175,9.379351540098389,0.92,0.020000000000000018,9.37300906941502,7.103993805372705,0.94,0.039999999999999925,7.12471300847352,5.7741319696966915
Synthetic-CP,22,CA-AOCP,0.932,0.03200000000000003,3.9096546957999694,4.515858322471201,3.0,0.6,0.30000000000000004,15.41936347243033,8.256361532791031,0.84,0.06000000000000005,10.731175113055127,7.865974337199406,0.84,0.06000000000000005,7.4165792957106875,5.811956980190871
Quality-Control,22,SplitCP,0.9265175718849841,0.026517571884984048,4.475832155665293,5.577146367556721,2.0,0.7,0.20000000000000007,17.535118582622413,4.675666790639106,0.88,0.020000000000000018,9.805809010255071,4.662028293461748,0.94,0.039999999999999925,7.1609069662908515,4.589016607894189
Quality-Control,22,NExCP,0.9105431309904153,0.010543130990415261,3.9388184573416543,5.491095297080378,2.0,0.7,0.20000000000000007,20.057947701140602,4.544302460922634,0.88,0.020000000000000018,10.811228340549201,4.605770244462015,0.92,0.020000000000000018,7.540269580478323,4.371987454259887
Quality-Control,22,FACI,0.9169329073482428,0.01693290734824282,4.014789309678462,5.511808066913196,2.0,0.7,0.20000000000000007,18.814672499720754,4.573011476967376,0.88,0.020000000000000018,10.267738877724632,4.571074468623279,0.92,0.020000000000000018,7.2486194104461426,4.244957096642696
Quality-Control,22,SF-OGD,0.8977635782747604,0.0022364217252396346,4.797889543759123,6.188624773426185,2.0,0.7,0.20000000000000007,17.771086557577497,8.671460669317822,0.88,0.020000000000000018,11.37721481768548,7.737364462381613,0.9,0.0,8.025111337601603,6.018819776227388
Quality-Control,22,SAOCP,0.8977635782747604,0.0022364217252396346,4.74172121703701,6.1789921080944925,1.0,0.8,0.09999999999999998,18.20245674092773,9.581696593214868,0.92,0.020000000000000018,10.402461229105295,6.954157170020152,0.94,0.039999999999999925,7.6909831573071585,5.480894485154894
Quality-Control,22,CA-AOCP,0.939297124600639,0.039297124600638944,4.717543303526213,5.748749403146164,1.0,0.8,0.09999999999999998,16.212887868514173,9.446339068784834,0.92,0.020000000000000018,10.793311436510628,8.086691916618893,0.94,0.039999999999999925,7.464277782557343,5.82613982791666
Synthetic-CP,23,SplitCP,0.903,0.0030000000000000027,3.3754386801137577,4.434345551566901,9.0,0.2,0.7,35.32030232520292,3.3400563071838363,0.64,0.26,16.49544270889892,3.366537638199899,0.74,0.16000000000000003,10.413490470153558,3.373269671662215
Synthetic-CP,23,NExCP,0.899,0.0010000000000000009,3.387805454193545,4.462113004777047,6.0,0.3,0.6000000000000001,28.19485067052298,5.35999106264744,0.72,0.18000000000000005,15.228579664742917,6.0946358215927,0.84,0.06000000000000005,10.104631668542302,5.395639289488057
Synthetic-CP,23,FACI,0.899,0.0010000000000000009,3.3195209250017457,4.445452998308091,6.0,0.3,0.6000000000000001,32.6700869889988,4.139594505751175,0.72,0.18000000000000005,15.602269375660292,4.190072382361241,0.8,0.09999999999999998,10.035122159297057,3.8613988035858977
Synthetic-CP,23,SF-OGD,0.899,0.0010000000000000009,3.8749775938374236,4.890297974070515,4.0,0.5,0.4,20.64597889082137,7.4100973114361794,0.8,0.09999999999999998,12.967795648217201,7.673443016463126,0.88,0.020000000000000018,9.280839753356313,6.608719036279138
Synthetic-CP,23,SAOCP,0.907,0.007000000000000006,3.98261200215758,4.881524863181452,1.0,0.8,0.09999999999999998,15.767988033411058,10.095357837082913,0.92,0.020000000000000018,9.541675847113204,7.272623768581946,0.92,0.020000000000000018,7.328148803098745,5.818364399360855
Synthetic-CP,23,CA-AOCP,0.939,0.038999999999999924,3.896129689900409,4.465051925622251,1.0,0.8,0.09999999999999998,13.172268264011212,8.145579800092268,0.88,0.020000000000000018,9.508592321543848,7.474741209003425,0.92,0.020000000000000018,7.048022760160331,5.603532034470062
Quality-Control,23,SplitCP,0.9169329073482428,0.01693290734824282,4.346351283874301,5.485121330237209,6.0,0.4,0.5,14.063854465847736,4.586509350756688,0.76,0.14,8.451758203733315,4.660820157696897,0.86,0.040000000000000036,6.847381813059005,4.604671934582743
Quality-Control,23,NExCP,0.9041533546325878,0.0041533546325878135,4.200139332697613,5.420937028975075,4.0,0.5,0.4,12.228742702809262,5.249778947793933,0.8,0.09999999999999998,8.187555439857684,5.395969937851553,0.88,0.020000000000000018,6.8622196601596075,5.0587081642242895
Quality-Control,23,FACI,0.8945686900958466,0.005431309904153414,4.158644779936999,5.363136984610208,4.0,0.5,0.4,11.897066421161814,5.418936225545321,0.8,0.09999999999999998,7.594557757157322,5.003305678910724,0.88,0.020000000000000018,6.440585403991564,4.614370773857311
Quality-Control,23,SF-OGD,0.8977635782747604,0.0022364217252396346,4.693970138082065,5.750456900981132,0.0,0.9,0.0,7.281789215580514,7.154684609981855,0.92,0.020000000000000018,5.5972841735525005,5.2268104480401565,0.92,0.020000000000000018,5.680846074009732,4.740948843580712
Quality-Control,23,SAOCP,0.8913738019169329,0.008626198083067083,4.607342138555574,6.048565909484861,0.0,0.9,0.0,9.41423110847687,7.754309344809096,0.92,0.020000000000000018,6.752706303408721,6.070409220439524,0.92,0.020000000000000018,6.14251437530956,5.183152658697911
Quality-Control,23,CA-AOCP,0.9201277955271565,0.02012779552715649,4.615860203471482,5.419688987363252,4.0,0.5,0.4,8.876660679961429,6.308337379426464,0.8,0.09999999999999998,7.399891471563749,6.3725621513497615,0.88,0.020000000000000018,6.594265592172835,5.583317089989888
Synthetic-CP,24,SplitCP,0.896,0.0040000000000000036,3.413325449149482,4.51072504944062,12.0,0.1,0.8,33.40423149144941,3.4346200857899936,0.4,0.5,17.75725981714462,3.5060279551636024,0.68,0.21999999999999997,10.688721926025323,3.5480177846149807
Synthetic-CP,24,NExCP,0.888,0.01200000000000001,3.445997393128391,4.513960269685537,8.0,0.2,0.7,27.329418853804363,4.611537848559928,0.68,0.21999999999999997,14.895738654997633,5.808586252899861,0.84,0.06000000000000005,9.849875926398367,5.306299725349481
Synthetic-CP,24,FACI,0.891,0.009000000000000008,3.4085064413277517,4.481419739986763,9.0,0.2,0.7,27.739046975305087,4.564920399145086,0.6,0.30000000000000004,14.909885085679978,4.905171837430734,0.8,0.09999999999999998,9.501199159665262,4.498842535540639
Synthetic-CP,24,SF-OGD,0.9,0.0,3.865335585944835,4.897852473120209,5.0,0.6,0.30000000000000004,16.58797358147952,7.447177390086648,0.84,0.06000000000000005,11.358875650584588,7.70255717402744,0.92,0.020000000000000018,7.971017673629937,6.142858435351364
Synthetic-CP,24,SAOCP,0.91,0.010000000000000009,4.014937166735035,4.961412313113351,2.0,0.7,0.20000000000000007,15.178727933869135,9.710114401530763,0.88,0.020000000000000018,9.676287826770125,7.488842413834777,0.92,0.020000000000000018,7.038188108834439,5.72611382158753
Synthetic-CP,24,CA-AOCP,0.932,0.03200000000000003,3.984197501495998,4.575964967888618,1.0,0.8,0.09999999999999998,17.04198311143249,8.668060463546563,0.88,0.020000000000000018,12.283196451284143,8.477627030615361,0.94,0.039999999999999925,8.415975953248052,6.513191242913661
Quality-Control,24,SplitCP,0.9233226837060703,0.02332268370607027,4.397903752711159,5.425542640831985,4.0,0.5,0.4,12.723761835059998,4.5550831354591,0.8,0.09999999999999998,7.908303042868938,4.640831563028578,0.88,0.020000000000000018,6.450236160172657,4.646511720802289
Quality-Control,24,NExCP,0.9105431309904153,0.010543130990415261,4.270433451588374,5.399117430201595,3.0,0.6,0.30000000000000004,9.59328273345635,5.628235002347547,0.84,0.06000000000000005,7.328154003345123,5.742134910901602,0.9,0.0,6.352745839272165,5.40311730686836
Quality-Control,24,FACI,0.9073482428115016,0.007348242811501593,4.168295753284563,5.361225944264946,4.0,0.5,0.4,11.096539853132196,5.314206991574162,0.8,0.09999999999999998,7.279032652381877,4.9660995077586625,0.86,0.040000000000000036,6.179248881829012,4.724834054543127
Quality-Control,24,SF-OGD,0.8977635782747604,0.0022364217252396346,4.691402618799176,5.923229502116806,0.0,0.9,0.0,7.30923422335286,7.279997645586751,0.96,0.05999999999999994,5.248482110958443,5.2367874798519995,0.9,0.0,5.689716015893778,5.126871136033972
Quality-Control,24,SAOCP,0.8977635782747604,0.0022364217252396346,4.692684674314799,5.8846492660355745,1.0,0.8,0.09999999999999998,7.624358185794452,7.269876199281137,0.92,0.020000000000000018,5.703775223820339,5.561982429215013,0.88,0.020000000000000018,5.537346361370269,4.846889168049263
Quality-Control,24,CA-AOCP,0.9329073482428115,0.032907348242811496,4.7461393723465,5.443129503695431,2.0,0.7,0.20000000000000007,6.697859553201843,6.183212701094559,0.88,0.020000000000000018,6.3530965822584315,6.147237841415517,0.94,0.039999999999999925,5.869774617173964,5.766845246752506
Synthetic-CP,25,SplitCP,0.899,0.0010000000000000009,3.544373215991126,4.562544109107357,13.0,0.2,0.7,30.248799049288387,3.5961721018262516,0.52,0.38,17.107690007776842,3.702724309565637,0.74,0.16000000000000003,10.591668446002782,3.7162496984602096
Synthetic-CP,25,NExCP,0.893,0.007000000000000006,3.578471273250605,4.537122485195832,8.0,0.3,0.6000000000000001,21.385968502622454,5.208770826168016,0.72,0.18000000000000005,12.491718936662735,6.020839866080961,0.86,0.040000000000000036,9.09499249297328,5.859552957682393
Synthetic-CP,25,FACI,0.895,0.0050000000000000044,3.515596209334147,4.509114104548566,8.0,0.3,0.6000000000000001,25.398680229955442,4.518142831125954,0.72,0.18000000000000005,13.207745739700506,4.855530780168709,0.84,0.06000000000000005,8.8373270862716,4.524089009034868
Synthetic-CP,25,SF-OGD,0.899,0.0010000000000000009,3.970475414424417,4.965472532955291,4.0,0.6,0.30000000000000004,16.604808065998558,6.185891361140272,0.84,0.06000000000000005,10.609943863121375,6.442377181178061,0.9,0.0,7.606115686176772,5.466057527236364
Synthetic-CP,25,SAOCP,0.904,0.0040000000000000036,4.079590021058074,4.902064653242658,1.0,0.8,0.09999999999999998,14.946765799615827,9.368671976339048,0.92,0.020000000000000018,9.576269560852413,7.345032031541702,0.92,0.020000000000000018,6.8446592420980075,5.620575823890861
Synthetic-CP,25,CA-AOCP,0.936,0.03600000000000003,4.023556248811091,4.577199542550599,0.0,0.9,0.0,14.081096721965569,8.895967875031625,0.92,0.020000000000000018,10.217293461310652,7.796500564757735,0.94,0.039999999999999925,7.296492936079751,5.794842372630419
Quality-Control,25,SplitCP,0.9073482428115016,0.007348242811501593,4.1911629097216725,5.547720087016458,5.0,0.4,0.5,17.671952088359806,4.350602585216002,0.76,0.14,9.81451502335405,4.485975222096528,0.88,0.020000000000000018,7.0738784068299765,4.409608506201217
Quality-Control,25,NExCP,0.9009584664536742,0.000958466453674145,4.122840987659685,5.550441697414187,4.0,0.6,0.30000000000000004,14.993030223678826,4.8723761812453095,0.84,0.06000000000000005,8.970539233621201,4.9222776166477935,0.92,0.020000000000000018,6.762953717529622,4.738822909042918
Quality-Control,25,FACI,0.9009584664536742,0.000958466453674145,3.9903398011031253,5.54064912912764,2.0,0.7,0.20000000000000007,15.105555929705782,5.11054698043425,0.88,0.020000000000000018,8.93842970283813,4.940426123129517,0.92,0.020000000000000018,6.432055837978604,4.420602232899086
Quality-Control,25,SF-OGD,0.9009584664536742,0.000958466453674145,5.076010875081108,6.348761560781587,1.0,0.8,0.09999999999999998,13.794494657974571,9.356362188971145,0.92,0.020000000000000018,9.836502814579523,8.061249826978152,0.92,0.020000000000000018,7.134596616171127,5.788835975483973
Quality-Control,25,SAOCP,0.8945686900958466,0.005431309904153414,4.9333377353668935,6.286263595791451,0.0,0.9,0.0,12.077839215805536,9.514906815949763,0.92,0.020000000000000018,8.206598750316864,7.0118887465949085,0.92,0.020000000000000018,6.156838237810647,5.300073486682206
Quality-Control,25,CA-AOCP,0.9361022364217252,0.036102236421725165,4.741397296929832,5.698805021454222,1.0,0.8,0.09999999999999998,15.11257309372919,9.012657897146216,0.92,0.020000000000000018,10.192149681896423,7.752183603263233,0.96,0.05999999999999994,7.053212298403917,5.833229259087321
Synthetic-CP,26,SplitCP,0.92,0.020000000000000018,3.7102855291433046,4.550180915785979,15.0,0.2,0.7,27.14790446091532,3.579039310844851,0.56,0.33999999999999997,14.433351173430413,3.6292557403399677,0.76,0.14,9.364298219796012,3.644261444264927
Synthetic-CP,26,NExCP,0.89,0.010000000000000009,3.5905461321505245,4.531648615576663,8.0,0.4,0.5,21.56371615894145,5.095467124021651,0.72,0.18000000000000005,12.43675911795068,5.794293132035992,0.86,0.040000000000000036,8.769804661296645,5.448571668339301
Synthetic-CP,26,FACI,0.898,0.0020000000000000018,3.5777153319259876,4.504238340064858,8.0,0.3,0.6000000000000001,23.865177358733586,4.622359938252428,0.68,0.21999999999999997,13.173870584092965,4.879943696396058,0.82,0.08000000000000007,8.833398305661646,4.376601355975251
Synthetic-CP,26,SF-OGD,0.9,0.0,3.9807856075554118,4.880732571484061,2.0,0.7,0.20000000000000007,14.276133874368707,7.441428360330074,0.88,0.020000000000000018,9.63052750841569,6.896645302800238,0.92,0.020000000000000018,7.225906514305591,5.6198091338951714
Synthetic-CP,26,SAOCP,0.9,0.0,3.9951015619409493,4.903381931157574,0.0,0.9,0.0,12.01633752979449,9.275917039214866,0.92,0.020000000000000018,8.3829455915204,7.276292108831485,0.92,0.020000000000000018,6.972113634767385,5.7723387315987535
Synthetic-CP,26,CA-AOCP,0.93,0.030000000000000027,3.9682929616521627,4.514245189998104,1.0,0.8,0.09999999999999998,12.187789668370462,7.777761384350333,0.92,0.020000000000000018,9.469709404825082,7.7056980912170285,0.94,0.039999999999999925,7.024026694817831,5.801093446330699
Quality-Control,26,SplitCP,0.9297124600638977,0.029712460063897717,5.028903798955329,5.942439448264287,7.0,0.3,0.6000000000000001,18.086000329501726,4.966866959346767,0.72,0.18000000000000005,10.39873867249356,5.151085324431574,0.86,0.040000000000000036,7.746310199818347,5.122483525787357
Quality-Control,26,NExCP,0.9073482428115016,0.007348242811501593,4.672147508332461,5.778098163447919,4.0,0.6,0.30000000000000004,15.61090256199632,5.575103232031308,0.84,0.06000000000000005,9.671732467812157,5.657412735826154,0.92,0.020000000000000018,7.466557255269851,5.459397389276851
Quality-Control,26,FACI,0.9009584664536742,0.000958466453674145,4.616738312284774,5.591486616535747,4.0,0.6,0.30000000000000004,12.60946239478763,6.763556088470784,0.84,0.06000000000000005,8.450723679928446,6.112361157401706,0.9,0.0,6.784124816842215,5.473525963208927
Quality-Control,26,SF-OGD,0.9009584664536742,0.000958466453674145,4.861652525645312,5.975798920747402,0.0,0.9,0.0,11.677024059891963,7.683598397711632,0.92,0.020000000000000018,8.3657274350933,6.1039459583636,0.92,0.020000000000000018,7.0607972561612815,5.239135209340357
Quality-Control,26,SAOCP,0.8977635782747604,0.0022364217252396346,4.6513661487027775,6.2644364504837595,0.0,0.9,0.0,12.824582835049721,9.209054192052104,0.92,0.020000000000000018,8.918982452799922,6.947452965014578,0.9,0.0,7.499606260488786,5.639847964209406
Quality-Control,26,CA-AOCP,0.9137380191693291,0.013738019169329041,4.905973903427899,5.7767973675339634,0.0,0.9,0.0,14.866933658824909,9.83501947451748,0.92,0.020000000000000018,10.308938904664673,7.385643291091511,0.96,0.05999999999999994,7.671479616853478,6.209831810066897
Synthetic-CP,27,SplitCP,0.897,0.0030000000000000027,3.539281222626324,4.550361415964017,18.0,0.1,0.8,36.687805049948466,3.6057670247886855,0.48,0.42000000000000004,17.74686611366834,3.673080227914692,0.74,0.16000000000000003,10.730434906322962,3.6935419634461355
Synthetic-CP,27,NExCP,0.896,0.0040000000000000036,3.5217622817193357,4.530351576419792,5.0,0.4,0.5,26.831665657452685,5.552794011798102,0.76,0.14,14.93574030592557,6.4241916476637355,0.88,0.020000000000000018,10.053335577235542,5.797561248104623
Synthetic-CP,27,FACI,0.894,0.006000000000000005,3.4791816922477756,4.490463775161692,7.0,0.3,0.6000000000000001,28.895593486387032,4.820846980001717,0.68,0.21999999999999997,14.607743608805093,4.890319325883325,0.82,0.08000000000000007,9.23611006245064,4.286579224817821
Synthetic-CP,27,SF-OGD,0.9,0.0,3.908603890946099,4.871481477644568,2.0,0.7,0.20000000000000007,15.447736737332168,7.277836459508187,0.88,0.020000000000000018,9.90154494641766,6.633584835288068,0.9,0.0,6.972618213147534,4.925102343929913
Synthetic-CP,27,SAOCP,0.906,0.006000000000000005,4.03722073661415,4.887187294579448,0.0,0.9,0.0,15.698252179026735,10.059920680398106,0.96,0.05999999999999994,9.798441497868877,7.543108898417424,0.94,0.039999999999999925,6.968761355076396,5.566064644383825
Synthetic-CP,27,CA-AOCP,0.941,0.040999999999999925,3.981463548399953,4.479584709795916,0.0,0.9,0.0,13.155759256968675,8.090038015930265,0.96,0.05999999999999994,9.893708383757179,7.867419887341816,0.96,0.05999999999999994,6.938255007551197,5.923348915708293
Quality-Control,27,SplitCP,0.9009584664536742,0.000958466453674145,4.051068637744451,5.217495102742997,6.0,0.5,0.4,16.88254062874369,4.163809055080209,0.8,0.09999999999999998,9.307495079600697,4.220002450135304,0.86,0.040000000000000036,6.881224377006398,4.206032860627188
Quality-Control,27,NExCP,0.8913738019169329,0.008626198083067083,4.045751345223555,5.220251791892923,6.0,0.5,0.4,15.0583027298407,4.829892164032861,0.8,0.09999999999999998,9.102354426629017,5.010990200305882,0.86,0.040000000000000036,6.809561311835131,4.63243399702705
Quality-Control,27,FACI,0.8945686900958466,0.005431309904153414,3.999352440136501,5.1622588204496225,5.0,0.6,0.30000000000000004,14.148679416497183,5.083529254642596,0.8,0.09999999999999998,8.403382158108183,4.743138170266796,0.86,0.040000000000000036,6.4486405105860065,4.412647508180217
Quality-Control,27,SF-OGD,0.8977635782747604,0.0022364217252396346,4.943615318518248,6.042824746404579,5.0,0.8,0.09999999999999998,11.69004426105241,7.229634074836665,0.92,0.020000000000000018,8.768543482666622,6.984379408180324,0.92,0.020000000000000018,6.91872453686011,5.786441617490761
Quality-Control,27,SAOCP,0.8849840255591054,0.015015974440894642,4.681956860463974,6.128004654082465,1.0,0.8,0.09999999999999998,12.197748714132558,7.155815089182589,0.84,0.06000000000000005,7.788458525364621,5.609993923417664,0.84,0.06000000000000005,6.675133993208636,5.110911886044545
Quality-Control,27,CA-AOCP,0.9265175718849841,0.026517571884984048,4.506482256874692,5.261095385345931,2.0,0.7,0.20000000000000007,12.035044605992137,6.812950678843467,0.8,0.09999999999999998,8.840420198105935,6.312652497846361,0.86,0.040000000000000036,6.727181065566643,5.141603356809452
Synthetic-CP,28,SplitCP,0.903,0.0030000000000000027,3.27328806242774,4.392906689916652,13.0,0.0,0.9,30.372921306041327,3.2790490331261912,0.52,0.38,14.684733859941245,3.3854500959812874,0.74,0.16000000000000003,9.272213679603658,3.399284010887226
Synthetic-CP,28,NExCP,0.897,0.0030000000000000027,3.299345580040812,4.354402900987675,4.0,0.5,0.4,19.533321647970023,4.955475003737648,0.8,0.09999999999999998,11.139263408206126,5.308124750513178,0.88,0.020000000000000018,8.038362749028122,5.0895778278613015
Synthetic-CP,28,FACI,0.904,0.0040000000000000036,3.2832232075297907,4.33746157280959,7.0,0.2,0.7,21.453539420853758,4.5650168421333985,0.68,0.21999999999999997,11.313792586579892,4.558383555091745,0.82,0.08000000000000007,7.645781810798303,3.908659542758577
Synthetic-CP,28,SF-OGD,0.9,0.0,3.7265910906711843,4.78225895271857,1.0,0.8,0.09999999999999998,10.579781492426982,7.680912689658695,0.92,0.020000000000000018,7.89464236953113,6.735094848423816,0.94,0.039999999999999925,6.083638479839982,5.091538122504306
Synthetic-CP,28,SAOCP,0.906,0.006000000000000005,3.869862061308983,4.810899427699237,1.0,0.8,0.09999999999999998,10.954527142579085,8.352071714765348,0.92,0.020000000000000018,7.672753337963822,6.631771166838328,0.94,0.039999999999999925,6.085736287653028,5.043830403102627
Synthetic-CP,28,CA-AOCP,0.935,0.03500000000000003,3.809592416332446,4.424772605336097,0.0,0.9,0.0,11.4477302088576,7.429447651681332,0.96,0.05999999999999994,9.114245722709976,7.506932699839468,0.96,0.05999999999999994,6.600526626265759,5.562849761188643
Quality-Control,28,SplitCP,0.8945686900958466,0.005431309904153414,4.151149744044417,5.581810703898494,12.0,0.3,0.6000000000000001,17.182291573572023,4.34652263038594,0.6,0.30000000000000004,10.715646314371094,4.503434104293816,0.78,0.12,7.753451483353499,4.567305701360481
Quality-Control,28,NExCP,0.8913738019169329,0.008626198083067083,4.05741415292267,5.448935352160362,9.0,0.5,0.4,15.244402027685856,4.77016510895254,0.76,0.14,10.169405769796398,5.143460883929172,0.88,0.020000000000000018,7.593547513054785,5.0805750701211725
Quality-Control,28,FACI,0.8945686900958466,0.005431309904153414,4.079009912094036,5.4781652093080435,9.0,0.5,0.4,15.381804491258046,4.907567572524728,0.76,0.14,10.271983830513541,5.089142893664322,0.86,0.040000000000000036,7.565895568963966,4.960769170207287
Quality-Control,28,SF-OGD,0.8977635782747604,0.0022364217252396346,4.658959144548053,6.045542124089494,0.0,0.9,0.0,8.187083357185129,7.246743849828111,0.88,0.020000000000000018,7.662457372949433,6.018647773000395,0.92,0.020000000000000018,6.460709274057339,5.110326367812927
Quality-Control,28,SAOCP,0.8881789137380192,0.011821086261980862,4.60804091938318,5.909606664248694,1.0,0.8,0.09999999999999998,9.741760846515792,7.070827604700298,0.88,0.020000000000000018,8.833656417502187,6.492698100025937,0.9,0.0,7.217692363248968,5.580916683180301
Quality-Control,28,CA-AOCP,0.9169329073482428,0.01693290734824282,4.567332964388963,5.468351070449891,1.0,0.8,0.09999999999999998,11.984135232895518,7.845612509649442,0.88,0.020000000000000018,9.880819061007427,7.2472638819613575,0.92,0.020000000000000018,7.633473869170101,6.160084690123558
Synthetic-CP,29,SplitCP,0.901,0.0010000000000000009,3.5331356675878713,4.568450523485249,11.0,0.2,0.7,28.976862039950618,3.5381053847162223,0.6,0.30000000000000004,15.75442739190482,3.6121108537511954,0.76,0.14,9.885110289485704,3.612222562149367
Synthetic-CP,29,NExCP,0.887,0.013000000000000012,3.4579792200152357,4.575963919273056,7.0,0.3,0.6000000000000001,22.479978564320806,4.734556973468128,0.68,0.21999999999999997,13.147012248843762,5.292206358205185,0.84,0.06000000000000005,9.055771737592138,5.128368792272851
Synthetic-CP,29,FACI,0.897,0.0030000000000000027,3.490646481177043,4.506130630581856,8.0,0.2,0.7,24.183000666110082,4.426973911366237,0.64,0.26,13.73008254215412,4.793533204981846,0.76,0.14,8.972966307506773,4.319685731272501
Synthetic-CP,29,SF-OGD,0.899,0.0010000000000000009,4.0116048779600835,4.861542048428424,3.0,0.6,0.30000000000000004,16.739055169985352,6.877836253385459,0.84,0.06000000000000005,10.581679278562476,6.637191711922519,0.88,0.020000000000000018,7.713095315721308,5.458393685406044
Synthetic-CP,29,SAOCP,0.917,0.017000000000000015,4.127201187779563,5.032722861409283,0.0,0.9,0.0,16.97931724918659,10.152525853358581,0.96,0.05999999999999994,10.7855455108097,8.054828952478497,0.94,0.039999999999999925,7.748772544760837,6.048435126887828
Synthetic-CP,29,CA-AOCP,0.931,0.031000000000000028,4.018021516395301,4.56040821655405,0.0,0.9,0.0,15.019241822864746,9.102481473952258,0.96,0.05999999999999994,10.516438916270953,8.14973477670596,0.88,0.020000000000000018,7.452824204610434,5.761613547862155
Quality-Control,29,SplitCP,0.8945686900958466,0.005431309904153414,4.44668165368992,5.684971558564431,7.0,0.4,0.5,18.18527443311847,4.788706115736639,0.76,0.14,10.196726343990106,4.838099017037376,0.88,0.020000000000000018,7.461728822607165,4.7824151591307995
Quality-Control,29,NExCP,0.8817891373801917,0.01821086261980831,4.168243394702934,5.522461015443483,6.0,0.6,0.30000000000000004,16.7480147164679,5.173061112601583,0.84,0.06000000000000005,9.943508765507367,5.313527323960841,0.92,0.020000000000000018,7.379520323837553,5.0645296030642895
Quality-Control,29,FACI,0.8977635782747604,0.0022364217252396346,4.207966469947242,5.43350598433795,3.0,0.7,0.20000000000000007,16.36411169706253,5.392471836162665,0.88,0.020000000000000018,9.786111886303253,5.397455941943308,0.92,0.020000000000000018,7.1978305288666125,5.002246542321618
Quality-Control,29,SF-OGD,0.9009584664536742,0.000958466453674145,4.659918721880951,6.01222084673498,1.0,0.8,0.09999999999999998,17.456744427333025,6.39290474017316,0.88,0.020000000000000018,10.470499256231909,5.939188516646376,0.9,0.0,7.59584698243708,4.850095567675716
Quality-Control,29,SAOCP,0.9009584664536742,0.000958466453674145,4.922925330495424,6.208247828950654,1.0,0.8,0.09999999999999998,17.038316320816765,9.87125301176545,0.92,0.020000000000000018,10.059762752500097,7.192937428879571,0.94,0.039999999999999925,7.276699445797009,5.56264429867932
Quality-Control,29,CA-AOCP,0.9233226837060703,0.02332268370607027,4.757855507927342,5.554215938124744,1.0,0.8,0.09999999999999998,18.261611820298956,9.902164106292568,0.92,0.020000000000000018,11.864745281743453,8.520966196140899,0.9,0.0,8.005712964671982,6.140286103296024
