dataset,eta,cov_gap_n,cov_gap_mean_diff,cov_gap_se,cov_gap_t,cov_gap_p,mean_width_n,mean_width_mean_diff,mean_width_se,mean_width_t,mean_width_p,winkler_n,winkler_mean_diff,winkler_se,winkler_t,winkler_p,postcov10_n,postcov10_mean_diff,postcov10_se,postcov10_t,postcov10_p,postcov25_n,postcov25_mean_diff,postcov25_se,postcov25_t,postcov25_p,recovery_step_n,recovery_step_mean_diff,recovery_step_se,recovery_step_t,recovery_step_p
Quality-Control,0.005,10,-0.007348242811501581,0.003436052354611648,-2.1385712594394097,0.06116319215107424,10,-0.049245778255403216,0.06026140370830579,-0.817202640910532,0.4349112674543685,10,-0.05402853789043682,0.05440171662931924,-0.993140313173844,0.34659071294925736,10,0.29000000000000004,0.04068851871911233,7.127317708515655,5.500493995724831e-05,10,0.12000000000000002,0.015776212754932302,7.606388292556654,3.304672168646938e-05,10,-4.0,0.6324555320336759,-6.324555320336758,0.00013693655926516612
Quality-Control,0.01,10,-0.005750798722044652,0.0035256539632048606,-1.6311296519914589,0.13729974490333952,10,-0.029481055857435923,0.05146078229025782,-0.5728839427887411,0.5807517448178001,10,-0.028815985259369903,0.049753128180054784,-0.5791793664729158,0.5766750532903338,10,0.29000000000000004,0.04333333333333332,6.692307692307695,8.931624373720304e-05,10,0.12000000000000002,0.01788854381999831,6.708203932499374,8.771397134954562e-05,10,-3.8,0.69602043392737,-5.4596098257605625,0.00040062949033559114
Quality-Control,0.02,10,-0.007028753993610191,0.0036829854027243094,-1.9084392754885784,0.0886828225876295,10,-0.034336050359590864,0.04607494237757551,-0.7452217753896113,0.47514813330316197,10,-0.029349232407458636,0.04356864347325622,-0.6736319992490494,0.5174694970101212,10,0.29000000000000004,0.04333333333333332,6.692307692307695,8.931624373720304e-05,10,0.12000000000000002,0.01788854381999831,6.708203932499374,8.771397134954562e-05,10,-3.8,0.69602043392737,-5.4596098257605625,0.00040062949033559114
Quality-Control,0.05,10,-0.0044728434504792015,0.0036333806409439774,-1.231041801697145,0.24950679432320122,10,-0.046584327800450256,0.04092095637549779,-1.138397826604647,0.2843495692959854,10,-0.046532711500937476,0.03762578342074425,-1.2367240564958593,0.24748821149474742,10,0.29000000000000004,0.04333333333333332,6.692307692307695,8.931624373720304e-05,10,0.12800000000000003,0.016653327995729057,7.686151382644186,3.043053437656873e-05,10,-3.8,0.69602043392737,-5.4596098257605625,0.00040062949033559114
Quality-Control,0.1,10,-0.0088178913738019,0.004286180610216924,-2.057284136086749,0.06978627726785347,10,-0.06944108947783212,0.043860216405972256,-1.5832363624265344,0.1478275006283183,10,-0.055523961801371424,0.038633709501731214,-1.437189504126787,0.1845053816542177,10,0.31000000000000005,0.04068851871911233,7.61885686082708,3.262198930897853e-05,10,0.12000000000000002,0.01788854381999832,6.708203932499369,8.771397134954562e-05,10,-4.1,0.6741249472052228,-6.08195857014003,0.0001832154282745968
Quality-Control,0.2,10,-0.00645367412140576,0.0028598958844104545,-2.2566115628842676,0.050455224688170874,10,-0.092128175179448,0.04775152460406769,-1.929324266467507,0.08576535537287056,10,-0.08045493442218783,0.03704740450760674,-2.1716753303370675,0.057955132255268715,10,0.30000000000000004,0.04216370213557838,7.115124735378856,5.5741022614297364e-05,10,0.11200000000000002,0.018666666666666675,5.999999999999998,0.00020249932206750643,10,-4.1,0.7666666666666665,-5.347826086956522,0.0004636742974730712
Synthetic-CP,0.005,10,-0.0071999999999999495,0.002707192067232913,-2.6595822613203963,0.02606363317086391,10,-0.01984545096704795,0.027806852792340103,-0.7136892159372575,0.49351022581457293,10,-0.06071193550323271,0.019207737510300884,-3.160806184001297,0.01153525173461567,10,0.65,0.042817441928883766,15.180729411149697,1.0166114550180794e-07,10,0.34800000000000003,0.022350739485653612,15.569954641696425,8.1565089571356e-08,10,-11.7,1.1060440015358037,-10.57824099561491,2.236838423375076e-06
Synthetic-CP,0.01,10,-0.00729999999999994,0.0026206445348001144,-2.785574274977639,0.02120667115782915,10,-0.025798660300660182,0.026801678091315236,-0.962576306332846,0.36090786566788546,10,-0.06919800377927761,0.017105033371996765,-4.04547610486186,0.0029045982068416354,10,0.65,0.042817441928883766,15.180729411149697,1.0166114550180794e-07,10,0.34800000000000003,0.022350739485653612,15.569954641696425,8.1565089571356e-08,10,-11.7,1.1060440015358037,-10.57824099561491,2.236838423375076e-06
Synthetic-CP,0.02,10,-0.007899999999999947,0.0028419476889391536,-2.779783748570288,0.021408334713321597,10,-0.0327394064582152,0.02518571260177393,-1.299919798811221,0.22593270121439568,10,-0.07635171020113285,0.01528304876471951,-4.995842869872184,0.0007431736335061778,10,0.65,0.042817441928883766,15.180729411149697,1.0166114550180794e-07,10,0.34800000000000003,0.022350739485653612,15.569954641696425,8.1565089571356e-08,10,-11.7,1.1060440015358037,-10.57824099561491,2.236838423375076e-06
Synthetic-CP,0.05,10,-0.007599999999999959,0.002642389491014175,-2.876184614662165,0.018291388896112037,10,-0.040496226381409484,0.023414129691628375,-1.7295635974839902,0.11776568306823187,10,-0.08921402622309423,0.015144382417148373,-5.89089893306411,0.00023167157618186884,10,0.65,0.042817441928883766,15.180729411149697,1.0166114550180794e-07,10,0.34,0.019999999999999997,17.000000000000004,3.7873405522859116e-08,10,-11.7,1.1060440015358037,-10.57824099561491,2.236838423375076e-06
Synthetic-CP,0.1,10,-0.007599999999999982,0.0027776888874666106,-2.736087556202724,0.022994315699347956,10,-0.042336422500932704,0.02211733592599775,-1.914173689027732,0.08787257061066178,10,-0.08400066673179456,0.015952700487005877,-5.265607964006879,0.000516872380849076,10,0.6399999999999999,0.04988876515698589,12.828539611796367,4.351540563440892e-07,10,0.336,0.021664102412362555,15.50952786339593,8.437359033663938e-08,10,-11.6,1.1175369742826806,-10.37996976113095,2.621148730508338e-06
Synthetic-CP,0.2,10,-0.00619999999999999,0.0025201410895247674,-2.4601797200049416,0.03614798752218329,10,-0.043534506730524704,0.02058096059130834,-2.115280603030259,0.06352269776013109,10,-0.09491940687243527,0.016743955115407785,-5.66887609398155,0.0003061611296253375,10,0.6399999999999999,0.04988876515698589,12.828539611796367,4.351540563440892e-07,10,0.336,0.021664102412362555,15.50952786339593,8.437359033663938e-08,10,-11.6,1.1175369742826806,-10.37996976113095,2.621148730508338e-06
