dataset,eta,cov_gap_mean,cov_gap_pct_vs_default,mean_width_mean,mean_width_pct_vs_default,winkler_mean,winkler_pct_vs_default,postcov10_mean,postcov10_pct_vs_default,postcov25_mean,postcov25_pct_vs_default,recovery_step_mean,recovery_step_pct_vs_default
Quality-Control,0.005,0.020766773162939223,-19.75308641975316,4.475827151006262,-0.24439499641332751,5.3640768587461665,0.32929835219041215,0.8300000000000001,-1.1904761904761914,0.916,-0.4347826086956405,0.7,0.0
Quality-Control,0.01,0.024920127795527106,-3.7037037037036438,4.517899409573255,0.6932961756584397,5.374441613295013,0.5231599576189218,0.8400000000000001,0.0,0.9199999999999999,0.0,0.7,0.0
Quality-Control,0.02,0.02587859424920121,0.0,4.486792647736772,0.0,5.346471017784265,0.0,0.8400000000000001,0.0,0.9199999999999999,0.0,0.7,0.0
Quality-Control,0.05,0.023322683706070206,-9.87654320987662,4.397418397097518,-1.991940739323817,5.292004136604464,-1.018744532582793,0.8400000000000001,0.0,0.9199999999999999,0.0,0.7,0.0
Quality-Control,0.1,0.01738019169329067,-32.83950617283957,4.3017851758494645,-4.12337913544164,5.264785548283486,-1.5278390031305509,0.8400000000000001,0.0,0.9040000000000001,-1.7391304347825862,0.7,0.0
Quality-Control,0.2,0.013354632587859341,-48.395061728395255,4.190698697542259,-6.5992340952923,5.228929182321364,-2.198493830265137,0.8200000000000001,-2.3809523809523827,0.8879999999999999,-3.478260869565221,0.9,28.571428571428584
Synthetic-CP,0.005,0.031200000000000006,1.6286644951140077,3.9496158522106923,0.8342696852806482,4.592232592549999,0.7610248021481544,0.7699999999999999,0.0,0.9000000000000001,0.0,1.3,0.0
Synthetic-CP,0.01,0.03180000000000001,3.583061889250826,3.9438108496571815,0.6860671220676157,4.577370898677755,0.43493515518807696,0.7699999999999999,0.0,0.9000000000000001,0.0,1.3,0.0
Synthetic-CP,0.02,0.030700000000000005,0.0,3.9169380256712865,0.0,4.5575485179584,0.0,0.7699999999999999,0.0,0.9000000000000001,0.0,1.3,0.0
Synthetic-CP,0.05,0.0279,-9.120521172638446,3.8571120945585804,-1.527364760958991,4.522702209678732,-0.7645844721643938,0.7699999999999999,0.0,0.8920000000000001,-0.8888888888888895,1.3,0.0
Synthetic-CP,0.1,0.0236,-23.127035830618905,3.7976550687441355,-3.0453113157619645,4.506959839633138,-1.1099975815051497,0.76,-1.2987012987012856,0.8880000000000001,-1.3333333333333344,1.4,7.692307692307681
Synthetic-CP,0.2,0.019700000000000002,-35.83061889250815,3.721453349677366,-4.9907523354398275,4.469497519897173,-1.9319815842722117,0.76,-1.2987012987012856,0.8880000000000001,-1.3333333333333344,1.4,7.692307692307681
