dataset,baseline,metric,n,mean_diff,se,t,p_t,W,p_wilcoxon,q_t,q_wilcoxon,sig_t_fdr,sig_wilcoxon_fdr
Synthetic-CP,SplitCP,cov_gap,30,-0.02546666666666666,0.0016586473739499605,-15.353876337210515,1.7763568394002505e-15,0.0,2.554465375675972e-06,3.643808901333847e-15,3.929946731809187e-06,***,***
Synthetic-CP,SplitCP,mean_width,30,-0.5349973532741998,0.017813196365742332,-30.033764984654105,0.0,0.0,1.862645149230957e-09,0.0,6.773255088112571e-09,***,***
Synthetic-CP,SplitCP,winkler,30,-0.01891403055523681,0.00942580961147346,-2.006621323245689,0.05419410755528564,139.0,0.054921628907322884,0.0637577735944537,0.06367725090704103,,
Synthetic-CP,SplitCP,recovery_step,30,13.3,0.5855540651540136,22.713530298012373,0.0,0.0,1.666775499957924e-06,0.0,2.7069580988326333e-06,***,***
Synthetic-CP,SplitCP,postgap10,30,0.7233333333333333,0.01958379187528706,36.93530537597845,0.0,0.0,1.6034132696601596e-06,0.0,2.7069580988326333e-06,***,***
Synthetic-CP,SplitCP,postgap25,30,0.3546666666666667,0.01162373051610846,30.512292604784722,0.0,0.0,1.6741785256701665e-06,0.0,2.7069580988326333e-06,***,***
Synthetic-CP,SplitCP,postgap50,30,0.15066666666666678,0.007348990599752389,20.501681778140146,0.0,0.0,1.6954815515692352e-06,0.0,2.7069580988326333e-06,***,***
Synthetic-CP,SplitCP,post_winkler10,30,18.44097363909012,0.770518120596145,23.93321214149053,0.0,0.0,1.862645149230957e-09,0.0,6.773255088112571e-09,***,***
Synthetic-CP,SplitCP,post_winkler25,30,6.231275000189186,0.25805773008969307,24.146825588302985,0.0,0.0,1.862645149230957e-09,0.0,6.773255088112571e-09,***,***
Synthetic-CP,SplitCP,post_winkler50,30,2.9741051258938946,0.13380224496393162,22.227617531347168,0.0,0.0,1.862645149230957e-09,0.0,6.773255088112571e-09,***,***
Synthetic-CP,SplitCP,post_width10,30,-5.585765529838594,0.18463131826835769,-30.253618845529786,0.0,0.0,1.862645149230957e-09,0.0,6.773255088112571e-09,***,***
Synthetic-CP,SplitCP,post_width25,30,-4.928289642673249,0.13613346520035496,-36.20189668587382,0.0,0.0,1.862645149230957e-09,0.0,6.773255088112571e-09,***,***
Synthetic-CP,SplitCP,post_width50,30,-2.5542182598045886,0.08547291778944024,-29.88336336074103,0.0,0.0,1.862645149230957e-09,0.0,6.773255088112571e-09,***,***
Synthetic-CP,SplitCP,postcov10,30,0.7233333333333332,0.01958379187528706,36.935305375978444,0.0,0.0,1.5136134777690994e-06,0.0,2.7069580988326333e-06,***,***
Synthetic-CP,SplitCP,postcov25,30,0.4133333333333333,0.013874091734450176,29.791739974372707,0.0,0.0,1.678421145178411e-06,0.0,2.7069580988326333e-06,***,***
Synthetic-CP,SplitCP,postcov50,30,0.19733333333333333,0.009083689226392865,21.723919479761246,0.0,0.0,1.690134686108154e-06,0.0,2.7069580988326333e-06,***,***
Synthetic-CP,NExCP,cov_gap,30,-0.02646666666666666,0.0012555470789392725,-21.079788333406476,0.0,0.0,1.7235135468062213e-06,0.0,2.7069580988326333e-06,***,***
Synthetic-CP,NExCP,mean_width,30,-0.5072610773103959,0.010710261862521681,-47.36215452261255,0.0,0.0,1.862645149230957e-09,0.0,6.773255088112571e-09,***,***
Synthetic-CP,NExCP,winkler,30,-0.0348418864310586,0.009201441145091397,-3.7865684170186062,0.0007118867783315608,84.0,0.0015832837671041489,0.0009185635849439494,0.002010519069338602,***,**
Synthetic-CP,NExCP,recovery_step,30,6.3,0.44759895842842046,14.075099777086477,1.709743457922741e-14,0.0,1.6229293364132389e-06,3.180918061251611e-14,2.7069580988326333e-06,***,***
Synthetic-CP,NExCP,postgap10,30,0.47000000000000003,0.026759894506948052,17.563596892280994,0.0,0.0,1.6541482313769548e-06,0.0,2.7069580988326333e-06,***,***
Synthetic-CP,NExCP,postgap25,30,0.13733333333333334,0.00913416390216263,15.035129082894814,3.1086244689504383e-15,0.0,1.618804276758542e-06,6.065608719903294e-15,2.7069580988326333e-06,***,***
Synthetic-CP,NExCP,postgap50,30,0.013333333333333365,0.005104276623258506,2.612188624844069,0.014103886060470971,59.0,0.0030413473273327575,0.01709561946723754,0.003743196710563394,*,**
Synthetic-CP,NExCP,post_winkler10,30,9.535181742973462,0.48760631514229896,19.555082546850926,0.0,0.0,1.862645149230957e-09,0.0,6.773255088112571e-09,***,***
Synthetic-CP,NExCP,post_winkler25,30,2.823869382684894,0.22532543696657314,12.532403889685181,3.133049375492192e-13,0.0,1.862645149230957e-09,5.569865556430563e-13,6.773255088112571e-09,***,***
Synthetic-CP,NExCP,post_winkler50,30,1.8655097237727776,0.12224945720215884,15.25986099625671,2.220446049250313e-15,0.0,1.862645149230957e-09,4.440892098500626e-15,6.773255088112571e-09,***,***
Synthetic-CP,NExCP,post_width10,30,-3.927486878088866,0.19822243636087958,-19.81353347377169,0.0,0.0,1.862645149230957e-09,0.0,6.773255088112571e-09,***,***
Synthetic-CP,NExCP,post_width25,30,-2.611181052377755,0.16310432883785736,-16.00926885866739,6.661338147750939e-16,0.0,1.862645149230957e-09,1.4402893292434464e-15,6.773255088112571e-09,***,***
Synthetic-CP,NExCP,post_width50,30,-0.6042159316389655,0.10590124406431634,-5.705465851487173,3.5835714877752167e-06,20.0,6.910413503646851e-07,4.94285722451754e-06,1.9744038581848145e-06,***,***
Synthetic-CP,NExCP,postcov10,30,0.47,0.02675989450694806,17.563596892280987,0.0,0.0,1.5116667659187884e-06,0.0,2.7069580988326333e-06,***,***
Synthetic-CP,NExCP,postcov25,30,0.19600000000000004,0.012480789836485854,15.704134319049368,1.1102230246251565e-15,0.0,1.631205817014403e-06,2.3373116307898034e-15,2.7069580988326333e-06,***,***
Synthetic-CP,NExCP,postcov50,30,0.060000000000000026,0.008248998545974794,7.273610204389938,5.203034003642415e-08,6.0,1.0531513982397635e-05,7.853636231913079e-08,1.478107225599668e-05,***,***
Synthetic-CP,FACI,cov_gap,30,-0.02653333333333333,0.001295201873346505,-20.485867013747647,0.0,0.0,1.7213435893906393e-06,0.0,2.7069580988326333e-06,***,***
Synthetic-CP,FACI,mean_width,30,-0.5553817470065749,0.011837569969305161,-46.91687132128306,0.0,0.0,1.862645149230957e-09,0.0,6.773255088112571e-09,***,***
Synthetic-CP,FACI,winkler,30,-0.06393900790893416,0.008494387819920233,-7.527206111191492,2.687887268315592e-08,5.0,1.862645149230957e-08,4.1352111820239877e-08,6.478765736455502e-08,***,***
Synthetic-CP,FACI,recovery_step,30,7.766666666666667,0.42799541659736556,18.146611775455337,0.0,0.0,1.6034132696601596e-06,0.0,2.7069580988326333e-06,***,***
Synthetic-CP,FACI,postgap10,30,0.5633333333333332,0.024203796288790564,23.27458579686643,0.0,0.0,1.5820715270325305e-06,0.0,2.7069580988326333e-06,***,***
Synthetic-CP,FACI,postgap25,30,0.20000000000000004,0.008788707488040823,22.756474745819993,0.0,0.0,1.65205147845969e-06,0.0,2.7069580988326333e-06,***,***
Synthetic-CP,FACI,postgap50,30,0.074,0.006924884330334022,10.686099069676533,1.4340528764478222e-11,0.0,1.6837370465306977e-06,2.4940050025179517e-11,2.7069580988326333e-06,***,***
Synthetic-CP,FACI,post_winkler10,30,12.569820950358503,0.6542529832201422,19.212477852973006,0.0,0.0,1.862645149230957e-09,0.0,6.773255088112571e-09,***,***
Synthetic-CP,FACI,post_winkler25,30,3.573022453253454,0.24824407221971315,14.393183375154603,9.769962616701378e-15,0.0,1.862645149230957e-09,1.860945260324072e-14,6.773255088112571e-09,***,***
Synthetic-CP,FACI,post_winkler50,30,1.7128485124562323,0.1267773056959491,13.510687130109616,4.8183679268731794e-14,0.0,1.862645149230957e-09,8.760668957951236e-14,6.773255088112571e-09,***,***
Synthetic-CP,FACI,post_width10,30,-4.594099248561299,0.20094305783703945,-22.86269203829383,0.0,0.0,1.862645149230957e-09,0.0,6.773255088112571e-09,***,***
Synthetic-CP,FACI,post_width25,30,-3.681257175565478,0.1367071719665712,-26.928047172723684,0.0,0.0,1.862645149230957e-09,0.0,6.773255088112571e-09,***,***
Synthetic-CP,FACI,post_width50,30,-1.8483031167521535,0.06864594073466335,-26.925162609343296,0.0,0.0,1.862645149230957e-09,0.0,6.773255088112571e-09,***,***
Synthetic-CP,FACI,postcov10,30,0.5633333333333332,0.02420379628879057,23.274585796866422,0.0,0.0,1.5719925868631079e-06,0.0,2.7069580988326333e-06,***,***
Synthetic-CP,FACI,postcov25,30,0.2586666666666667,0.011780885876310463,21.956469944828623,0.0,0.0,1.6657201609790694e-06,0.0,2.7069580988326333e-06,***,***
Synthetic-CP,FACI,postcov50,30,0.12066666666666666,0.007012850820340644,17.206506990947993,0.0,0.0,1.5381249042582907e-06,0.0,2.7069580988326333e-06,***,***
Synthetic-CP,SF-OGD,cov_gap,30,-0.03203333333333332,0.0008937629778282328,-35.840971407398825,0.0,0.0,1.6933411124690754e-06,0.0,2.7069580988326333e-06,***,***
Synthetic-CP,SF-OGD,mean_width,30,-0.07081453441279988,0.013295010170830965,-5.3263994162385675,1.0240810648154408e-05,42.0,2.0798295736312866e-05,1.3885844946650045e-05,2.8687304463879816e-05,***,***
Synthetic-CP,SF-OGD,winkler,30,0.3343399906858489,0.013689901190642615,24.42238158113066,0.0,0.0,1.862645149230957e-09,0.0,6.773255088112571e-09,***,***
Synthetic-CP,SF-OGD,recovery_step,30,2.3666666666666667,0.3125105362208483,7.573078000141939,2.38717352551987e-08,4.5,8.294228018143431e-06,3.74458592238411e-08,1.184889716877633e-05,***,***
Synthetic-CP,SF-OGD,postgap10,30,0.18333333333333338,0.02253137446426742,8.136802023510919,5.675042658026541e-09,2.5,6.910580579379882e-06,9.301093591463485e-09,1.00517535700071e-05,***,***
Synthetic-CP,SF-OGD,postgap25,30,0.008000000000000023,0.007020495447034984,1.1395207162165057,0.26381112243656624,63.0,0.06545975409931902,0.28910807938253835,0.07481114754207889,,
Synthetic-CP,SF-OGD,postgap50,30,-0.016666666666666635,0.004506274892853477,-3.6985463743231426,0.0009009608762651222,28.0,0.0021665140701811465,0.001144077303193806,0.0027081425877264332,**,**
Synthetic-CP,SF-OGD,post_winkler10,30,1.5432268645207612,0.5033646176792507,3.065823083942149,0.004663099707318041,103.0,0.006639536470174789,0.005739199639776051,0.00804792299415126,**,**
Synthetic-CP,SF-OGD,post_winkler25,30,-0.01742344154249172,0.25763685466211356,-0.067627908147467,0.9465459637255447,213.0,0.7000329215079546,0.9585275582030831,0.7273069314368359,,
Synthetic-CP,SF-OGD,post_winkler50,30,0.22902589888291375,0.16491963441654228,1.3887121426940374,0.1754947126365085,178.0,0.2710056286305189,0.19499412515167613,0.29297905797893936,,
Synthetic-CP,SF-OGD,post_width10,30,-1.7490261325452914,0.22686298728658838,-7.709614307140395,1.6794982071743902e-08,14.0,2.0489096641540527e-07,2.6871971314790244e-08,6.304337428166316e-07,***,***
Synthetic-CP,SF-OGD,post_width25,30,-1.2354674621024415,0.17065395770983144,-7.239606269214967,5.6881402921149515e-08,15.0,2.551823854446411e-07,8.426874506836965e-08,7.560959568730107e-07,***,***
Synthetic-CP,SF-OGD,post_width50,30,-0.2862464486553101,0.1371027241573647,-2.087824661505341,0.045707394368240895,136.0,0.047259049490094185,0.05457599327551151,0.056428715809067685,,
Synthetic-CP,SF-OGD,postcov10,30,0.18333333333333332,0.022531374464267423,8.136802023510915,5.675042658026541e-09,2.0,5.989197145610505e-06,9.301093591463485e-09,8.872884660163712e-06,***,***
Synthetic-CP,SF-OGD,postcov25,30,0.06533333333333334,0.010235540216564252,6.382988288942865,5.601299668533954e-07,19.0,3.885394325446602e-05,8.00185666933422e-07,5.268331288741155e-05,***,***
Synthetic-CP,SF-OGD,postcov50,30,0.009999999999999976,0.006414781780182107,1.5588994828934133,0.12986777359509505,118.5,0.23430114323936757,0.14632988574095215,0.25676837615273157,,
Synthetic-CP,SAOCP,cov_gap,30,-0.025999999999999992,0.0012214556983323212,-21.286076961692782,0.0,0.0,1.7256857880058036e-06,0.0,2.7069580988326333e-06,***,***
Synthetic-CP,SAOCP,mean_width,30,0.05780271692239511,0.00878892540559176,6.57676726731796,3.3169587387860133e-07,14.0,2.0489096641540527e-07,4.82466725641602e-07,6.304337428166316e-07,***,***
Synthetic-CP,SAOCP,winkler,30,0.3781858405336802,0.01322709596339311,28.591751475935105,0.0,0.0,1.862645149230957e-09,0.0,6.773255088112571e-09,***,***
Synthetic-CP,SAOCP,recovery_step,30,0.1,0.25528888301902897,0.39171310092866873,0.6981339170414458,43.5,0.8858229490911618,0.7253339397833203,0.9085363580422173,,
Synthetic-CP,SAOCP,postgap10,30,-0.013333333333333341,0.017109070883990454,-0.7793136999513982,0.44210859788107393,30.0,0.4734649551872855,0.4715825044064791,0.4983841633550374,,
Synthetic-CP,SAOCP,postgap25,30,-0.006666666666666657,0.003875455726507859,-1.7202277969703281,0.09604701694825657,4.0,0.08808151166219029,0.10976801936943607,0.09924677370387638,,
Synthetic-CP,SAOCP,postgap50,30,-0.0033333333333333335,0.004607174149068676,-0.723509297777935,0.4751629555960415,89.5,0.22629865007180472,0.5001715322063595,0.25144294452422744,,
Synthetic-CP,SAOCP,post_winkler10,30,-0.09583827869644654,0.3441688911191533,-0.27846293250038906,0.7826329857381162,231.0,0.9838335812091827,0.8027004981929398,0.9838335812091827,,
Synthetic-CP,SAOCP,post_winkler25,30,-1.1161509371061347,0.19148992281418659,-5.828771147342299,2.550383217059249e-06,29.0,3.2391399145126343e-06,3.5794852169252615e-06,4.8892677954907684e-06,***,***
Synthetic-CP,SAOCP,post_winkler50,30,-0.4323758685753446,0.11118636013395415,-3.8887491959843863,0.0005407023901289332,73.0,0.0006084088236093521,0.0007091178886936829,0.0007979132112909536,***,***
Synthetic-CP,SAOCP,post_width10,30,0.6411547615583111,0.13657849558152674,4.694404919518179,5.9272752839012455e-05,54.0,8.856505155563354e-05,7.903033711868328e-05,0.0001180867354075114,***,***
Synthetic-CP,SAOCP,post_width25,30,-0.8522074572780859,0.10475465169311565,-8.135270782768417,5.696919824771385e-09,11.0,1.0244548320770264e-07,9.301093591463485e-09,3.4148494402567547e-07,***,***
Synthetic-CP,SAOCP,post_width50,30,-0.2693219543502643,0.0743942419548483,-3.62019891961158,0.001109794903201955,84.0,0.0015832837671041489,0.0013872436290024437,0.002010519069338602,**,**
Synthetic-CP,SAOCP,postcov10,30,-0.013333333333333338,0.01710907088399046,-0.7793136999513978,0.44210859788107415,30.0,0.47328946538009,0.4715825044064791,0.4983841633550374,,
Synthetic-CP,SAOCP,postcov25,30,-3.7007434154171884e-18,0.007671412823766147,-4.824070220745039e-16,0.9999999999999996,27.0,0.9590334390476283,0.9999999999999997,0.9711731028330413,,
Synthetic-CP,SAOCP,postcov50,30,-0.012666666666666678,0.006607785956660682,-1.9169305346367362,0.06514713019516893,74.0,0.05044226636788429,0.07553290457410891,0.059343842785746226,,
Quality-Control,SplitCP,cov_gap,30,-0.009329073482428082,0.002384663859749622,-3.9121125790062456,0.0005076299146116181,70.5,0.001477931734120732,0.0008640509184878606,0.0024632195568678864,***,**
Quality-Control,SplitCP,mean_width,30,-0.37785385004710154,0.03227741538461915,-11.706446924097788,1.6497914145929826e-12,1.0,3.725290298461914e-09,7.332406287079922e-12,2.128737313406808e-08,***,***
Quality-Control,SplitCP,winkler,30,0.048654220541136294,0.02904210490192215,1.6752993870604784,0.10462702341769292,163.0,0.15794767439365387,0.13500261086153925,0.19843078470411127,,
Quality-Control,SplitCP,recovery_step,30,6.0,0.49363768182700585,12.154663675174389,6.634692795159935e-13,0.0,1.6291333971178228e-06,3.538502824085299e-12,6.1966033479027165e-06,***,***
Quality-Control,SplitCP,postgap10,30,0.3866666666666667,0.027847422272143353,13.885187034114159,2.4202861936828413e-14,0.0,1.647864634710871e-06,1.936228954946273e-13,6.1966033479027165e-06,***,***
Quality-Control,SplitCP,postgap25,30,0.14666666666666667,0.014772865256703597,9.92811239513016,7.771605581297081e-11,0.0,3.6098115459923275e-06,2.5905351937656934e-10,9.024528864980818e-06,***,***
Quality-Control,SplitCP,postgap50,30,0.029333333333333347,0.008508728896430423,3.4474401159542465,0.0017497540145925417,58.0,0.0016301426887877662,0.0028567412483143538,0.002661457451082067,**,**
Quality-Control,SplitCP,post_winkler10,30,5.865544283464042,0.6697370937031073,8.757980315876342,1.2218925871110287e-09,1.0,3.725290298461914e-09,3.491121677460082e-09,2.128737313406808e-08,***,***
Quality-Control,SplitCP,post_winkler25,30,1.1303563072522256,0.2859816203372309,3.952548789391794,0.00045501302832473556,65.0,0.000283263623714447,0.0007913270057821488,0.0004926323890686035,***,***
Quality-Control,SplitCP,post_winkler50,30,0.5085758837497403,0.14216990531948537,3.5772400819066763,0.0012435561986838817,83.0,0.0014574769884347916,0.002072593664473136,0.0024632195568678864,**,**
Quality-Control,SplitCP,post_width10,30,-3.9074841704296994,0.2067200400960222,-18.902299789680086,0.0,0.0,1.862645149230957e-09,0.0,1.3546510176225142e-08,***,***
Quality-Control,SplitCP,post_width25,30,-2.908078099596911,0.13871717948128318,-20.964080371813587,0.0,0.0,1.862645149230957e-09,0.0,1.3546510176225142e-08,***,***
Quality-Control,SplitCP,post_width50,30,-1.3881582291135124,0.09964203685622136,-13.931451753807057,2.220446049250313e-14,0.0,1.862645149230957e-09,1.936228954946273e-13,1.3546510176225142e-08,***,***
Quality-Control,SplitCP,postcov10,30,0.38666666666666666,0.027847422272143346,13.885187034114159,2.4202861936828413e-14,0.0,1.5729980583316278e-06,1.936228954946273e-13,6.1966033479027165e-06,***,***
Quality-Control,SplitCP,postcov25,30,0.17733333333333337,0.015424516485525909,11.496848766685154,2.546185484675334e-12,0.0,2.428054902720495e-06,1.0720780988106669e-11,6.7483121325233095e-06,***,***
Quality-Control,SplitCP,postcov50,30,0.08,0.010193529613289572,7.848115719966311,1.1784358600053224e-08,5.5,1.023773640103303e-05,3.041124800013735e-08,2.2750525335628955e-05,***,***
Quality-Control,NExCP,cov_gap,30,-0.013738019169329025,0.002419857661448361,-5.677201344605694,3.8745898156555825e-06,38.0,6.297186715234038e-05,7.560175250059673e-06,0.00011994641362350548,***,***
Quality-Control,NExCP,mean_width,30,-0.46769125752052737,0.024260150446737728,-19.278168061955196,0.0,0.0,1.862645149230957e-09,0.0,1.3546510176225142e-08,***,***
Quality-Control,NExCP,winkler,30,-0.011578768642548632,0.027295898812867054,-0.4241944448112659,0.6745543130373473,206.0,0.5978077705949545,0.6918505774742023,0.6642308562166162,,
Quality-Control,NExCP,recovery_step,30,3.8666666666666667,0.38576192209236837,10.023453444274411,6.25808294074659e-11,0.0,2.2520814921435333e-06,2.1767245011292488e-10,6.7483121325233095e-06,***,***
Quality-Control,NExCP,postgap10,30,0.26000000000000006,0.02176150772328987,11.947701570408178,1.007416372544867e-12,0.0,2.413241089781612e-06,4.740782929622904e-12,6.7483121325233095e-06,***,***
Quality-Control,NExCP,postgap25,30,0.07600000000000001,0.010029840534596013,7.577388667133099,2.3607371613110217e-08,0.0,7.163806101392484e-06,5.9018429032775543e-08,1.637441394603996e-05,***,***
Quality-Control,NExCP,postgap50,30,-0.0033333333333332893,0.005994889266534254,-0.5560291750410171,0.582456003623057,135.0,0.9270917606466742,0.605149094673306,0.9388270993890372,,
Quality-Control,NExCP,post_winkler10,30,3.742179986929345,0.5284195897388785,7.081834321809614,8.616911717496123e-08,7.0,3.5390257835388184e-08,2.0889482951505753e-07,1.8874804178873697e-07,***,***
Quality-Control,NExCP,post_winkler25,30,0.6533401925401854,0.24787238063199732,2.6357926239073977,0.013339272180644457,129.0,0.03272089920938015,0.01976188471206586,0.04513227477155883,*,*
Quality-Control,NExCP,post_winkler50,30,0.3798600603732654,0.13516036027299796,2.810439833143542,0.008772998386557651,135.0,0.044907208532094955,0.013242261715558718,0.059876278042793274,*,
Quality-Control,NExCP,post_width10,30,-3.108993265220483,0.23329078289225613,-13.326687092718753,6.816769371198461e-14,0.0,1.862645149230957e-09,4.5445129141323076e-13,1.3546510176225142e-08,***,***
Quality-Control,NExCP,post_width25,30,-2.0257714060870646,0.18057194921614939,-11.218638414664078,4.566569344888194e-12,0.0,1.862645149230957e-09,1.8266277379552776e-11,1.3546510176225142e-08,***,***
Quality-Control,NExCP,post_width50,30,-0.7919541702859633,0.12405713053632879,-6.383785977171607,5.589192066945969e-07,31.0,4.421919584274292e-06,1.1766720140938883e-06,1.0719805052786162e-05,***,***
Quality-Control,NExCP,postcov10,30,0.26,0.021761507723289865,11.947701570408178,1.007416372544867e-12,0.0,2.335495899214191e-06,4.740782929622904e-12,6.7483121325233095e-06,***,***
Quality-Control,NExCP,postcov25,30,0.1066666666666667,0.010905374962152109,9.781109502136431,1.0878120626500731e-10,0.0,3.2134951810738287e-06,3.480998600480234e-10,8.569320482863543e-06,***,***
Quality-Control,NExCP,postcov50,30,0.040666666666666657,0.007640384736857371,5.322594092741146,1.0349585613411705e-05,23.5,0.00010931641785860103,1.9255043001696196e-05,0.00020105730403553355,***,***
Quality-Control,FACI,cov_gap,30,-0.014164004259850848,0.002457066217873911,-5.76460013849643,3.043903961996719e-06,38.0,6.210312920851736e-05,6.087807923993438e-06,0.00011994641362350548,***,***
Quality-Control,FACI,mean_width,30,-0.5114211159721999,0.01904138374373849,-26.858400778797076,0.0,0.0,1.862645149230957e-09,0.0,1.3546510176225142e-08,***,***
Quality-Control,FACI,winkler,30,-0.03137485951514195,0.026197896824644226,-1.1976098587283457,0.24076636578509247,165.0,0.17059839516878128,0.27914940960590434,0.20369957632093288,,
Quality-Control,FACI,recovery_step,30,3.7333333333333334,0.39518170804767627,9.447130920550931,2.359907824711627e-10,0.0,2.3467023452882206e-06,7.261254845266544e-10,6.7483121325233095e-06,***,***
Quality-Control,FACI,postgap10,30,0.2566666666666667,0.02429858958743691,10.563027361858524,1.8775203614040947e-11,0.0,2.4462631480396995e-06,6.827346768742163e-11,6.7483121325233095e-06,***,***
Quality-Control,FACI,postgap25,30,0.07866666666666668,0.011262115655690344,6.985070041162224,1.1132353083809221e-07,0.0,1.6995011537582175e-05,2.619377196190405e-07,3.5778971658067735e-05,***,***
Quality-Control,FACI,postgap50,30,0.0046666666666667035,0.007025950802156915,0.6642042903622484,0.5118065034759476,124.0,0.29943079087834246,0.5485090351797638,0.3422066181466771,,
Quality-Control,FACI,post_winkler10,30,3.82421275206849,0.5922521696807937,6.457068370268067,4.582683768017404e-07,17.0,3.855675458908081e-07,9.908505444361954e-07,1.7136335372924805e-06,***,***
Quality-Control,FACI,post_winkler25,30,0.4652720679736861,0.2503013524017927,1.858847599140474,0.0732244055780098,162.0,0.15188691951334476,0.09603200731542269,0.19598312195270293,,
Quality-Control,FACI,post_winkler50,30,0.18520158613826287,0.12519283198343334,1.4793305910898353,0.14983370686718755,174.0,0.23665234446525574,0.18161661438446977,0.2784145229003009,,
Quality-Control,FACI,post_width10,30,-3.1651195650592214,0.21906348483165597,-14.448412374575001,8.881784197001252e-15,0.0,1.862645149230957e-09,1.167320208748736e-13,1.3546510176225142e-08,***,***
Quality-Control,FACI,post_width25,30,-2.317652779796475,0.1565922519836823,-14.800558459546174,4.6629367034256575e-15,0.0,1.862645149230957e-09,7.460698725481052e-14,1.3546510176225142e-08,***,***
Quality-Control,FACI,post_width50,30,-1.153770145150215,0.08944883292186578,-12.898660691951584,1.5365486660812167e-13,0.0,1.862645149230957e-09,8.780278091892666e-13,1.3546510176225142e-08,***,***
Quality-Control,FACI,postcov10,30,0.25666666666666665,0.024298589587436904,10.563027361858525,1.8775203614040947e-11,0.0,2.4099593458795103e-06,6.827346768742163e-11,6.7483121325233095e-06,***,***
Quality-Control,FACI,postcov25,30,0.10933333333333337,0.011655331110484127,9.38054288607782,2.7587487849700665e-10,0.0,3.414427738299582e-06,8.174070473985382e-10,8.811426421418276e-06,***,***
Quality-Control,FACI,postcov50,30,0.05266666666666667,0.007579969571002117,6.948136951386709,1.2278969085954827e-07,7.0,1.825221391820503e-05,2.8066215053611033e-07,3.744043880657442e-05,***,***
Quality-Control,SF-OGD,cov_gap,30,-0.021618743343982897,0.0016401570553545098,-13.180898300809455,8.970602038971265e-14,0.0,1.7040659206732472e-06,5.520370485520778e-13,6.1966033479027165e-06,***,***
Quality-Control,SF-OGD,mean_width,30,0.1876206645295002,0.03795265614825315,4.943545026113695,2.9676047187843224e-05,56.0,0.00011058151721954346,5.27574172228324e-05,0.00020105730403553355,***,***
Quality-Control,SF-OGD,winkler,30,0.5774130223153111,0.04020519942823424,14.361650496125158,1.021405182655144e-14,0.0,1.862645149230957e-09,1.167320208748736e-13,1.3546510176225142e-08,***,***
Quality-Control,SF-OGD,recovery_step,30,0.06666666666666667,0.25340591821615605,0.26308251652512626,0.7943471665905983,76.0,0.6700888256465896,0.8044021940157958,0.7244203520503671,,
Quality-Control,SF-OGD,postgap10,30,-0.013333333333333319,0.020190662080502516,-0.6603712785728258,0.5142272204810285,83.0,0.911831245947994,0.5485090351797638,0.9352115343056349,,
Quality-Control,SF-OGD,postgap25,30,-0.007999999999999985,0.005217124764139498,-1.533411670541003,0.13601277395705225,6.0,0.17006696145390476,0.1700159674463153,0.20369957632093288,,
Quality-Control,SF-OGD,postgap50,30,-0.023333333333333293,0.0041890204965249886,-5.5701167737635835,5.210168545266569e-06,11.0,0.00015617020722537823,9.924130562412512e-06,0.00027763592395622797,***,***
Quality-Control,SF-OGD,post_winkler10,30,-0.5500334833081024,0.3782627268566546,-1.4541043678261794,0.15665549466783268,160.0,0.140283040702343,0.18705133691681514,0.18397775829815474,,
Quality-Control,SF-OGD,post_winkler25,30,-0.5450296412497494,0.19114480343726073,-2.851396592785971,0.007939066201724021,109.0,0.00993151031434536,0.01221394800265234,0.0152792466374544,*,*
Quality-Control,SF-OGD,post_winkler50,30,-0.06955753933837429,0.10869863345436995,-0.639911810552554,0.527253569166513,212.0,0.685047073289752,0.5550037570173821,0.7307168781757355,,
Quality-Control,SF-OGD,post_width10,30,-0.20498672233704546,0.22165867463126226,-0.9247854733321345,0.36270934325518067,217.0,0.761065473780036,0.4145249637202065,0.8011215513474063,,
Quality-Control,SF-OGD,post_width25,30,-0.38198555595494654,0.17205757095494698,-2.2201031540481813,0.03438693440864071,131.0,0.036434996873140335,0.04584924587818762,0.04940338559069876,*,*
Quality-Control,SF-OGD,post_width50,30,-0.18320663648825944,0.12160215616688261,-1.50660680914928,0.1427280256300798,165.0,0.17059839516878128,0.17566526231394436,0.20369957632093288,,
Quality-Control,SF-OGD,postcov10,30,-0.013333333333333327,0.02019066208050252,-0.6603712785728262,0.5142272204810283,85.0,0.9822531576746842,0.5485090351797638,0.9822531576746842,,
Quality-Control,SF-OGD,postcov25,30,-0.0013333333333333272,0.008679919133758238,-0.15361126213119677,0.8789802133603231,43.5,0.8874671969172249,0.8789802133603232,0.922043840952961,,
Quality-Control,SF-OGD,postcov50,30,0.013999999999999964,0.006076145178473358,2.3040924120113746,0.028576108756723118,101.0,0.15874462776328901,0.03941532242306637,0.19843078470411127,*,
Quality-Control,SAOCP,cov_gap,30,-0.015037273695420605,0.002283761816281143,-6.58443169870804,3.2491643331411524e-07,20.0,1.2308875951927993e-05,7.220365184758116e-07,2.661378584200647e-05,***,***
Quality-Control,SAOCP,mean_width,30,0.06822588903882024,0.03033578111411935,2.249023645778664,0.032275745447073234,113.0,0.01283373311161995,0.0437637226400993,0.019371672621313132,*,*
Quality-Control,SAOCP,winkler,30,0.5403547878984332,0.03979015445009786,13.580112853698767,4.241051954068098e-14,1.0,3.725290298461914e-09,3.0844014211404347e-13,2.128737313406808e-08,***,***
Quality-Control,SAOCP,recovery_step,30,-0.43333333333333335,0.26558689438191957,-1.6316066135032659,0.11357615100362395,42.5,0.02653558641519864,0.14422368381412565,0.03790798059314092,,*
Quality-Control,SAOCP,postgap10,30,-0.05333333333333332,0.01642351365470506,-3.2473765635439538,0.0029392910958458973,18.5,0.0049969914084286955,0.0046106526993661134,0.00797776591925178,**,**
Quality-Control,SAOCP,postgap25,30,-0.003999999999999993,0.005199469468957442,-0.7693092581620722,0.4479307107562469,17.5,0.540544333188185,0.49770078972916326,0.609064037395138,,
Quality-Control,SAOCP,postgap50,30,-0.012666666666666644,0.005294398109416788,-2.392465848787854,0.023435840383394524,53.5,0.03032690753097221,0.032892407555641434,0.04256408074522416,*,*
Quality-Control,SAOCP,post_winkler10,30,-0.8767766471107847,0.35945081451172195,-2.4392117411162313,0.021072192670787304,120.0,0.019660815596580505,0.030103132386839006,0.029127134217156306,*,*
Quality-Control,SAOCP,post_winkler25,30,-1.1877763772700443,0.14000312060665315,-8.483927873344841,2.390959208398158e-09,10.0,8.009374141693115e-08,6.595749540408711e-09,4.0046870708465576e-07,***,***
Quality-Control,SAOCP,post_winkler50,30,-0.41775264274696194,0.07084828082701633,-5.896440081121373,2.1169450759028763e-06,33.0,5.973502993583679e-06,4.34245143774949e-06,1.4055301161373363e-05,***,***
Quality-Control,SAOCP,post_width10,30,0.31709016304516413,0.12302492240739206,2.5774465599346845,0.015303546205057472,121.0,0.02084985189139843,0.022259703570992686,0.030327057296579533,*,*
Quality-Control,SAOCP,post_width25,30,-0.7491773330021704,0.09495079027559454,-7.890164271699942,1.0587604570844178e-08,12.0,1.30385160446167e-07,2.8233612188917807e-08,6.135772256290212e-07,***,***
Quality-Control,SAOCP,post_width50,30,-0.3897861080158615,0.07587058495854856,-5.137512887620661,1.730791521703523e-05,44.0,2.6885420083999634e-05,3.1468936758245874e-05,5.377084016799927e-05,***,***
Quality-Control,SAOCP,postcov10,30,-0.05333333333333334,0.01642351365470506,-3.2473765635439547,0.0029392910958458973,19.0,0.00508582577352301,0.0046106526993661134,0.00797776591925178,**,**
Quality-Control,SAOCP,postcov25,30,-0.0066666666666666576,0.00769136451630043,-0.8667729441944775,0.3931817751191615,82.5,0.607580617931609,0.4430217184441257,0.6658417730757359,,
Quality-Control,SAOCP,postcov50,30,0.009999999999999983,0.0070954089090204545,1.4093620435725553,0.16936210287102327,94.5,0.29693363808374595,0.19924953278943913,0.3422066181466771,,
