time,value
0,0.4967141530112327
1,0.01711850885965783
2,0.6229910394605809
3,1.6397751967942114
4,0.26856447574560144
5,-0.14278307901061466
6,1.463638088389343
7,1.1711774991845587
8,-0.09649677104913158
9,0.4886202633843989
10,-0.295486224788684
11,-0.5329237366335269
12,0.07094017512067467
13,-1.8038709761394758
14,-2.186628032499174
15,-1.1923765263605932
16,-1.3238922680102285
17,-0.09739483089972767
18,-0.8954182107399827
19,-1.6158773282319796
20,0.9133766177131629
21,0.05863612152895067
22,0.08200863811180331
23,-1.3345205555431658
24,-0.9196641881616836
25,-0.17008584980157587
26,-1.1490036490227378
27,0.013691972887777997
28,-0.5688652003349318
29,-0.44891766283659235
30,-0.7086668240083844
31,1.5543607249299707
32,0.4534326856911415
33,-0.8729621131908245
34,0.5227692026240406
35,-1.007779855721094
36,-0.10309078569241945
37,-1.900333388722246
38,-1.8371087554359709
39,-0.36333897649584657
40,0.5954505266451708
41,0.3421100793001063
42,-0.007688406356647713
43,-0.2895411408211316
44,-1.497282429014836
45,-1.1358723380051126
46,-0.7801830827125968
47,0.7743754074655972
48,0.560103578982874
49,-1.5138020441778721
50,-0.14498421029685704
51,-0.41084034614921444
52,-0.768994536238192
53,0.3528036296310809
54,1.0893519500403641
55,1.2151901981372937
56,-0.43600543447692275
57,-0.4257714372308209
58,0.1882737420425067
59,0.9870928621260481
60,-0.16097523115189505
61,-0.22539994528013757
62,-1.1229962851869892
63,-1.4780072772612725
64,0.33169805096698657
65,1.3932799450746423
66,0.3492907056481119
67,1.0620965829051843
68,0.6636077558090939
69,-0.41632269678358
70,0.21985262627921592
71,1.5331491618483726
72,0.4257688854160323
73,1.620305585154113
74,-2.01298587696509
75,0.18014925557676173
76,0.13708238743383605
77,-0.24411011689105597
78,0.014301166822359074
79,-1.8917295531088134
80,-0.777072491190113
81,0.10754193392683338
82,1.4420836449976315
83,-0.06177318463885985
84,-0.7897856972862946
85,-0.7155814226482488
86,0.6585635383416228
87,0.511177632516181
88,-0.35200573596915313
89,0.3840242044667346
90,0.20781334124060413
91,0.9863724310976505
92,-0.37380423839636234
93,-0.4247110379789459
94,-0.5014606498616476
95,-1.5465424758414101
96,-0.18148200212607662
97,0.19458625723114403
98,0.06325380391533253
99,-0.2048057214999789
100,-1.4116193518304756
101,-0.8247558688277026
102,-0.5743555728578519
103,-0.9376304093735947
104,-0.43514588579871494
105,0.2548961859418789
106,1.8757755281072388
107,0.729269277790093
108,0.46446819738772366
109,0.06832358178158646
110,-1.809894006289714
111,-0.5682608270594085
112,-0.11302228974550481
113,2.315876526757153
114,0.5112622929000487
115,0.4410365188051432
116,0.09919803776915423
117,-1.0850883825895532
118,0.7646569682626589
119,0.9466954871990411
120,1.0386050300172482
121,-0.5559188334003076
122,1.1714048347065247
123,-0.9858592329336076
124,0.26406821752561715
125,2.168781955682112
126,-0.2942768442650113
127,-0.628496657221001
128,-0.09348765353448733
129,-0.5083314594808276
130,-1.631738072941936
131,-0.4241165124493489
132,-1.140608110068941
133,0.1095959520565531
134,-0.8441960341514152
135,1.2252843783256562
136,-0.37959070670072664
137,-0.42110431758659084
138,0.6497146694005813
139,-0.9792553222514475
140,-0.07679364830482037
141,1.2238966206666801
142,-1.166272286868462
143,-0.173752210497703
144,0.1957867220580346
145,0.8045475025701606
146,-0.9386115225561126
147,-1.541218783758173
148,0.0355348851634418
149,0.2939657875661706
150,0.3271446858894512
151,0.4286339340667112
152,-0.520112059626353
153,0.06552228850799496
154,0.2992300076882316
155,-0.5916788189366665
156,1.6023318015045214
157,0.9327073386310057
158,-0.8566189051774075
159,0.3693265535543472
160,-0.8189890880660816
161,0.5051341319218233
162,1.2567699809800739
163,-0.4058500410914161
164,0.7972472430680517
165,0.6329420807223654
166,0.97407803675854
167,2.101648594153735
168,0.39640923482913343
169,-0.6000957042575152
170,-1.0285713959230762
171,-1.0868048305245839
172,-0.399591792263747
173,0.20556070473927876
174,0.3256144115740784
175,0.8867668514831225
176,0.2784330697998568
177,1.4701130577357249
178,0.18856738917216387
179,2.651446219247149
180,1.392282475853753
181,-0.3999914521001232
182,-1.1415637700338526
183,0.11778021949263343
184,-0.1778358451323585
185,0.6277623076058072
186,0.6397686139478819
187,0.12245622940440287
188,-0.7710528543577396
189,-1.676388008092832
190,-0.9288645192233894
191,0.5382930261843515
192,0.36572032315923614
193,-1.0786429587908641
194,-0.1583888135301354
195,0.32005270945155595
196,-0.747130444020671
197,-0.07749472840278904
198,0.03227915986904426
199,-1.0806404251951198
200,0.017115261249182393
201,0.5400889216254483
202,1.1951917144958886
203,1.3638206023184805
204,-0.9050666359900316
205,-1.1661480604424568
206,0.1414679133698551
207,0.5325609337233951
208,0.6510924586834553
209,3.8705993390741193
210,1.7057746395893876
211,1.5949929718272196
212,1.3885575719652292
213,1.0379549216702066
214,0.010638785037527075
215,0.7272021276086472
216,-0.5190676297082568
217,-0.38163084150671484
218,-0.5774965676650049
219,-0.09514601915661322
220,2.179499738898435
221,-1.127407544985101
222,0.3164282344745743
223,-1.443504419932718
224,-0.8832456331541968
225,0.7738189729072966
226,0.29346492195518076
227,-0.9400635162026115
228,-0.9643753040428166
229,0.35898234269065366
230,-0.5890306585946338
231,0.02977913650727737
232,0.052406505517128214
233,-0.6058651635829587
234,1.8634327633786945
235,1.163750034926663
236,-1.5827378913936065
237,-0.2969552872861903
238,-0.7203906378955568
239,0.5970523832880268
240,-0.5769008853404505
241,-0.2825218549484909
242,0.39697060515178634
243,0.9449690000947543
244,-0.8615190959819901
245,-0.5775495705856927
246,-0.626333822021313
247,-0.8111365129901066
248,1.440795054214878
249,0.8185664462070256
250,-0.9572366986157059
251,0.5884134831997242
252,2.200932032820171
253,1.645188695986951
254,-0.9558299631829782
255,-0.7486788537238003
256,0.9839525538041717
257,-0.3798878787582849
258,0.3094103872316532
259,0.8317769064882491
260,-0.6347022418797545
261,-0.24719424318957928
262,-3.1661302509211926
263,-1.9270426037921786
264,-0.8190474417809991
265,-1.4360235246793436
266,1.126414078252736
267,-1.0263437005292755
268,-0.7276787963864331
269,-0.09358507702684547
270,1.3468115672872514
271,-0.9656817236547567
272,0.8198829837514133
273,0.25572661318249973
274,-0.8595815948097559
275,0.18294414076777382
276,0.24477408925998845
277,-0.499138181695837
278,-0.08315450929613473
279,-0.3925120976742386
280,-0.009464983626324369
281,0.6287929117983732
282,1.7016014885670558
283,-0.6703202818822859
284,1.833688069450606
285,-1.3120666557370764
286,-0.5384137490663624
287,0.3996947214138362
288,0.38795757433596395
289,-0.4776302103595837
290,-0.3418250364107919
291,-0.5728404288294926
292,-0.7340702742315014
293,0.5902476636849485
294,0.5176453666804646
295,-0.5057000159529481
296,0.7064535819796945
297,0.5050811341347511
298,0.9269453807477493
299,0.8787112488780118
300,-0.5271974640342305
301,-0.6925378933446803
302,0.5051112968918706
303,0.7337895126438098
304,0.2001980039386422
305,0.17198259151951203
306,1.2704094078227288
307,-0.18320031590034638
308,0.46693754412054417
309,-0.05279823415899963
310,-0.22349410341775436
311,0.9811180816947596
312,1.08173243729856
313,1.1005584637010073
314,1.5755149498738497
315,0.49269087287599705
316,0.7983489347038303
317,-0.05647094159983823
318,0.2922937089391171
319,-0.03646044867173605
320,0.0815901187842988
321,0.5922206531982638
322,-0.6028665891870874
323,1.8151502700662403
324,-0.41513433649952036
325,-1.2828024166021343
326,0.7199266368382957
327,0.9711760691220797
328,0.886725180603847
329,0.8654209675026453
330,0.24794361354127312
331,-0.7815430345406758
332,-0.16214997065511502
333,-0.6946160935065304
334,0.7218201117304753
335,0.07626223244652533
336,-0.764595466946218
337,-0.535961193217035
338,0.23312314376651677
339,-0.4678220065909936
340,-0.9246948695126649
341,-0.044945676927682275
342,0.22019951213899774
343,-0.41753311423560685
344,-0.5746018393690161
345,0.048980980121091
346,-1.3666901262760136
347,-1.7526419068348553
348,-1.2111446787346247
349,-0.5669590090691087
350,0.12649921212031456
351,1.445349895038476
352,1.2517601045564357
353,0.22295639781781879
354,0.04874661316467604
355,-0.9417280775502265
356,-0.3001788294293717
357,-0.3654164403223903
358,0.1982289536346264
359,-0.7296593395893015
360,0.27652719717710783
361,1.5450978938034887
362,0.3597787989761234
363,0.49114219907172724
364,0.80569806803712
365,-0.14103051613176878
366,0.17146144830223975
367,0.06345081923637944
368,0.11221230521810924
369,-0.7037406443331367
370,-0.18774097724077504
371,0.4187377990854551
372,1.509924114086944
373,1.3680632800043793
374,2.464424138024864
375,0.007324320056793768
376,0.8343381475898834
377,0.42519857081718937
378,2.2164984326193085
379,-0.10611789105258719
380,-0.8328789508580722
381,-0.8216478267874826
382,-2.2725617391772075
383,-1.1833068472762565
384,-1.0791584591149321
385,-0.18028100916529546
386,0.27193011986274385
387,1.8713319480421864
388,1.468046141619485
389,-0.10991717009126394
390,-0.8900081251546994
391,0.2022585440821918
392,-1.198744647964747
393,1.3874769181377429
394,1.5413572423212933
395,0.014842125803351165
396,-1.629773546859742
397,0.802579867373896
398,0.13150991170146595
399,1.2202544776552728
400,-1.154910704250807
401,-0.9182405420210277
402,-0.2704699918846744
403,-0.03632436746737034
404,-0.4402324066884619
405,0.462091245059633
406,-0.8798176063037588
407,-0.39976665413049634
408,-0.0051752773899530905
409,0.48919078732288174
410,0.825594564717397
411,-0.825161809552481
412,-1.7110001897797036
413,0.7055259502168938
414,0.5286651482725411
415,-0.555411104472332
416,1.3130813454645736
417,0.5042709719008989
418,1.276259105569369
419,0.44728625790805493
420,2.100014107155967
421,2.3044926736016094
422,0.4538511410989055
423,1.0629749594029718
424,0.9345419057818501
425,1.5859538667609943
426,-0.44469215538596224
427,0.5210437352660522
428,1.1659857303252519
429,-1.3279348220813392
430,-1.5271371272665941
431,-2.4034446533361877
432,-0.9780311365071649
433,0.3910823455247644
434,1.550481990177031
435,0.5358265127159135
436,1.7143481667722755
437,-0.802228432892193
438,-1.865591813773763
439,-0.6126666716581184
440,0.182575086155568
441,0.023583723959263007
442,-1.9651389487000341
443,-0.6745567839330863
444,-1.4467516287642876
445,0.20480140781249112
446,0.4111528604662277
447,-0.7732423146571785
448,-0.7221704911559066
449,-1.227076448547549
450,-0.42791498256256927
451,0.7827732076897088
452,-0.7054907551502991
453,0.2691825039449969
454,-0.42507877783195863
455,-0.88387610978312
456,-0.3672632890373551
457,-1.0977372210329683
458,-0.857468942517828
459,-1.3999433630065683
460,1.4542453153960924
461,0.46991287922586344
462,-0.5265217285377545
463,0.046167306603746676
464,-0.09330393803766901
465,-0.23878274472744535
466,0.5142428679580723
467,0.8768891603771272
468,-0.24299909298922165
469,-0.6221953205386632
470,-0.44904119249081387
471,-2.3306051953598734
472,-2.1445817104757423
473,0.6605404339806796
474,1.7673613171682776
475,0.2926431544520328
476,0.6377932352444071
477,0.4882516944394839
478,3.0835406080075947
479,1.9930685793426262
480,0.47589496873844633
481,-0.7687589942064327
482,-1.7630798181276295
483,-0.3348320071217218
484,-0.8219622280841365
485,-1.6033322363711349
486,-1.0977908917635075
487,-1.3610683063910602
488,1.2011100521210842
489,1.2013637413181142
490,0.35280370730467653
491,1.517617842185844
492,0.5290900142681028
493,-0.6628857589276849
494,1.2541020382512336
495,0.8903180281834847
496,-0.7223743596759323
497,-0.398283834472614
498,-0.9547717277217405
499,-1.6055383893922084
500,3.2018555532449766
501,5.582024051155797
502,3.1404587808500724
503,4.279176058325932
504,3.4630793647018336
505,3.3742358098321326
506,3.2471629559369624
507,2.949954221921113
508,3.731272949589472
509,3.1267059944103783
510,3.996011166725295
511,3.9508792480089814
512,3.757321865394813
513,3.061436004615443
514,3.1682260189020885
515,4.471065108392216
516,4.619164074456089
517,3.2532209527727503
518,3.870723265947885
519,4.677994612208626
520,2.6108872429484347
521,4.101598760885204
522,3.3983768488168655
523,4.363829492892391
524,3.3810460176013777
525,2.0925660155207626
526,1.8751932711897759
527,3.408428096975268
528,4.070287904974782
529,3.1584232923122677
530,4.356705367850652
531,2.5220224890161105
532,3.4935706363534194
533,2.6928353644016436
534,2.9860385931889715
535,3.7410270286204956
536,3.1015260700187084
537,3.3636152122425536
538,4.769026722486404
539,3.6803882474290797
540,4.701315940242586
541,3.1327231273054377
542,4.2452179125794975
543,5.448734192551975
544,2.0768216771275805
545,2.662856879521815
546,4.149348788019127
547,3.85111168299249
548,4.3093841029507685
549,3.516650084201876
550,3.937596417973324
551,3.832772307783279
552,5.063824779663775
553,4.561849449981718
554,4.490607248850769
555,3.75427659051033
556,3.4611362851554524
557,3.4257066732916255
558,4.203995363685044
559,3.659605009662904
560,4.1743090984773445
561,6.032098910023124
562,5.440629676933139
563,4.121182275160619
564,5.182239732188176
565,3.965392824198352
566,2.0453709557836603
567,2.451958236339195
568,1.7509657197410802
569,2.9899672236686694
570,3.7145601810360764
571,5.5135873252082765
572,4.7659450354124075
573,4.020774927141764
574,4.797434975907464
575,2.1299418418724456
576,3.6637445159660254
577,4.63448188224646
578,2.7798631821486364
579,4.725030773238811
580,4.5404142246193695
581,3.7659648464411712
582,4.533424881956905
583,6.326130396024159
584,4.871328468922439
585,4.4981858885473205
586,3.7112533968946053
587,3.10267615993245
588,4.52289273372184
589,3.340215898883084
590,3.870334608846408
591,3.5054442193359496
592,4.308550898268126
593,4.410858631740966
594,5.113007615385853
595,3.8473776483827122
596,3.696769014258605
597,2.975349626868325
598,3.2687761303485603
599,4.140554570133994
600,4.764287487484584
601,3.3495965933249723
602,4.634430154970533
603,5.483525142930133
604,4.8394493042981495
605,6.042183889943754
606,3.874507316325206
607,2.775027281180823
608,1.9357172105703486
609,4.8078504789574605
610,4.866580195344303
611,4.2069496620239475
612,4.329157946420512
613,3.025099260942821
614,6.040628468582436
615,4.735457691714333
616,4.324993290518862
617,4.78983522077265
618,4.695804128628894
619,4.422312985919516
620,3.3726293250078587
621,4.261540945602029
622,5.873799228895131
623,5.8455886930679695
624,6.073479786244935
625,4.134375261746892
626,3.096289746568237
627,3.6088938498619156
628,3.9358263332862813
629,5.024540083313257
630,2.6928536676973955
631,5.06695411058251
632,4.169356304586742
633,3.643588304410369
634,2.9275904518368296
635,2.0996444835319124
636,4.215148034554123
637,4.134485293435456
638,2.809801317472571
639,2.4075139856473666
640,3.201936007805356
641,5.352725863323863
642,4.158183392582616
643,2.6135480294617888
644,3.3496404665306376
645,3.54473043562652
646,1.2907532402082456
647,3.1354319704554325
648,3.5203320898097656
649,4.520238170614436
650,5.919863151851487
651,5.650633490186491
652,4.238686584318025
653,3.016047533563218
654,6.159643055739606
655,4.704383702374825
656,4.224602808316186
657,4.044366976163025
658,4.202270911348663
659,3.9229702173376517
660,3.4296523884747208
661,3.30722553484784
662,3.760923032020709
663,3.4098827174006825
664,3.142953278559713
665,3.8444139499789456
666,3.7100914218277183
667,5.347745297013571
668,1.8754595671052077
669,4.4038690447955995
670,5.30985022686735
671,2.4150668455310798
672,3.1976169238268217
673,3.4049530740664022
674,2.4788053401757906
675,2.8016517722435235
676,2.581073696536435
677,5.245881576426979
678,5.266344772070274
679,5.592889683497459
680,5.16629817750756
681,3.272842708258916
682,3.2814923685357438
683,4.251281288692252
684,2.9095487605638515
685,4.353021781259339
686,3.876650715978621
687,3.605438952965269
688,4.559844270197036
689,4.591753469636951
690,3.8331862649310957
691,5.055886026279484
692,3.2854971204720536
693,4.373214257154289
694,4.677746817532032
695,3.908035562138963
696,4.2835217434350294
697,2.8915702370916136
698,4.548936667917396
699,3.988295603996507
700,3.497842700442766
701,4.85004383330668
702,3.5831120923125797
703,2.5313471834140437
704,2.0744745643305005
705,4.0004390183365315
706,2.7786799515098384
707,5.307570946066219
708,2.406237207056813
709,5.140187395322335
710,4.543354052744992
711,4.070747787119308
712,3.5014046576284117
713,4.231172983470201
714,4.0334506770643355
715,5.062518119371954
716,4.427721667755987
717,4.2716952426273
718,3.734644629443455
719,3.8660707260163716
720,4.253445391416526
721,2.4446369466455953
722,2.247304159068187
723,4.183220004014374
724,4.217961240801838
725,3.889879455286252
726,3.98454868797325
727,4.326936420831828
728,3.5831830078581706
729,3.132499514148134
730,3.9265743204936205
731,3.044664149981924
732,4.102847552757107
733,2.406693022054902
734,4.503759813420643
735,4.60195720899095
736,4.424823962987657
737,5.064874641360913
738,5.908223753939236
739,5.540114495946421
740,2.7059522546383827
741,2.391147046592142
742,2.921305178940155
743,3.7012808292842987
744,4.4041994813778835
745,3.4289443708604592
746,4.006847449414629
747,3.2814648435712694
748,3.2010886484329966
749,2.418457431138221
750,2.644828843824856
751,2.3040237198982325
752,2.560283364340116
753,4.573195223337633
754,3.2662897491628105
755,6.291019369504114
756,5.1579010952622335
757,4.523692752809161
758,3.33828669048666
759,4.469539054253809
760,3.591738228009494
761,3.993911413550674
762,6.440338424061206
763,4.640466223186837
764,5.2884767460428055
765,3.71575546637303
766,3.881349747228453
767,5.653641068395294
768,3.8980038660977936
769,5.698366889854223
770,5.184662383065961
771,3.8188396078996467
772,4.5489304159344135
773,5.092436939791744
774,4.920899980728097
775,2.7783710788809803
776,2.9398666668373457
777,3.4458422705173892
778,3.7627477152407938
779,4.520907759651513
780,4.325788278816714
781,2.8238991524804766
782,4.00985538011321
783,4.585418292286584
784,4.7096315405461455
785,5.243888564406247
786,5.168677603476155
787,4.788633159128591
788,4.169656124982864
789,2.46644109099187
790,3.9497619881710704
791,4.183050022887832
792,4.3139847059422465
793,2.876254894954425
794,2.631614255642704
795,4.5941280685711785
796,4.140505208689412
797,4.692261793623556
798,4.234692547198382
799,4.098793312107335
800,4.924703698207396
801,3.785135813531112
802,4.027234121253992
803,3.567187716634121
804,3.4556733307747773
805,3.541770590670378
806,4.074433289921112
807,3.565632909147213
808,5.067604868348206
809,3.46688048504342
810,3.6617999585142673
811,3.4790632929859853
812,5.224047915364177
813,4.55471568114939
814,5.150731660311962
815,2.9280852221820397
816,3.933175284016116
817,4.828606275937778
818,4.327075805800132
819,5.114526239855309
820,3.8408961409656346
821,5.296700613899339
822,6.582019224354064
823,4.428479840717137
824,3.703561632720853
825,5.297508917269701
826,5.896068466459718
827,4.070043863182484
828,3.620180482208395
829,3.6172487599145398
830,2.602650581133719
831,2.7044570701308572
832,2.65344787989359
833,2.863602167862769
834,3.625993376583848
835,4.111224627891126
836,5.512450590278979
837,3.5013661207299505
838,4.78939355895855
839,4.032685720514948
840,3.9626203444695225
841,4.632522870798856
842,3.1187483125772983
843,4.10042014166206
844,4.188911329075468
845,4.52644196424734
846,4.433781894518447
847,6.472341623061047
848,4.133337315629958
849,3.533462383479723
850,3.265600538895742
851,3.2497887622116037
852,3.1669080614472604
853,4.884321898590463
854,5.62037125751396
855,3.941654113583131
856,3.188479623372947
857,4.206245666406655
858,3.5350864900565715
859,4.464304419798039
860,4.332867550399414
861,2.65393253450693
862,5.0724056362974475
863,6.034879804204499
864,4.025900787223339
865,3.637926519693565
866,4.164076158448928
867,4.3682742906833765
868,4.738693484776236
869,6.139220957828361
870,4.472969390459892
871,3.3803637811896072
872,2.498322451485666
873,2.8522339168518496
874,3.624069057006964
875,5.599119812322748
876,3.9859662344498714
877,4.209269970208106
878,4.047114546697838
879,5.1477892942516865
880,6.754876688647974
881,4.320046473297587
882,3.629118471051488
883,4.884801534537535
884,4.915923483428395
885,6.036423556591974
886,5.167959053772289
887,4.007644905970855
888,4.565742269294939
889,5.227358489057849
890,5.150897663425602
891,4.829177883161732
892,5.266296166506865
893,5.49532575172216
894,5.767093369658238
895,5.148957803016012
896,4.18526685282501
897,4.195535992720644
898,5.20959699782956
899,3.5835721377582876
900,4.226763563177444
901,3.692807756435381
902,3.9352631403659255
903,5.200144290975391
904,4.542340179631046
905,4.20699969755395
906,2.7648798280978713
907,4.341344479259916
908,4.718156008062963
909,6.279060285630335
910,4.390116362024518
911,4.326090997169355
912,4.33572417123626
913,5.6055117733409885
914,4.390747387938484
915,4.3833937878530405
916,4.694914447379056
917,4.38648809213461
918,3.6900759018903715
919,4.0921728233955434
920,5.051831261095772
921,3.336316193366268
922,3.9277398427782226
923,3.3104492617350103
924,4.93313660537308
925,2.8269132820537406
926,3.114896523975379
927,4.094306152056651
928,5.521706587863841
929,4.393790224818231
930,3.5885104743246936
931,5.671062614859406
932,3.120001560654113
933,1.6384732698672497
934,3.7112890140559673
935,3.434457498369856
936,2.8561432314765067
937,4.332571953098242
938,4.332342644129251
939,3.561606074697416
940,2.647149266770509
941,4.426416027041076
942,4.748177200574565
943,4.129845415878829
944,5.800533046080346
945,3.5193641063864947
946,2.4005509686225537
947,2.8601270589503116
948,3.61455182964715
949,4.1164965888542735
950,3.8048244442718424
951,4.277286777086927
952,2.8892935142720217
953,5.044051707725305
954,4.234848282806324
955,5.136286778173558
956,4.66782517668096
957,4.636062354128468
958,4.734342050536754
959,4.6473893613714745
960,4.807335244691982
961,5.510131276563439
962,4.640508630655576
963,4.868499067512272
964,4.174947323706729
965,5.426268463564685
966,3.782643406598416
967,5.652780700349957
968,4.457525966736781
969,2.7723853316992946
970,3.7539194227677717
971,3.2764939525750565
972,4.584871021571128
973,3.552897708830066
974,3.4402374446826416
975,2.029564257481821
976,2.977396548264244
977,1.3809854553038023
978,1.7033486420331243
979,4.03639394243797
980,4.760523758548075
981,4.634017774290372
982,3.267768882521192
983,3.734816931779758
984,3.917008476270797
985,2.870093056323317
986,5.095178492296343
987,5.165503830514001
988,4.138864761629375
989,4.06730688426868
990,4.218976594683113
991,2.118002048515134
992,3.199608419664511
993,3.1093110169853975
994,2.7773087127332303
995,3.3650400249062717
996,5.524395657292718
997,5.068643824498618
998,3.775723117970047
999,4.478926096583002
