coverage,cov_gap,mean_width,winkler,recovery_step,postcov10,postcov25,postcov50,sweep,dataset,hazard,decay,K,swept_value,tag,seed
0.922,0.022,3.8437722936599954,4.747659806895485,0.0,0.9,0.96,0.94,K,Synthetic-CP,0.005,0.01,20.0,20.0,,0
0.932,0.032,3.806338051501579,4.563997388846099,0.0,0.9,0.96,0.94,K,Synthetic-CP,0.005,0.01,50.0,50.0,,0
0.93,0.03,3.7806241054796055,4.504718422070182,0.0,0.9,0.96,0.94,K,Synthetic-CP,0.005,0.01,100.0,100.0,,0
0.93,0.03,3.751954000475368,4.480441682954957,0.0,0.9,0.96,0.94,K,Synthetic-CP,0.005,0.01,200.0,200.0,,0
0.933,0.033,3.8190545072813182,4.5638685495976805,0.0,0.9,0.96,0.94,hazard,Synthetic-CP,0.002,0.01,50.0,0.002,,0
0.932,0.032,3.806338051501579,4.563997388846099,0.0,0.9,0.96,0.94,hazard,Synthetic-CP,0.005,0.01,50.0,0.005,,0
0.931,0.031,3.806443592715132,4.580589001165335,0.0,0.9,0.96,0.94,hazard,Synthetic-CP,0.01,0.01,50.0,0.01,,0
0.931,0.031,3.813744337103996,4.594188220619366,0.0,0.9,0.96,0.94,hazard,Synthetic-CP,0.02,0.01,50.0,0.02,,0
0.93,0.03,3.806883600146693,4.605334972864019,0.0,0.9,0.96,0.94,hazard,Synthetic-CP,0.05,0.01,50.0,0.05,,0
0.925,0.025,3.8528106996253593,4.554934478372829,1.0,0.8,0.92,0.96,hazard,Synthetic-CP,0.002,0.01,50.0,0.002,,1
0.924,0.024,3.8325251874236006,4.548417977471519,1.0,0.8,0.92,0.96,hazard,Synthetic-CP,0.005,0.01,50.0,0.005,,1
0.923,0.023,3.829569042226537,4.557362020347703,1.0,0.8,0.88,0.94,hazard,Synthetic-CP,0.01,0.01,50.0,0.01,,1
0.922,0.022,3.829471167065699,4.555910820752597,1.0,0.8,0.88,0.94,hazard,Synthetic-CP,0.02,0.01,50.0,0.02,,1
0.923,0.023,3.815953545077905,4.565146021624816,1.0,0.8,0.88,0.94,hazard,Synthetic-CP,0.05,0.01,50.0,0.05,,1
0.932,0.032,4.048908930594656,4.727787307907713,1.0,0.8,0.92,0.9,hazard,Synthetic-CP,0.002,0.01,50.0,0.002,,2
0.928,0.028,4.044430514090619,4.724046876240587,1.0,0.8,0.92,0.9,hazard,Synthetic-CP,0.005,0.01,50.0,0.005,,2
0.928,0.028,4.038307684555742,4.718527807028489,1.0,0.8,0.92,0.9,hazard,Synthetic-CP,0.01,0.01,50.0,0.01,,2
0.927,0.027,4.027784405764476,4.714920623717731,1.0,0.8,0.92,0.9,hazard,Synthetic-CP,0.02,0.01,50.0,0.02,,2
0.925,0.025,3.998406113939604,4.704030037513607,1.0,0.8,0.92,0.9,hazard,Synthetic-CP,0.05,0.01,50.0,0.05,,2
0.921,0.021,3.956824963792693,4.767643282762216,1.0,0.8,0.92,0.86,hazard,Synthetic-CP,0.002,0.01,50.0,0.002,,3
0.917,0.017,3.943516123017539,4.746854108781263,1.0,0.8,0.92,0.86,hazard,Synthetic-CP,0.005,0.01,50.0,0.005,,3
0.915,0.015,3.922091182788605,4.797959307165649,1.0,0.8,0.92,0.86,hazard,Synthetic-CP,0.01,0.01,50.0,0.01,,3
0.911,0.011,3.9189784970607895,4.784322858339396,1.0,0.8,0.92,0.86,hazard,Synthetic-CP,0.02,0.01,50.0,0.02,,3
0.91,0.01,3.92033309011183,4.792549409950172,1.0,0.8,0.92,0.86,hazard,Synthetic-CP,0.05,0.01,50.0,0.05,,3
0.926,0.026,3.935554918172648,4.629332913318138,2.0,0.7,0.88,0.86,hazard,Synthetic-CP,0.002,0.01,50.0,0.002,,4
0.922,0.022,3.920937227363768,4.629094372008876,2.0,0.7,0.88,0.86,hazard,Synthetic-CP,0.005,0.01,50.0,0.005,,4
0.922,0.022,3.924732899535652,4.636844592364703,2.0,0.7,0.88,0.86,hazard,Synthetic-CP,0.01,0.01,50.0,0.01,,4
0.92,0.02,3.923614327398837,4.641296868051526,2.0,0.7,0.88,0.86,hazard,Synthetic-CP,0.02,0.01,50.0,0.02,,4
0.922,0.022,3.949467269847845,4.660454213501813,2.0,0.7,0.88,0.86,hazard,Synthetic-CP,0.05,0.01,50.0,0.05,,4
0.93,0.03,3.834822569385019,4.403961569061048,2.0,0.7,0.88,0.92,hazard,Synthetic-CP,0.002,0.01,50.0,0.002,,5
0.928,0.028,3.8273585738994327,4.402101430071738,2.0,0.7,0.88,0.9,hazard,Synthetic-CP,0.005,0.01,50.0,0.005,,5
0.927,0.027,3.815527663553586,4.397457553701538,2.0,0.7,0.88,0.9,hazard,Synthetic-CP,0.01,0.01,50.0,0.01,,5
0.927,0.027,3.81522270579956,4.390545852800463,2.0,0.7,0.88,0.9,hazard,Synthetic-CP,0.02,0.01,50.0,0.02,,5
0.924,0.024,3.803148257327593,4.387815236589527,2.0,0.7,0.88,0.9,hazard,Synthetic-CP,0.05,0.01,50.0,0.05,,5
0.919,0.019,3.801451161434181,4.464118349119095,3.0,0.6,0.8,0.86,hazard,Synthetic-CP,0.002,0.01,50.0,0.002,,6
0.92,0.02,3.8052410064521127,4.478613824000036,3.0,0.6,0.8,0.86,hazard,Synthetic-CP,0.005,0.01,50.0,0.005,,6
0.921,0.021,3.8010022299978266,4.458910848362649,3.0,0.6,0.8,0.86,hazard,Synthetic-CP,0.01,0.01,50.0,0.01,,6
0.918,0.018,3.776563009074681,4.443937244968765,3.0,0.6,0.8,0.86,hazard,Synthetic-CP,0.02,0.01,50.0,0.02,,6
0.916,0.016,3.753231669354987,4.421682738456802,3.0,0.6,0.8,0.86,hazard,Synthetic-CP,0.05,0.01,50.0,0.05,,6
0.926,0.026,3.774709810271762,4.331983337577069,1.0,0.8,0.92,0.92,hazard,Synthetic-CP,0.002,0.01,50.0,0.002,,7
0.926,0.026,3.7712881756071055,4.320567837779543,1.0,0.8,0.92,0.92,hazard,Synthetic-CP,0.005,0.01,50.0,0.005,,7
0.926,0.026,3.766949521255,4.331638943536381,1.0,0.8,0.88,0.9,hazard,Synthetic-CP,0.01,0.01,50.0,0.01,,7
0.925,0.025,3.760956867824592,4.340571289928707,1.0,0.8,0.88,0.9,hazard,Synthetic-CP,0.02,0.01,50.0,0.02,,7
0.923,0.023,3.7531055093687775,4.347904855167599,1.0,0.8,0.88,0.9,hazard,Synthetic-CP,0.05,0.01,50.0,0.05,,7
0.925,0.025,3.9739392469404033,4.685934596127449,1.0,0.8,0.92,0.9,hazard,Synthetic-CP,0.002,0.01,50.0,0.002,,8
0.924,0.024,3.957855206728558,4.679228463661815,1.0,0.8,0.92,0.9,hazard,Synthetic-CP,0.005,0.01,50.0,0.005,,8
0.925,0.025,3.9632808787877054,4.685300759614889,1.0,0.8,0.92,0.9,hazard,Synthetic-CP,0.01,0.01,50.0,0.01,,8
0.923,0.023,3.962669372418472,4.683944368945731,1.0,0.8,0.92,0.9,hazard,Synthetic-CP,0.02,0.01,50.0,0.02,,8
0.922,0.022,3.955414974757136,4.692802691477578,1.0,0.8,0.92,0.9,hazard,Synthetic-CP,0.05,0.01,50.0,0.05,,8
0.927,0.027,3.927250608227951,4.645937489329796,1.0,0.8,0.88,0.88,hazard,Synthetic-CP,0.002,0.01,50.0,0.002,,9
0.925,0.025,3.928094619211948,4.657836455330302,1.0,0.8,0.88,0.88,hazard,Synthetic-CP,0.005,0.01,50.0,0.005,,9
0.923,0.023,3.9128024230754312,4.670777756459058,1.0,0.8,0.88,0.88,hazard,Synthetic-CP,0.01,0.01,50.0,0.01,,9
0.923,0.023,3.9012305226492825,4.663967327147841,1.0,0.8,0.88,0.88,hazard,Synthetic-CP,0.02,0.01,50.0,0.02,,9
0.924,0.024,3.882705232270802,4.626176939571245,1.0,0.8,0.88,0.88,hazard,Synthetic-CP,0.05,0.01,50.0,0.05,,9
0.93,0.03,3.789880232255933,4.554868104635808,0.0,0.9,0.96,0.94,decay,Synthetic-CP,0.005,0.0,50.0,0.0,,0
0.932,0.032,3.7988467572106734,4.571773727504272,0.0,0.9,0.96,0.94,decay,Synthetic-CP,0.005,0.005,50.0,0.005,,0
0.932,0.032,3.806338051501579,4.563997388846099,0.0,0.9,0.96,0.94,decay,Synthetic-CP,0.005,0.01,50.0,0.01,,0
0.932,0.032,3.812813371586744,4.577917817637816,0.0,0.9,0.96,0.94,decay,Synthetic-CP,0.005,0.02,50.0,0.02,,0
0.93,0.03,3.832750505363501,4.644645177185117,0.0,0.9,0.96,0.94,decay,Synthetic-CP,0.005,0.05,50.0,0.05,,0
0.924,0.024,3.8260153679528375,4.547721298572948,1.0,0.8,0.92,0.96,decay,Synthetic-CP,0.005,0.0,50.0,0.0,,1
0.924,0.024,3.826514433263104,4.558229482243042,1.0,0.8,0.92,0.96,decay,Synthetic-CP,0.005,0.005,50.0,0.005,,1
0.924,0.024,3.8325251874236006,4.548417977471519,1.0,0.8,0.92,0.96,decay,Synthetic-CP,0.005,0.01,50.0,0.01,,1
0.925,0.025,3.83613570187504,4.546791500098296,1.0,0.8,0.92,0.96,decay,Synthetic-CP,0.005,0.02,50.0,0.02,,1
0.92,0.02,3.854690329841934,4.609138644203259,1.0,0.8,0.88,0.94,decay,Synthetic-CP,0.005,0.05,50.0,0.05,,1
0.929,0.029,4.041987501683628,4.728967215256118,1.0,0.8,0.92,0.9,decay,Synthetic-CP,0.005,0.0,50.0,0.0,,2
0.928,0.028,4.041962633010193,4.727961214897175,1.0,0.8,0.92,0.9,decay,Synthetic-CP,0.005,0.005,50.0,0.005,,2
0.928,0.028,4.044430514090619,4.724046876240587,1.0,0.8,0.92,0.9,decay,Synthetic-CP,0.005,0.01,50.0,0.01,,2
0.927,0.027,4.031702016242824,4.707769372286233,1.0,0.8,0.92,0.9,decay,Synthetic-CP,0.005,0.02,50.0,0.02,,2
0.927,0.027,4.026928492243706,4.75391869649392,1.0,0.8,0.92,0.9,decay,Synthetic-CP,0.005,0.05,50.0,0.05,,2
0.92,0.02,3.947018774880563,4.783317218158337,1.0,0.8,0.92,0.86,decay,Synthetic-CP,0.005,0.0,50.0,0.0,,3
0.92,0.02,3.94432910051404,4.755869524048283,1.0,0.8,0.92,0.86,decay,Synthetic-CP,0.005,0.005,50.0,0.005,,3
0.917,0.017,3.943516123017539,4.746854108781263,1.0,0.8,0.92,0.86,decay,Synthetic-CP,0.005,0.01,50.0,0.01,,3
0.917,0.017,3.938943793299939,4.73903281455744,1.0,0.8,0.92,0.86,decay,Synthetic-CP,0.005,0.02,50.0,0.02,,3
0.915,0.015,3.9566284747636753,4.825314574199858,1.0,0.8,0.92,0.88,decay,Synthetic-CP,0.005,0.05,50.0,0.05,,3
0.924,0.024,3.910941803782279,4.622225732252942,2.0,0.7,0.88,0.86,decay,Synthetic-CP,0.005,0.0,50.0,0.0,,4
0.924,0.024,3.917830473102222,4.623483337141899,2.0,0.7,0.88,0.86,decay,Synthetic-CP,0.005,0.005,50.0,0.005,,4
0.922,0.022,3.920937227363768,4.629094372008876,2.0,0.7,0.88,0.86,decay,Synthetic-CP,0.005,0.01,50.0,0.01,,4
0.921,0.021,3.929381354500004,4.629667825034295,2.0,0.7,0.88,0.86,decay,Synthetic-CP,0.005,0.02,50.0,0.02,,4
0.919,0.019,3.9533701552014335,4.674984719422027,2.0,0.7,0.88,0.86,decay,Synthetic-CP,0.005,0.05,50.0,0.05,,4
0.932,0.032,3.820615935836544,4.368877701814593,2.0,0.7,0.88,0.9,decay,Synthetic-CP,0.005,0.0,50.0,0.0,,5
0.929,0.029,3.824911794947732,4.392383451924825,2.0,0.7,0.88,0.9,decay,Synthetic-CP,0.005,0.005,50.0,0.005,,5
0.928,0.028,3.8273585738994327,4.402101430071738,2.0,0.7,0.88,0.9,decay,Synthetic-CP,0.005,0.01,50.0,0.01,,5
0.925,0.025,3.8234694918022174,4.416230910305964,2.0,0.7,0.88,0.9,decay,Synthetic-CP,0.005,0.02,50.0,0.02,,5
0.922,0.022,3.8304764981875934,4.439222290521813,2.0,0.7,0.88,0.9,decay,Synthetic-CP,0.005,0.05,50.0,0.05,,5
0.916,0.016,3.807949294176484,4.503077788931273,3.0,0.6,0.8,0.86,decay,Synthetic-CP,0.005,0.0,50.0,0.0,,6
0.918,0.018,3.815274148855871,4.48402407205607,3.0,0.6,0.8,0.86,decay,Synthetic-CP,0.005,0.005,50.0,0.005,,6
0.92,0.02,3.8052410064521127,4.478613824000036,3.0,0.6,0.8,0.86,decay,Synthetic-CP,0.005,0.01,50.0,0.01,,6
0.92,0.02,3.7947556297572977,4.449254693930621,3.0,0.6,0.8,0.86,decay,Synthetic-CP,0.005,0.02,50.0,0.02,,6
0.915,0.015,3.7740693752895744,4.439173711047222,3.0,0.6,0.8,0.86,decay,Synthetic-CP,0.005,0.05,50.0,0.05,,6
0.928,0.028,3.7633350425549583,4.30531006931126,1.0,0.8,0.92,0.92,decay,Synthetic-CP,0.005,0.0,50.0,0.0,,7
0.926,0.026,3.766950322179377,4.317836837318959,1.0,0.8,0.92,0.92,decay,Synthetic-CP,0.005,0.005,50.0,0.005,,7
0.926,0.026,3.7712881756071055,4.320567837779543,1.0,0.8,0.92,0.92,decay,Synthetic-CP,0.005,0.01,50.0,0.01,,7
0.926,0.026,3.767773632525894,4.336163914140291,1.0,0.8,0.92,0.92,decay,Synthetic-CP,0.005,0.02,50.0,0.02,,7
0.926,0.026,3.769377285536692,4.398931635012108,1.0,0.8,0.88,0.9,decay,Synthetic-CP,0.005,0.05,50.0,0.05,,7
0.925,0.025,3.960824578682067,4.681252183837954,1.0,0.8,0.92,0.9,decay,Synthetic-CP,0.005,0.0,50.0,0.0,,8
0.924,0.024,3.9589553377440105,4.677059411349003,1.0,0.8,0.92,0.9,decay,Synthetic-CP,0.005,0.005,50.0,0.005,,8
0.924,0.024,3.957855206728558,4.679228463661815,1.0,0.8,0.92,0.9,decay,Synthetic-CP,0.005,0.01,50.0,0.01,,8
0.926,0.026,3.960992268739549,4.684376114415961,1.0,0.8,0.92,0.9,decay,Synthetic-CP,0.005,0.02,50.0,0.02,,8
0.922,0.022,3.964270490344594,4.71474440608943,1.0,0.8,0.92,0.9,decay,Synthetic-CP,0.005,0.05,50.0,0.05,,8
0.927,0.027,3.934784297413111,4.66827440546018,1.0,0.8,0.88,0.88,decay,Synthetic-CP,0.005,0.0,50.0,0.0,,9
0.926,0.026,3.928627230741625,4.662225652199001,1.0,0.8,0.88,0.88,decay,Synthetic-CP,0.005,0.005,50.0,0.005,,9
0.925,0.025,3.928094619211948,4.657836455330302,1.0,0.8,0.88,0.88,decay,Synthetic-CP,0.005,0.01,50.0,0.01,,9
0.921,0.021,3.928350855220413,4.681403156944263,1.0,0.8,0.88,0.88,decay,Synthetic-CP,0.005,0.02,50.0,0.02,,9
0.92,0.02,3.915557177406353,4.696596851098723,1.0,0.8,0.88,0.88,decay,Synthetic-CP,0.005,0.05,50.0,0.05,,9
0.916,0.016,3.8893750679032064,4.714684577547862,1.0,0.8,0.88,0.94,K,Synthetic-CP,0.005,0.01,20.0,20.0,,1
0.924,0.024,3.8325251874236006,4.548417977471519,1.0,0.8,0.92,0.96,K,Synthetic-CP,0.005,0.01,50.0,50.0,,1
0.932,0.032,3.8948128204550447,4.558177878051876,1.0,0.8,0.92,0.96,K,Synthetic-CP,0.005,0.01,100.0,100.0,,1
0.935,0.035,3.917378991845506,4.530992604285231,1.0,0.8,0.92,0.96,K,Synthetic-CP,0.005,0.01,200.0,200.0,,1
0.923,0.023,4.078977566530086,4.848752017242568,1.0,0.8,0.92,0.9,K,Synthetic-CP,0.005,0.01,20.0,20.0,,2
0.928,0.028,4.044430514090619,4.724046876240587,1.0,0.8,0.92,0.9,K,Synthetic-CP,0.005,0.01,50.0,50.0,,2
0.935,0.035,4.066582298485272,4.657886345308404,1.0,0.8,0.92,0.9,K,Synthetic-CP,0.005,0.01,100.0,100.0,,2
0.936,0.036,4.0690234496351225,4.629562782161028,1.0,0.8,0.92,0.9,K,Synthetic-CP,0.005,0.01,200.0,200.0,,2
0.919,0.019,4.010893152523049,4.874838669631765,1.0,0.8,0.92,0.9,K,Synthetic-CP,0.005,0.01,20.0,20.0,,3
0.917,0.017,3.943516123017539,4.746854108781263,1.0,0.8,0.92,0.86,K,Synthetic-CP,0.005,0.01,50.0,50.0,,3
0.931,0.031,3.966960198297428,4.706289245882651,1.0,0.8,0.92,0.86,K,Synthetic-CP,0.005,0.01,100.0,100.0,,3
0.933,0.033,3.958939803286392,4.6773470778563055,1.0,0.8,0.92,0.86,K,Synthetic-CP,0.005,0.01,200.0,200.0,,3
0.914,0.014,3.993549116344937,4.7505208356784845,2.0,0.7,0.88,0.86,K,Synthetic-CP,0.005,0.01,20.0,20.0,,4
0.922,0.022,3.920937227363768,4.629094372008876,2.0,0.7,0.88,0.86,K,Synthetic-CP,0.005,0.01,50.0,50.0,,4
0.932,0.032,3.9774529604596,4.581908668017552,2.0,0.7,0.88,0.86,K,Synthetic-CP,0.005,0.01,100.0,100.0,,4
0.935,0.035,4.003519304954625,4.563040975604653,2.0,0.7,0.88,0.86,K,Synthetic-CP,0.005,0.01,200.0,200.0,,4
0.917,0.017,3.8664754473205294,4.559209415592561,2.0,0.7,0.88,0.9,K,Synthetic-CP,0.005,0.01,20.0,20.0,,5
0.928,0.028,3.8273585738994327,4.402101430071738,2.0,0.7,0.88,0.9,K,Synthetic-CP,0.005,0.01,50.0,50.0,,5
0.929,0.029,3.826085786178399,4.365269890305119,2.0,0.7,0.88,0.9,K,Synthetic-CP,0.005,0.01,100.0,100.0,,5
0.932,0.032,3.8683716494700273,4.394040921125808,2.0,0.7,0.88,0.9,K,Synthetic-CP,0.005,0.01,200.0,200.0,,5
0.907,0.007,3.783133801848776,4.508622870634476,3.0,0.6,0.8,0.86,K,Synthetic-CP,0.005,0.01,20.0,20.0,,6
0.92,0.02,3.8052410064521127,4.478613824000036,3.0,0.6,0.8,0.86,K,Synthetic-CP,0.005,0.01,50.0,50.0,,6
0.931,0.031,3.8154960748501208,4.435807518166512,3.0,0.6,0.8,0.86,K,Synthetic-CP,0.005,0.01,100.0,100.0,,6
0.928,0.028,3.792209776235146,4.421921829587803,3.0,0.6,0.8,0.86,K,Synthetic-CP,0.005,0.01,200.0,200.0,,6
0.917,0.017,3.772969334386277,4.459744266349733,1.0,0.8,0.88,0.9,K,Synthetic-CP,0.005,0.01,20.0,20.0,,7
0.926,0.026,3.7712881756071055,4.320567837779543,1.0,0.8,0.92,0.92,K,Synthetic-CP,0.005,0.01,50.0,50.0,,7
0.931,0.031,3.761234564037207,4.298363789043588,1.0,0.8,0.92,0.92,K,Synthetic-CP,0.005,0.01,100.0,100.0,,7
0.936,0.036,3.759610950384511,4.278638286587364,1.0,0.8,0.92,0.92,K,Synthetic-CP,0.005,0.01,200.0,200.0,,7
0.918,0.018,3.9869494258533,4.7937039639786825,1.0,0.8,0.92,0.9,K,Synthetic-CP,0.005,0.01,20.0,20.0,,8
0.924,0.024,3.957855206728558,4.679228463661815,1.0,0.8,0.92,0.9,K,Synthetic-CP,0.005,0.01,50.0,50.0,,8
0.927,0.027,4.004034704773494,4.709083243967289,1.0,0.8,0.92,0.9,K,Synthetic-CP,0.005,0.01,100.0,100.0,,8
0.931,0.031,4.028042759517434,4.670808594422698,1.0,0.8,0.92,0.9,K,Synthetic-CP,0.005,0.01,200.0,200.0,,8
0.915,0.015,3.908170690987932,4.734182325226266,1.0,0.8,0.88,0.88,K,Synthetic-CP,0.005,0.01,20.0,20.0,,9
0.925,0.025,3.928094619211948,4.657836455330302,1.0,0.8,0.88,0.88,K,Synthetic-CP,0.005,0.01,50.0,50.0,,9
0.927,0.027,3.980136401138189,4.646634034217456,1.0,0.8,0.88,0.88,K,Synthetic-CP,0.005,0.01,100.0,100.0,,9
0.928,0.028,3.996220408997704,4.649578582648188,1.0,0.8,0.88,0.88,K,Synthetic-CP,0.005,0.01,200.0,200.0,,9
0.932,0.03200000000000003,3.806338051501579,4.563997388846099,0.0,0.9,0.96,0.94,cross_hazard,Synthetic-CP,0.005,0.01,50,,matched,0
0.931,0.031000000000000028,3.806443592715132,4.580589001165335,0.0,0.9,0.96,0.94,cross_hazard,Synthetic-CP,0.01,0.01,50,,mismatched(QC's h),0
0.9201277955271565,0.02012779552715649,4.489040496187392,5.4320187615820785,0.0,0.9,0.96,0.98,cross_hazard,Quality-Control,0.01,0.01,50,,matched,0
0.9201277955271565,0.02012779552715649,4.4885921030260905,5.403649310333439,0.0,0.9,0.96,0.98,cross_hazard,Quality-Control,0.005,0.01,50,,mismatched(Synth's h),0
0.924,0.02400000000000002,3.8325251874236006,4.5484179774715185,1.0,0.8,0.92,0.96,cross_hazard,Synthetic-CP,0.005,0.01,50,,matched,1
0.923,0.02300000000000002,3.829569042226537,4.557362020347703,1.0,0.8,0.88,0.94,cross_hazard,Synthetic-CP,0.01,0.01,50,,mismatched(QC's h),1
0.9201277955271565,0.02012779552715649,4.222503351126639,5.281476791770942,1.0,0.8,0.92,0.92,cross_hazard,Quality-Control,0.01,0.01,50,,matched,1
0.9233226837060703,0.02332268370607027,4.240875165221899,5.287572182045138,1.0,0.8,0.92,0.92,cross_hazard,Quality-Control,0.005,0.01,50,,mismatched(Synth's h),1
0.928,0.028000000000000025,4.044430514090619,4.724046876240587,1.0,0.8,0.92,0.9,cross_hazard,Synthetic-CP,0.005,0.01,50,,matched,2
0.928,0.028000000000000025,4.038307684555742,4.718527807028489,1.0,0.8,0.92,0.9,cross_hazard,Synthetic-CP,0.01,0.01,50,,mismatched(QC's h),2
0.9201277955271565,0.02012779552715649,4.620045061516619,5.557982508577614,1.0,0.8,0.92,0.88,cross_hazard,Quality-Control,0.01,0.01,50,,matched,2
0.9201277955271565,0.02012779552715649,4.649711306587696,5.5845768483582425,1.0,0.8,0.92,0.88,cross_hazard,Quality-Control,0.005,0.01,50,,mismatched(Synth's h),2
0.917,0.017000000000000015,3.943516123017539,4.746854108781263,1.0,0.8,0.92,0.86,cross_hazard,Synthetic-CP,0.005,0.01,50,,matched,3
0.915,0.015000000000000013,3.922091182788605,4.797959307165649,1.0,0.8,0.92,0.86,cross_hazard,Synthetic-CP,0.01,0.01,50,,mismatched(QC's h),3
0.9201277955271565,0.02012779552715649,4.770495290567374,6.048192070372186,1.0,0.8,0.92,0.96,cross_hazard,Quality-Control,0.01,0.01,50,,matched,3
0.9265175718849841,0.026517571884984048,4.764597676316209,5.951897711846003,1.0,0.8,0.92,0.96,cross_hazard,Quality-Control,0.005,0.01,50,,mismatched(Synth's h),3
0.922,0.02200000000000002,3.920937227363768,4.629094372008876,2.0,0.7,0.88,0.86,cross_hazard,Synthetic-CP,0.005,0.01,50,,matched,4
0.922,0.02200000000000002,3.924732899535652,4.636844592364703,2.0,0.7,0.88,0.86,cross_hazard,Synthetic-CP,0.01,0.01,50,,mismatched(QC's h),4
0.9233226837060703,0.02332268370607027,4.541193787605676,5.385255394300516,1.0,0.8,0.92,0.94,cross_hazard,Quality-Control,0.01,0.01,50,,matched,4
0.9233226837060703,0.02332268370607027,4.546916164169319,5.372775041991976,1.0,0.8,0.92,0.94,cross_hazard,Quality-Control,0.005,0.01,50,,mismatched(Synth's h),4
0.928,0.028000000000000025,3.8273585738994327,4.402101430071738,2.0,0.7,0.88,0.9,cross_hazard,Synthetic-CP,0.005,0.01,50,,matched,5
0.927,0.027000000000000024,3.8155276635535866,4.397457553701538,2.0,0.7,0.88,0.9,cross_hazard,Synthetic-CP,0.01,0.01,50,,mismatched(QC's h),5
0.9297124600638977,0.029712460063897717,4.293310117202295,4.985666263374682,0.0,0.9,0.92,0.92,cross_hazard,Quality-Control,0.01,0.01,50,,matched,5
0.9297124600638977,0.029712460063897717,4.311956666310564,4.985838745597847,0.0,0.9,0.92,0.92,cross_hazard,Quality-Control,0.005,0.01,50,,mismatched(Synth's h),5
0.92,0.020000000000000018,3.8052410064521127,4.478613824000036,3.0,0.6,0.8,0.86,cross_hazard,Synthetic-CP,0.005,0.01,50,,matched,6
0.921,0.02100000000000002,3.8010022299978266,4.458910848362649,3.0,0.6,0.8,0.86,cross_hazard,Synthetic-CP,0.01,0.01,50,,mismatched(QC's h),6
0.9265175718849841,0.026517571884984048,4.415879463474345,5.229850262783115,1.0,0.8,0.84,0.88,cross_hazard,Quality-Control,0.01,0.01,50,,matched,6
0.9265175718849841,0.026517571884984048,4.444892331310476,5.26527514447878,1.0,0.8,0.84,0.9,cross_hazard,Quality-Control,0.005,0.01,50,,mismatched(Synth's h),6
0.926,0.026000000000000023,3.7712881756071064,4.320567837779543,1.0,0.8,0.92,0.92,cross_hazard,Synthetic-CP,0.005,0.01,50,,matched,7
0.926,0.026000000000000023,3.7669495212550004,4.331638943536381,1.0,0.8,0.88,0.9,cross_hazard,Synthetic-CP,0.01,0.01,50,,mismatched(QC's h),7
0.9265175718849841,0.026517571884984048,4.241365782010888,4.923638544494091,0.0,0.9,0.96,0.96,cross_hazard,Quality-Control,0.01,0.01,50,,matched,7
0.9265175718849841,0.026517571884984048,4.2513639191154535,4.925546797116246,0.0,0.9,0.96,0.96,cross_hazard,Quality-Control,0.005,0.01,50,,mismatched(Synth's h),7
0.924,0.02400000000000002,3.957855206728558,4.679228463661815,1.0,0.8,0.92,0.9,cross_hazard,Synthetic-CP,0.005,0.01,50,,matched,8
0.925,0.025000000000000022,3.9632808787877067,4.685300759614889,1.0,0.8,0.92,0.9,cross_hazard,Synthetic-CP,0.01,0.01,50,,mismatched(QC's h),8
0.9265175718849841,0.026517571884984048,4.684944339844991,5.403110502153694,2.0,0.8,0.92,0.94,cross_hazard,Quality-Control,0.01,0.01,50,,matched,8
0.9265175718849841,0.026517571884984048,4.723294871916489,5.4502332951660835,2.0,0.8,0.92,0.94,cross_hazard,Quality-Control,0.005,0.01,50,,mismatched(Synth's h),8
0.925,0.025000000000000022,3.928094619211948,4.657836455330302,1.0,0.8,0.88,0.88,cross_hazard,Synthetic-CP,0.005,0.01,50,,matched,9
0.923,0.02300000000000002,3.9128024230754312,4.670777756459058,1.0,0.8,0.88,0.88,cross_hazard,Synthetic-CP,0.01,0.01,50,,mismatched(QC's h),9
0.9105431309904153,0.010543130990415261,4.399738623702879,5.341032479054818,0.0,0.9,0.92,0.92,cross_hazard,Quality-Control,0.01,0.01,50,,matched,9
0.9105431309904153,0.010543130990415261,4.412232992428668,5.353526847780607,0.0,0.9,0.92,0.92,cross_hazard,Quality-Control,0.005,0.01,50,,mismatched(Synth's h),9
