dataset,seed,Method,coverage,cov_gap,mean_width,winkler,recovery_step,postcov10,postcov25,postcov50
Synthetic-CP,0,SplitCP,0.888,0.01200000000000001,3.2247358899441934,4.5146433282669785,17.0,0.1,0.44,0.68
Synthetic-CP,0,NExCP,0.888,0.01200000000000001,3.248009132897948,4.471951841669355,5.0,0.4,0.76,0.88
Synthetic-CP,0,FACI,0.892,0.008000000000000007,3.1984226081854477,4.4232442685185385,8.0,0.2,0.64,0.8
Synthetic-CP,0,SF-OGD,0.899,0.0010000000000000009,3.853191105196299,4.892006425314798,2.0,0.7,0.88,0.92
Synthetic-CP,0,SAOCP,0.911,0.01100000000000001,3.995056915136542,4.939457450459077,0.0,0.9,0.96,0.92
Synthetic-CP,0,CA-AOCP,0.932,0.03200000000000003,3.8307186754957594,4.54373548816324,0.0,0.9,0.96,0.94
Quality-Control,0,SplitCP,0.865814696485623,0.034185303514376986,3.753803552585825,5.245760281118696,9.0,0.3,0.64,0.8
Quality-Control,0,NExCP,0.8849840255591054,0.015015974440894642,3.9472056654814294,5.255465276493697,3.0,0.6,0.84,0.92
Quality-Control,0,FACI,0.8817891373801917,0.01821086261980831,3.9263237652412855,5.226268547676199,3.0,0.6,0.8,0.88
Quality-Control,0,SF-OGD,0.8977635782747604,0.0022364217252396346,4.871415912736132,6.174146716464618,0.0,0.9,0.92,0.9
Quality-Control,0,SAOCP,0.8881789137380192,0.011821086261980862,4.663114638014154,6.12424962398384,0.0,0.9,0.88,0.86
Quality-Control,0,CA-AOCP,0.9169329073482428,0.01693290734824282,4.49382821064812,5.381838554468889,1.0,0.8,0.92,0.96
Synthetic-CP,1,SplitCP,0.879,0.02100000000000002,3.1477220483143356,4.491691236737129,13.0,0.0,0.44,0.68
Synthetic-CP,1,NExCP,0.886,0.014000000000000012,3.312885591370913,4.469526221349236,10.0,0.2,0.64,0.82
Synthetic-CP,1,FACI,0.894,0.006000000000000005,3.3503179901091067,4.441522413145766,9.0,0.2,0.6,0.78
Synthetic-CP,1,SF-OGD,0.899,0.0010000000000000009,3.7610558400998584,4.762732399796932,2.0,0.7,0.88,0.92
Synthetic-CP,1,SAOCP,0.905,0.0050000000000000044,3.9492745797321676,4.869312636359951,1.0,0.8,0.92,0.94
Synthetic-CP,1,CA-AOCP,0.932,0.03200000000000003,3.893954948629245,4.550157011205305,1.0,0.8,0.92,0.96
Quality-Control,1,SplitCP,0.8849840255591054,0.015015974440894642,3.6499498352859128,5.326128104987479,8.0,0.4,0.68,0.8
Quality-Control,1,NExCP,0.8849840255591054,0.015015974440894642,3.6327234334166105,5.209765359023124,4.0,0.5,0.8,0.86
Quality-Control,1,FACI,0.8977635782747604,0.0022364217252396346,3.732517435986614,5.22970363484452,3.0,0.6,0.84,0.88
Quality-Control,1,SF-OGD,0.8977635782747604,0.0022364217252396346,4.503424511673992,5.882970621192765,3.0,0.7,0.88,0.88
Quality-Control,1,SAOCP,0.9041533546325878,0.0041533546325878135,4.729272253137892,5.814200966327815,0.0,0.9,0.96,0.92
Quality-Control,1,CA-AOCP,0.9233226837060703,0.02332268370607027,4.27291944615389,5.35996348700164,1.0,0.8,0.92,0.92
Synthetic-CP,2,SplitCP,0.903,0.0030000000000000027,3.50902808222577,4.64980844509762,14.0,0.0,0.52,0.74
Synthetic-CP,2,NExCP,0.897,0.0030000000000000027,3.549533270691318,4.633451062324148,7.0,0.3,0.72,0.86
Synthetic-CP,2,FACI,0.889,0.01100000000000001,3.459067563889202,4.602258670114578,14.0,0.2,0.6,0.78
Synthetic-CP,2,SF-OGD,0.899,0.0010000000000000009,3.9087680725348624,5.008081500500902,2.0,0.7,0.88,0.92
Synthetic-CP,2,SAOCP,0.912,0.01200000000000001,4.086813826827075,5.01839046224307,0.0,0.9,0.96,0.96
Synthetic-CP,2,CA-AOCP,0.932,0.03200000000000003,4.075957713981048,4.693210466712596,1.0,0.8,0.92,0.9
Quality-Control,2,SplitCP,0.9073482428115016,0.007348242811501593,4.140094924898315,5.2885261527503875,7.0,0.4,0.76,0.88
Quality-Control,2,NExCP,0.9041533546325878,0.0041533546325878135,4.056394706490325,5.304661943151801,4.0,0.6,0.84,0.88
Quality-Control,2,FACI,0.9073482428115016,0.007348242811501593,4.032309959228476,5.293223768745856,4.0,0.6,0.84,0.9
Quality-Control,2,SF-OGD,0.8977635782747604,0.0022364217252396346,4.9948286707150125,6.125938069054521,1.0,0.8,0.92,0.9
Quality-Control,2,SAOCP,0.8881789137380192,0.011821086261980862,4.468126579320087,5.878164606706267,1.0,0.8,0.88,0.9
Quality-Control,2,CA-AOCP,0.9201277955271565,0.02012779552715649,4.631437582014028,5.529432629371411,1.0,0.8,0.92,0.88
Synthetic-CP,3,SplitCP,0.909,0.009000000000000008,3.5405590376026264,4.622863499389548,9.0,0.1,0.6,0.8
Synthetic-CP,3,NExCP,0.894,0.006000000000000005,3.4848380470028464,4.652979234615585,5.0,0.4,0.76,0.88
Synthetic-CP,3,FACI,0.896,0.0040000000000000036,3.435624027227989,4.610409316548453,6.0,0.4,0.72,0.84
Synthetic-CP,3,SF-OGD,0.897,0.0030000000000000027,3.886682493282662,5.00924553194964,4.0,0.6,0.84,0.92
Synthetic-CP,3,SAOCP,0.904,0.0040000000000000036,4.0040091260609865,4.989926578788428,1.0,0.8,0.92,0.92
Synthetic-CP,3,CA-AOCP,0.928,0.028000000000000025,3.969553975201956,4.738570000797277,1.0,0.8,0.92,0.86
Quality-Control,3,SplitCP,0.9265175718849841,0.026517571884984048,4.623474188518826,5.881973090891657,4.0,0.5,0.8,0.9
Quality-Control,3,NExCP,0.9073482428115016,0.007348242811501593,4.41798190671148,5.788265678332443,3.0,0.6,0.84,0.92
Quality-Control,3,FACI,0.9041533546325878,0.0041533546325878135,4.302090480377064,5.751930556516765,3.0,0.6,0.84,0.92
Quality-Control,3,SF-OGD,0.8977635782747604,0.0022364217252396346,4.685998129492839,6.16170401063552,0.0,0.9,0.92,0.92
Quality-Control,3,SAOCP,0.8849840255591054,0.015015974440894642,4.4148742006016475,6.238255646992949,0.0,0.9,0.92,0.9
Quality-Control,3,CA-AOCP,0.9329073482428115,0.032907348242811496,4.798115037396929,6.049330151634572,0.0,0.9,0.96,0.98
Synthetic-CP,4,SplitCP,0.897,0.0030000000000000027,3.4412556614289262,4.63041902528597,17.0,0.0,0.44,0.7
Synthetic-CP,4,NExCP,0.896,0.0040000000000000036,3.5508812123016105,4.587166534258817,6.0,0.3,0.72,0.84
Synthetic-CP,4,FACI,0.893,0.007000000000000006,3.4738685126693944,4.60960902870216,10.0,0.1,0.6,0.74
Synthetic-CP,4,SF-OGD,0.898,0.0020000000000000018,3.9542074871111046,5.0363942774137795,3.0,0.6,0.84,0.88
Synthetic-CP,4,SAOCP,0.904,0.0040000000000000036,4.048253390007919,5.027483697925222,1.0,0.8,0.88,0.9
Synthetic-CP,4,CA-AOCP,0.934,0.03400000000000003,4.002625607445259,4.616221170109275,2.0,0.7,0.88,0.86
Quality-Control,4,SplitCP,0.9233226837060703,0.02332268370607027,4.293267305086412,5.4128568202538,5.0,0.4,0.72,0.84
Quality-Control,4,NExCP,0.9041533546325878,0.0041533546325878135,4.108146572034151,5.386392251769693,3.0,0.6,0.8,0.88
Quality-Control,4,FACI,0.9009584664536742,0.000958466453674145,3.9951684343480443,5.322514999734772,3.0,0.6,0.8,0.88
Quality-Control,4,SF-OGD,0.8977635782747604,0.0022364217252396346,4.974482463108311,6.016388889531306,0.0,0.9,0.92,0.92
Quality-Control,4,SAOCP,0.8945686900958466,0.005431309904153414,4.531119747648583,5.964272415721953,0.0,0.9,0.96,0.92
Quality-Control,4,CA-AOCP,0.9361022364217252,0.036102236421725165,4.561996203735954,5.3564306559104695,1.0,0.8,0.92,0.94
Synthetic-CP,5,SplitCP,0.887,0.013000000000000012,3.2541128036376867,4.3433182289020245,15.0,0.2,0.52,0.72
Synthetic-CP,5,NExCP,0.895,0.0050000000000000044,3.361480843391809,4.363862265736126,5.0,0.5,0.8,0.9
Synthetic-CP,5,FACI,0.894,0.006000000000000005,3.312526956260899,4.316053809681741,8.0,0.3,0.64,0.8
Synthetic-CP,5,SF-OGD,0.9,0.0,3.716653675397325,4.756244430631439,2.0,0.7,0.88,0.9
Synthetic-CP,5,SAOCP,0.917,0.017000000000000015,3.912868554223757,4.845181087662555,0.0,0.9,0.88,0.92
Synthetic-CP,5,CA-AOCP,0.935,0.03500000000000003,3.844114329291404,4.354614206052114,2.0,0.7,0.88,0.9
Quality-Control,5,SplitCP,0.8913738019169329,0.008626198083067083,3.8044747207631127,4.899738837901989,5.0,0.5,0.76,0.8
Quality-Control,5,NExCP,0.8881789137380192,0.011821086261980862,3.692725048779899,4.849317171467655,5.0,0.5,0.76,0.82
Quality-Control,5,FACI,0.8881789137380192,0.011821086261980862,3.7084623297455894,4.905192578910902,5.0,0.5,0.76,0.8
Quality-Control,5,SF-OGD,0.8977635782747604,0.0022364217252396346,4.201655129131053,5.648638163586073,2.0,0.8,0.92,0.9
Quality-Control,5,SAOCP,0.8945686900958466,0.005431309904153414,4.35529962366336,5.683311780756903,2.0,0.8,0.88,0.9
Quality-Control,5,CA-AOCP,0.9329073482428115,0.032907348242811496,4.323667840433007,4.981825276675918,0.0,0.9,0.92,0.92
Synthetic-CP,6,SplitCP,0.894,0.006000000000000005,3.355584757333653,4.481282493317561,10.0,0.0,0.52,0.7
Synthetic-CP,6,NExCP,0.892,0.008000000000000007,3.398570442127414,4.423324273127141,9.0,0.3,0.72,0.86
Synthetic-CP,6,FACI,0.893,0.007000000000000006,3.333816434030531,4.401306037558005,6.0,0.3,0.68,0.8
Synthetic-CP,6,SF-OGD,0.899,0.0010000000000000009,3.8094370812905143,4.653838933147272,2.0,0.7,0.88,0.92
Synthetic-CP,6,SAOCP,0.905,0.0050000000000000044,3.8695992714561402,4.705087176158281,0.0,0.9,0.92,0.92
Synthetic-CP,6,CA-AOCP,0.924,0.02400000000000002,3.8149015660046235,4.454036359725417,3.0,0.6,0.8,0.86
Quality-Control,6,SplitCP,0.9073482428115016,0.007348242811501593,4.00885882166409,5.232853641342818,7.0,0.4,0.72,0.86
Quality-Control,6,NExCP,0.9009584664536742,0.000958466453674145,3.9738292188158693,5.213948969349166,7.0,0.4,0.72,0.86
Quality-Control,6,FACI,0.8881789137380192,0.011821086261980862,3.9411843183344772,5.212197934881447,7.0,0.4,0.72,0.84
Quality-Control,6,SF-OGD,0.8977635782747604,0.0022364217252396346,4.656456904650418,5.860450100748353,2.0,0.7,0.84,0.88
Quality-Control,6,SAOCP,0.8913738019169329,0.008626198083067083,4.59893440941365,5.700139018390975,1.0,0.8,0.84,0.88
Quality-Control,6,CA-AOCP,0.9265175718849841,0.026517571884984048,4.411583040731422,5.226984945256349,1.0,0.8,0.84,0.88
Synthetic-CP,7,SplitCP,0.888,0.01200000000000001,3.187624409552099,4.324338229232681,16.0,0.1,0.44,0.72
Synthetic-CP,7,NExCP,0.895,0.0050000000000000044,3.292967688946901,4.319124061798561,5.0,0.4,0.68,0.84
Synthetic-CP,7,FACI,0.895,0.0050000000000000044,3.2460899925738658,4.277758642284189,10.0,0.2,0.64,0.8
Synthetic-CP,7,SF-OGD,0.9,0.0,3.7436660844186163,4.649336876750382,4.0,0.7,0.88,0.94
Synthetic-CP,7,SAOCP,0.907,0.007000000000000006,3.844175011807754,4.6934688384915955,1.0,0.8,0.92,0.94
Synthetic-CP,7,CA-AOCP,0.932,0.03200000000000003,3.758709577787762,4.291394063350826,1.0,0.8,0.92,0.92
Quality-Control,7,SplitCP,0.8881789137380192,0.011821086261980862,3.702278131774336,4.953176700901833,7.0,0.3,0.68,0.84
Quality-Control,7,NExCP,0.8817891373801917,0.01821086261980831,3.7557288542556244,4.94410752307902,6.0,0.5,0.76,0.88
Quality-Control,7,FACI,0.8977635782747604,0.0022364217252396346,3.707223275591871,4.861943715143266,6.0,0.5,0.76,0.88
Quality-Control,7,SF-OGD,0.9009584664536742,0.000958466453674145,4.644782676102258,5.785544307022449,2.0,0.8,0.88,0.9
Quality-Control,7,SAOCP,0.9041533546325878,0.0041533546325878135,4.291486132386188,5.532216278845621,0.0,0.9,0.92,0.9
Quality-Control,7,CA-AOCP,0.9265175718849841,0.026517571884984048,4.2410042314722745,4.9059677094767595,0.0,0.9,0.96,0.96
Synthetic-CP,8,SplitCP,0.908,0.008000000000000007,3.530824833403625,4.631540826413833,16.0,0.1,0.44,0.7
Synthetic-CP,8,NExCP,0.897,0.0030000000000000027,3.498668420568217,4.619413377056524,8.0,0.4,0.72,0.84
Synthetic-CP,8,FACI,0.898,0.0020000000000000018,3.446320401891113,4.573901165016834,8.0,0.3,0.68,0.78
Synthetic-CP,8,SF-OGD,0.9,0.0,3.886524088382997,5.004056996646729,2.0,0.7,0.88,0.9
Synthetic-CP,8,SAOCP,0.91,0.010000000000000009,4.126524851282673,5.069795614878434,1.0,0.8,0.92,0.9
Synthetic-CP,8,CA-AOCP,0.929,0.029000000000000026,4.00202182290975,4.6634302098455205,1.0,0.8,0.92,0.9
Quality-Control,8,SplitCP,0.9169329073482428,0.01693290734824282,4.484790719298123,5.676816424902771,10.0,0.2,0.64,0.8
Quality-Control,8,NExCP,0.9009584664536742,0.000958466453674145,4.319072162326668,5.570942611814204,5.0,0.4,0.76,0.86
Quality-Control,8,FACI,0.8945686900958466,0.005431309904153414,4.260974319940396,5.58073926872684,10.0,0.3,0.68,0.82
Quality-Control,8,SF-OGD,0.9009584664536742,0.000958466453674145,4.683951335490326,6.0481655477660725,2.0,0.8,0.92,0.92
Quality-Control,8,SAOCP,0.9009584664536742,0.000958466453674145,4.793995854109352,5.926407079762205,1.0,0.8,0.92,0.92
Quality-Control,8,CA-AOCP,0.9265175718849841,0.026517571884984048,4.691940547108868,5.378934797471675,2.0,0.8,0.92,0.94
Synthetic-CP,9,SplitCP,0.893,0.007000000000000006,3.3958701918505025,4.58624121283377,12.0,0.2,0.52,0.68
Synthetic-CP,9,NExCP,0.889,0.01100000000000001,3.3250790576084497,4.529468017906872,10.0,0.5,0.72,0.86
Synthetic-CP,9,FACI,0.885,0.015000000000000013,3.3033030740164224,4.52770166122951,10.0,0.4,0.68,0.8
Synthetic-CP,9,SF-OGD,0.898,0.0020000000000000018,3.8600001999848805,4.7945531714422485,2.0,0.7,0.88,0.92
Synthetic-CP,9,SAOCP,0.903,0.0030000000000000027,3.9734208217009708,4.920499895526887,2.0,0.8,0.88,0.88
Synthetic-CP,9,CA-AOCP,0.929,0.029000000000000026,3.97682203996606,4.6701162036224435,1.0,0.8,0.88,0.88
Quality-Control,9,SplitCP,0.8913738019169329,0.008626198083067083,4.111079325498767,5.528780705254933,7.0,0.4,0.76,0.82
Quality-Control,9,NExCP,0.8722044728434505,0.027795527156549538,4.065871716600051,5.50977974069027,7.0,0.4,0.76,0.84
Quality-Control,9,FACI,0.8722044728434505,0.027795527156549538,3.923569126650963,5.392141918345293,7.0,0.4,0.76,0.84
Quality-Control,9,SF-OGD,0.8945686900958466,0.005431309904153414,4.48997507009341,5.610484382188716,1.0,0.8,0.92,0.92
Quality-Control,9,SAOCP,0.9073482428115016,0.007348242811501593,4.586741819300794,5.782733352119121,0.0,0.9,0.96,0.96
Quality-Control,9,CA-AOCP,0.9169329073482428,0.01693290734824282,4.441434337673224,5.294001970574968,0.0,0.9,0.92,0.92
Synthetic-CP,10,SplitCP,0.889,0.01100000000000001,3.210261782318589,4.562227127818962,19.0,0.1,0.44,0.7
Synthetic-CP,10,NExCP,0.89,0.010000000000000009,3.3884372126870086,4.525516465657875,8.0,0.1,0.64,0.82
Synthetic-CP,10,FACI,0.893,0.007000000000000006,3.324355315356576,4.4849578258368465,10.0,0.1,0.6,0.78
Synthetic-CP,10,SF-OGD,0.899,0.0010000000000000009,3.8945694885028774,4.885140989226618,4.0,0.5,0.8,0.9
Synthetic-CP,10,SAOCP,0.908,0.008000000000000007,4.026266820099517,4.956515168928772,0.0,0.9,0.96,0.96
Synthetic-CP,10,CA-AOCP,0.93,0.030000000000000027,3.894918368913512,4.517942515294399,0.0,0.9,0.96,0.96
Quality-Control,10,SplitCP,0.8626198083067093,0.037380191693290765,3.57620552623094,4.9676692001403895,9.0,0.3,0.6,0.76
Quality-Control,10,NExCP,0.8690095846645367,0.030990415335463317,3.6402235820591575,4.870966840672973,9.0,0.5,0.68,0.82
Quality-Control,10,FACI,0.8849840255591054,0.015015974440894642,3.6889060343780313,4.87010812233768,5.0,0.5,0.72,0.84
Quality-Control,10,SF-OGD,0.8945686900958466,0.005431309904153414,4.696412000837011,5.644565902326649,1.0,0.8,0.92,0.9
Quality-Control,10,SAOCP,0.8849840255591054,0.015015974440894642,4.310461102051309,5.5480923963115085,2.0,0.7,0.84,0.9
Quality-Control,10,CA-AOCP,0.9105431309904153,0.010543130990415261,4.090746066587633,4.859141146654677,1.0,0.8,0.92,0.94
Synthetic-CP,11,SplitCP,0.875,0.025000000000000022,3.281494993925343,4.508941361905838,16.0,0.0,0.44,0.72
Synthetic-CP,11,NExCP,0.889,0.01100000000000001,3.451370146716689,4.5053202480248515,8.0,0.2,0.68,0.84
Synthetic-CP,11,FACI,0.881,0.019000000000000017,3.3606877759710967,4.448589743184624,9.0,0.2,0.64,0.8
Synthetic-CP,11,SF-OGD,0.898,0.0020000000000000018,3.8872567494119967,4.90072455349178,2.0,0.7,0.88,0.92
Synthetic-CP,11,SAOCP,0.903,0.0030000000000000027,3.966547823292523,4.926072370815153,0.0,0.9,0.96,0.94
Synthetic-CP,11,CA-AOCP,0.925,0.025000000000000022,3.973013730901886,4.553790546646353,0.0,0.9,0.96,0.98
Quality-Control,11,SplitCP,0.8817891373801917,0.01821086261980831,3.704563904676714,5.335089300188742,10.0,0.2,0.64,0.8
Quality-Control,11,NExCP,0.8817891373801917,0.01821086261980831,3.8886175480248784,5.247061473519751,8.0,0.4,0.76,0.86
Quality-Control,11,FACI,0.8753993610223643,0.024600638977635758,3.6594015304715697,5.1868049974340895,8.0,0.4,0.76,0.84
Quality-Control,11,SF-OGD,0.8977635782747604,0.0022364217252396346,4.533969912718749,5.624362632194368,2.0,0.7,0.88,0.88
Quality-Control,11,SAOCP,0.8785942492012779,0.02140575079872209,4.4474599182934,5.79705011456423,2.0,0.7,0.88,0.88
Quality-Control,11,CA-AOCP,0.9137380191693291,0.013738019169329041,4.117219816638246,4.955285359003704,4.0,0.6,0.8,0.84
Synthetic-CP,12,SplitCP,0.897,0.0030000000000000027,3.43107653225687,4.522081524584604,20.0,0.0,0.44,0.66
Synthetic-CP,12,NExCP,0.897,0.0030000000000000027,3.502802197950894,4.5402621876877385,5.0,0.4,0.76,0.84
Synthetic-CP,12,FACI,0.891,0.009000000000000008,3.416241336240135,4.501897916756991,9.0,0.1,0.6,0.72
Synthetic-CP,12,SF-OGD,0.898,0.0020000000000000018,3.830018832509043,4.871954314399201,3.0,0.6,0.84,0.88
Synthetic-CP,12,SAOCP,0.917,0.017000000000000015,4.148471279636215,4.973799630629583,1.0,0.8,0.92,0.92
Synthetic-CP,12,CA-AOCP,0.929,0.029000000000000026,4.009773029861636,4.511546143967202,1.0,0.8,0.92,0.9
Quality-Control,12,SplitCP,0.8945686900958466,0.005431309904153414,4.249437374759207,5.464801482630729,7.0,0.2,0.68,0.82
Quality-Control,12,NExCP,0.8945686900958466,0.005431309904153414,4.170973741822123,5.4168399530026425,5.0,0.4,0.76,0.88
Quality-Control,12,FACI,0.8785942492012779,0.02140575079872209,4.132024890861546,5.412998511133723,6.0,0.3,0.72,0.84
Quality-Control,12,SF-OGD,0.8977635782747604,0.0022364217252396346,4.639267220328589,5.935766398379044,2.0,0.8,0.92,0.92
Quality-Control,12,SAOCP,0.8945686900958466,0.005431309904153414,4.618219383794209,5.827404883230012,1.0,0.8,0.92,0.92
Quality-Control,12,CA-AOCP,0.9201277955271565,0.02012779552715649,4.501686161738287,5.132048836405843,2.0,0.7,0.88,0.92
Synthetic-CP,13,SplitCP,0.904,0.0040000000000000036,3.5833047483680223,4.83418677743945,14.0,0.1,0.52,0.74
Synthetic-CP,13,NExCP,0.903,0.0030000000000000027,3.5953905888196913,4.801732055984637,6.0,0.3,0.72,0.86
Synthetic-CP,13,FACI,0.901,0.0010000000000000009,3.4609966535395116,4.776369200724639,6.0,0.3,0.72,0.84
Synthetic-CP,13,SF-OGD,0.9,0.0,4.034094842645608,5.123384764098582,6.0,0.5,0.8,0.9
Synthetic-CP,13,SAOCP,0.909,0.009000000000000008,4.12960528177762,5.083124675271878,5.0,0.7,0.88,0.92
Synthetic-CP,13,CA-AOCP,0.942,0.041999999999999926,4.126270320074893,4.799705792271475,1.0,0.8,0.92,0.92
Quality-Control,13,SplitCP,0.9073482428115016,0.007348242811501593,4.46670546426965,5.917615403869079,12.0,0.4,0.68,0.78
Quality-Control,13,NExCP,0.9009584664536742,0.000958466453674145,4.494840912054899,5.854602576942196,9.0,0.5,0.76,0.84
Quality-Control,13,FACI,0.8977635782747604,0.0022364217252396346,4.3673526331086885,5.9432666598125925,9.0,0.4,0.72,0.8
Quality-Control,13,SF-OGD,0.8977635782747604,0.0022364217252396346,4.797211772724653,6.280744990660328,2.0,0.7,0.88,0.88
Quality-Control,13,SAOCP,0.9073482428115016,0.007348242811501593,4.67701257946017,5.850914975983181,1.0,0.8,0.92,0.94
Quality-Control,13,CA-AOCP,0.9233226837060703,0.02332268370607027,4.853339701085162,5.986336806366002,2.0,0.7,0.88,0.9
Synthetic-CP,14,SplitCP,0.9,0.0,3.359936913257054,4.368806002447055,11.0,0.1,0.56,0.72
Synthetic-CP,14,NExCP,0.895,0.0050000000000000044,3.4004955127180647,4.361685864408525,8.0,0.5,0.76,0.86
Synthetic-CP,14,FACI,0.89,0.010000000000000009,3.3416323591740666,4.349644898690839,8.0,0.3,0.68,0.78
Synthetic-CP,14,SF-OGD,0.899,0.0010000000000000009,3.9313626904947574,4.840107849013905,5.0,0.6,0.8,0.86
Synthetic-CP,14,SAOCP,0.905,0.0050000000000000044,3.968524448488503,4.931391438245946,0.0,0.9,0.92,0.94
Synthetic-CP,14,CA-AOCP,0.933,0.03300000000000003,3.831337644169065,4.3513894253313685,0.0,0.9,0.92,0.88
Quality-Control,14,SplitCP,0.9105431309904153,0.010543130990415261,4.206364746404983,5.344520171016199,14.0,0.3,0.6,0.8
Quality-Control,14,NExCP,0.8945686900958466,0.005431309904153414,4.054284324725793,5.269265634773387,7.0,0.4,0.72,0.86
Quality-Control,14,FACI,0.8849840255591054,0.015015974440894642,4.015251087451189,5.280964423442309,7.0,0.4,0.72,0.86
Quality-Control,14,SF-OGD,0.8977635782747604,0.0022364217252396346,4.823120031740033,5.908162276510053,1.0,0.8,0.88,0.92
Quality-Control,14,SAOCP,0.8817891373801917,0.01821086261980831,4.5756160830449915,5.950682970791063,0.0,0.9,0.88,0.92
Quality-Control,14,CA-AOCP,0.9233226837060703,0.02332268370607027,4.523727718964926,5.226296226041968,0.0,0.9,0.92,0.96
Synthetic-CP,15,SplitCP,0.904,0.0040000000000000036,3.409473781329953,4.250596162011455,10.0,0.0,0.56,0.74
Synthetic-CP,15,NExCP,0.893,0.007000000000000006,3.3514761984255284,4.236233308364502,9.0,0.1,0.64,0.82
Synthetic-CP,15,FACI,0.892,0.008000000000000007,3.3109527118027064,4.188346115440572,9.0,0.0,0.6,0.76
Synthetic-CP,15,SF-OGD,0.901,0.0010000000000000009,3.7524893078485766,4.6660259241364095,4.0,0.5,0.8,0.9
Synthetic-CP,15,SAOCP,0.908,0.008000000000000007,3.8390518146419432,4.636853703958215,0.0,0.9,0.96,0.92
Synthetic-CP,15,CA-AOCP,0.944,0.04399999999999993,3.8012890550582092,4.219937059719089,0.0,0.9,0.96,0.94
Quality-Control,15,SplitCP,0.9041533546325878,0.0041533546325878135,4.192764263819693,5.410815854172448,7.0,0.4,0.68,0.82
Quality-Control,15,NExCP,0.9041533546325878,0.0041533546325878135,4.211701638238877,5.409180587313515,4.0,0.5,0.76,0.86
Quality-Control,15,FACI,0.9009584664536742,0.000958466453674145,4.15659458921656,5.42086430278431,4.0,0.5,0.76,0.86
Quality-Control,15,SF-OGD,0.8977635782747604,0.0022364217252396346,4.625017908302319,6.3955561919239,2.0,0.7,0.88,0.88
Quality-Control,15,SAOCP,0.8817891373801917,0.01821086261980831,4.736507674579857,6.0787852193658685,0.0,0.9,0.92,0.9
Quality-Control,15,CA-AOCP,0.9265175718849841,0.026517571884984048,4.602138617999437,5.23936956099675,1.0,0.8,0.88,0.9
Synthetic-CP,16,SplitCP,0.905,0.0050000000000000044,3.3512142521289676,4.398611351617465,11.0,0.1,0.56,0.78
Synthetic-CP,16,NExCP,0.901,0.0010000000000000009,3.3195620831292243,4.388383936578732,9.0,0.4,0.76,0.88
Synthetic-CP,16,FACI,0.897,0.0030000000000000027,3.244198822005829,4.341701707717833,9.0,0.2,0.68,0.78
Synthetic-CP,16,SF-OGD,0.9,0.0,3.8041133031676093,4.841183489886988,2.0,0.7,0.88,0.92
Synthetic-CP,16,SAOCP,0.899,0.0010000000000000009,3.866112757780476,4.849969906890049,2.0,0.7,0.88,0.92
Synthetic-CP,16,CA-AOCP,0.935,0.03500000000000003,3.879918610055941,4.492608184062802,2.0,0.7,0.84,0.88
Quality-Control,16,SplitCP,0.8817891373801917,0.01821086261980831,4.032330343622587,5.493532371430505,8.0,0.5,0.76,0.86
Quality-Control,16,NExCP,0.8881789137380192,0.011821086261980862,3.985946510132516,5.401822963117206,3.0,0.6,0.84,0.92
Quality-Control,16,FACI,0.8753993610223643,0.024600638977635758,3.95595543203656,5.408553662616886,3.0,0.6,0.84,0.9
Quality-Control,16,SF-OGD,0.9009584664536742,0.000958466453674145,4.844583635830636,6.0770400079176365,1.0,0.8,0.92,0.92
Quality-Control,16,SAOCP,0.8817891373801917,0.01821086261980831,4.627323371796914,5.996508022608473,0.0,0.9,0.92,0.94
Quality-Control,16,CA-AOCP,0.9201277955271565,0.02012779552715649,4.634932927370036,5.39430624690267,1.0,0.8,0.92,0.92
Synthetic-CP,17,SplitCP,0.902,0.0020000000000000018,3.4803356692996252,4.456266449228797,14.0,0.1,0.52,0.74
Synthetic-CP,17,NExCP,0.895,0.0050000000000000044,3.3943451922834402,4.4686332737306245,13.0,0.4,0.68,0.84
Synthetic-CP,17,FACI,0.892,0.008000000000000007,3.3368042292108093,4.439384621301263,13.0,0.3,0.64,0.8
Synthetic-CP,17,SF-OGD,0.899,0.0010000000000000009,3.800896257254806,4.872954822925595,5.0,0.6,0.84,0.88
Synthetic-CP,17,SAOCP,0.9,0.0,3.9887684225473814,4.903582699158866,0.0,0.9,0.96,0.98
Synthetic-CP,17,CA-AOCP,0.934,0.03400000000000003,3.9888012211394375,4.548684259741911,0.0,0.9,0.96,0.92
Quality-Control,17,SplitCP,0.9233226837060703,0.02332268370607027,4.270003850322712,5.318376898485681,5.0,0.6,0.84,0.88
Quality-Control,17,NExCP,0.9169329073482428,0.01693290734824282,3.9570297772482337,5.203219585997868,3.0,0.7,0.88,0.9
Quality-Control,17,FACI,0.9073482428115016,0.007348242811501593,3.9343718709168534,5.204895715287211,3.0,0.7,0.88,0.9
Quality-Control,17,SF-OGD,0.9009584664536742,0.000958466453674145,4.432365359135742,5.7209318700477105,0.0,0.9,0.92,0.9
Quality-Control,17,SAOCP,0.9041533546325878,0.0041533546325878135,4.492494156190283,6.079370462159158,0.0,0.9,0.92,0.94
Quality-Control,17,CA-AOCP,0.9265175718849841,0.026517571884984048,4.446068100387977,5.358438786236809,1.0,0.8,0.92,0.94
Synthetic-CP,18,SplitCP,0.89,0.010000000000000009,3.4914687503034063,4.685768818008222,13.0,0.1,0.48,0.7
Synthetic-CP,18,NExCP,0.893,0.007000000000000006,3.5505219574689333,4.677488865329374,5.0,0.4,0.76,0.86
Synthetic-CP,18,FACI,0.894,0.006000000000000005,3.4979312545924985,4.659173831756308,6.0,0.4,0.72,0.82
Synthetic-CP,18,SF-OGD,0.899,0.0010000000000000009,4.0916261374275535,5.094661880995708,2.0,0.7,0.88,0.9
Synthetic-CP,18,SAOCP,0.904,0.0040000000000000036,4.114693915910602,5.063795838831573,0.0,0.9,0.88,0.92
Synthetic-CP,18,CA-AOCP,0.936,0.03600000000000003,4.089741090980502,4.741538709150213,0.0,0.9,0.92,0.9
Quality-Control,18,SplitCP,0.8849840255591054,0.015015974440894642,3.957669854200171,5.30048319844585,7.0,0.6,0.72,0.8
Quality-Control,18,NExCP,0.8849840255591054,0.015015974440894642,3.9777531253315432,5.305739707271037,5.0,0.5,0.72,0.82
Quality-Control,18,FACI,0.8849840255591054,0.015015974440894642,3.991709496446737,5.346661147623092,5.0,0.6,0.72,0.82
Quality-Control,18,SF-OGD,0.9009584664536742,0.000958466453674145,4.941558982936127,5.765062353544089,1.0,0.8,0.84,0.9
Quality-Control,18,SAOCP,0.8977635782747604,0.0022364217252396346,4.6828986966828525,5.5942759424112145,0.0,0.9,0.92,0.92
Quality-Control,18,CA-AOCP,0.9329073482428115,0.032907348242811496,4.613211879897619,5.441768911684491,2.0,0.8,0.92,0.94
Synthetic-CP,19,SplitCP,0.895,0.0050000000000000044,3.297817416193977,4.442388347965265,17.0,0.2,0.52,0.7
Synthetic-CP,19,NExCP,0.894,0.006000000000000005,3.352824749680333,4.447724940813046,4.0,0.5,0.8,0.88
Synthetic-CP,19,FACI,0.897,0.0030000000000000027,3.35540015319993,4.426927161972342,11.0,0.5,0.72,0.8
Synthetic-CP,19,SF-OGD,0.898,0.0020000000000000018,3.781473686518852,4.803823114676366,3.0,0.6,0.84,0.9
Synthetic-CP,19,SAOCP,0.902,0.0020000000000000018,3.9372579553165914,4.871959461133325,0.0,0.9,0.96,0.92
Synthetic-CP,19,CA-AOCP,0.934,0.03400000000000003,3.8921991472914574,4.492952589754112,0.0,0.9,0.96,0.92
Quality-Control,19,SplitCP,0.9041533546325878,0.0041533546325878135,3.798240858655704,5.160755484687395,7.0,0.3,0.72,0.84
Quality-Control,19,NExCP,0.9009584664536742,0.000958466453674145,3.831208612710901,5.121885542198837,4.0,0.5,0.8,0.88
Quality-Control,19,FACI,0.8977635782747604,0.0022364217252396346,3.702869550306454,5.109509676691815,4.0,0.5,0.8,0.86
Quality-Control,19,SF-OGD,0.8977635782747604,0.0022364217252396346,4.494335971889834,5.622772623099504,2.0,0.7,0.88,0.9
Quality-Control,19,SAOCP,0.8977635782747604,0.0022364217252396346,4.365483455818807,5.548435876544223,1.0,0.8,0.88,0.92
Quality-Control,19,CA-AOCP,0.9329073482428115,0.032907348242811496,4.1621241281971075,4.946510771229297,1.0,0.8,0.92,0.92
Synthetic-CP,20,SplitCP,0.9,0.0,3.5619603850861328,4.656598565000012,15.0,0.1,0.48,0.7
Synthetic-CP,20,NExCP,0.893,0.007000000000000006,3.524101642279882,4.602058849095876,11.0,0.4,0.68,0.84
Synthetic-CP,20,FACI,0.893,0.007000000000000006,3.508162264483159,4.558955062419575,11.0,0.4,0.68,0.8
Synthetic-CP,20,SF-OGD,0.9,0.0,3.995932048358974,4.852355885897177,4.0,0.7,0.84,0.92
Synthetic-CP,20,SAOCP,0.909,0.009000000000000008,4.080385265908927,4.947545486325839,4.0,0.8,0.84,0.92
Synthetic-CP,20,CA-AOCP,0.928,0.028000000000000025,3.977722999510514,4.570663092435653,0.0,0.9,0.96,0.92
Quality-Control,20,SplitCP,0.9073482428115016,0.007348242811501593,4.359524076203508,5.512880440843143,5.0,0.6,0.84,0.9
Quality-Control,20,NExCP,0.8977635782747604,0.0022364217252396346,4.157174981876443,5.452102424405138,5.0,0.6,0.84,0.9
Quality-Control,20,FACI,0.8913738019169329,0.008626198083067083,4.192438229410018,5.472779617136688,5.0,0.6,0.84,0.86
Quality-Control,20,SF-OGD,0.8977635782747604,0.0022364217252396346,5.145609734882984,6.041984558091311,2.0,0.7,0.88,0.9
Quality-Control,20,SAOCP,0.8849840255591054,0.015015974440894642,4.723123089892594,5.890082465700657,1.0,0.8,0.92,0.92
Quality-Control,20,CA-AOCP,0.9073482428115016,0.007348242811501593,4.614606306613382,5.484996729896149,2.0,0.7,0.88,0.86
Synthetic-CP,21,SplitCP,0.882,0.018000000000000016,3.1975872329010944,4.3758421063144235,17.0,0.2,0.52,0.7
Synthetic-CP,21,NExCP,0.894,0.006000000000000005,3.3298390202044486,4.343608514479107,5.0,0.4,0.72,0.86
Synthetic-CP,21,FACI,0.891,0.009000000000000008,3.300442430044845,4.3557702998402394,6.0,0.4,0.64,0.8
Synthetic-CP,21,SF-OGD,0.899,0.0010000000000000009,3.6036148513581088,4.703315740956916,5.0,0.6,0.84,0.9
Synthetic-CP,21,SAOCP,0.902,0.0020000000000000018,3.865449308332396,4.800121363045649,1.0,0.8,0.88,0.92
Synthetic-CP,21,CA-AOCP,0.935,0.03500000000000003,3.826499472121565,4.421628016556475,0.0,0.9,0.96,0.96
Quality-Control,21,SplitCP,0.9041533546325878,0.0041533546325878135,3.876441844387146,5.074216642419859,9.0,0.2,0.64,0.82
Quality-Control,21,NExCP,0.8881789137380192,0.011821086261980862,3.8410326755240867,4.985953181236874,7.0,0.4,0.76,0.88
Quality-Control,21,FACI,0.8881789137380192,0.011821086261980862,3.782524023065639,4.93324153068701,7.0,0.4,0.76,0.84
Quality-Control,21,SF-OGD,0.9009584664536742,0.000958466453674145,4.251770785796865,5.453538512807062,2.0,0.7,0.88,0.9
Quality-Control,21,SAOCP,0.8913738019169329,0.008626198083067083,4.204829948390203,5.246310892018677,7.0,0.7,0.88,0.86
Quality-Control,21,CA-AOCP,0.8945686900958466,0.005431309904153414,4.10068035900587,4.889945595140267,2.0,0.7,0.88,0.86
Synthetic-CP,22,SplitCP,0.908,0.008000000000000007,3.3694749276507583,4.435560702989362,15.0,0.1,0.52,0.64
Synthetic-CP,22,NExCP,0.902,0.0020000000000000018,3.3679536624969195,4.39122222988729,5.0,0.4,0.76,0.86
Synthetic-CP,22,FACI,0.901,0.0010000000000000009,3.2987679603621904,4.403022197560614,7.0,0.2,0.68,0.76
Synthetic-CP,22,SF-OGD,0.899,0.0010000000000000009,3.8013291086574847,4.769394811586366,3.0,0.6,0.84,0.88
Synthetic-CP,22,SAOCP,0.912,0.01200000000000001,3.938198853687656,4.854003684630956,1.0,0.8,0.92,0.94
Synthetic-CP,22,CA-AOCP,0.932,0.03200000000000003,3.9096546957999694,4.515858322471201,3.0,0.6,0.84,0.84
Quality-Control,22,SplitCP,0.9265175718849841,0.026517571884984048,4.475832155665293,5.577146367556721,2.0,0.7,0.88,0.94
Quality-Control,22,NExCP,0.9105431309904153,0.010543130990415261,3.9388184573416543,5.491095297080378,2.0,0.7,0.88,0.92
Quality-Control,22,FACI,0.9169329073482428,0.01693290734824282,4.014789309678462,5.511808066913196,2.0,0.7,0.88,0.92
Quality-Control,22,SF-OGD,0.8977635782747604,0.0022364217252396346,4.797889543759123,6.188624773426185,2.0,0.7,0.88,0.9
Quality-Control,22,SAOCP,0.8977635782747604,0.0022364217252396346,4.74172121703701,6.1789921080944925,1.0,0.8,0.92,0.94
Quality-Control,22,CA-AOCP,0.939297124600639,0.039297124600638944,4.717543303526213,5.748749403146164,1.0,0.8,0.92,0.94
Synthetic-CP,23,SplitCP,0.903,0.0030000000000000027,3.3754386801137577,4.434345551566901,9.0,0.2,0.64,0.74
Synthetic-CP,23,NExCP,0.899,0.0010000000000000009,3.387805454193545,4.462113004777047,6.0,0.3,0.72,0.84
Synthetic-CP,23,FACI,0.899,0.0010000000000000009,3.3195209250017457,4.445452998308091,6.0,0.3,0.72,0.8
Synthetic-CP,23,SF-OGD,0.899,0.0010000000000000009,3.8749775938374236,4.890297974070515,4.0,0.5,0.8,0.88
Synthetic-CP,23,SAOCP,0.907,0.007000000000000006,3.98261200215758,4.881524863181452,1.0,0.8,0.92,0.92
Synthetic-CP,23,CA-AOCP,0.939,0.038999999999999924,3.896129689900409,4.465051925622251,1.0,0.8,0.88,0.92
Quality-Control,23,SplitCP,0.9169329073482428,0.01693290734824282,4.346351283874301,5.485121330237209,6.0,0.4,0.76,0.86
Quality-Control,23,NExCP,0.9041533546325878,0.0041533546325878135,4.200139332697613,5.420937028975075,4.0,0.5,0.8,0.88
Quality-Control,23,FACI,0.8945686900958466,0.005431309904153414,4.158644779936999,5.363136984610208,4.0,0.5,0.8,0.88
Quality-Control,23,SF-OGD,0.8977635782747604,0.0022364217252396346,4.693970138082065,5.750456900981132,0.0,0.9,0.92,0.92
Quality-Control,23,SAOCP,0.8913738019169329,0.008626198083067083,4.607342138555574,6.048565909484861,0.0,0.9,0.92,0.92
Quality-Control,23,CA-AOCP,0.9201277955271565,0.02012779552715649,4.615860203471482,5.419688987363252,4.0,0.5,0.8,0.88
Synthetic-CP,24,SplitCP,0.896,0.0040000000000000036,3.413325449149482,4.51072504944062,12.0,0.1,0.4,0.68
Synthetic-CP,24,NExCP,0.888,0.01200000000000001,3.445997393128391,4.513960269685537,8.0,0.2,0.68,0.84
Synthetic-CP,24,FACI,0.891,0.009000000000000008,3.4085064413277517,4.481419739986763,9.0,0.2,0.6,0.8
Synthetic-CP,24,SF-OGD,0.9,0.0,3.865335585944835,4.897852473120209,5.0,0.6,0.84,0.92
Synthetic-CP,24,SAOCP,0.91,0.010000000000000009,4.014937166735035,4.961412313113351,2.0,0.7,0.88,0.92
Synthetic-CP,24,CA-AOCP,0.932,0.03200000000000003,3.984197501495998,4.575964967888618,1.0,0.8,0.88,0.94
Quality-Control,24,SplitCP,0.9233226837060703,0.02332268370607027,4.397903752711159,5.425542640831985,4.0,0.5,0.8,0.88
Quality-Control,24,NExCP,0.9105431309904153,0.010543130990415261,4.270433451588374,5.399117430201595,3.0,0.6,0.84,0.9
Quality-Control,24,FACI,0.9073482428115016,0.007348242811501593,4.168295753284563,5.361225944264946,4.0,0.5,0.8,0.86
Quality-Control,24,SF-OGD,0.8977635782747604,0.0022364217252396346,4.691402618799176,5.923229502116806,0.0,0.9,0.96,0.9
Quality-Control,24,SAOCP,0.8977635782747604,0.0022364217252396346,4.692684674314799,5.8846492660355745,1.0,0.8,0.92,0.88
Quality-Control,24,CA-AOCP,0.9329073482428115,0.032907348242811496,4.7461393723465,5.443129503695431,2.0,0.7,0.88,0.94
Synthetic-CP,25,SplitCP,0.899,0.0010000000000000009,3.544373215991126,4.562544109107357,13.0,0.2,0.52,0.74
Synthetic-CP,25,NExCP,0.893,0.007000000000000006,3.578471273250605,4.537122485195832,8.0,0.3,0.72,0.86
Synthetic-CP,25,FACI,0.895,0.0050000000000000044,3.515596209334147,4.509114104548566,8.0,0.3,0.72,0.84
Synthetic-CP,25,SF-OGD,0.899,0.0010000000000000009,3.970475414424417,4.965472532955291,4.0,0.6,0.84,0.9
Synthetic-CP,25,SAOCP,0.904,0.0040000000000000036,4.079590021058074,4.902064653242658,1.0,0.8,0.92,0.92
Synthetic-CP,25,CA-AOCP,0.936,0.03600000000000003,4.023556248811091,4.577199542550599,0.0,0.9,0.92,0.94
Quality-Control,25,SplitCP,0.9073482428115016,0.007348242811501593,4.1911629097216725,5.547720087016458,5.0,0.4,0.76,0.88
Quality-Control,25,NExCP,0.9009584664536742,0.000958466453674145,4.122840987659685,5.550441697414187,4.0,0.6,0.84,0.92
Quality-Control,25,FACI,0.9009584664536742,0.000958466453674145,3.9903398011031253,5.54064912912764,2.0,0.7,0.88,0.92
Quality-Control,25,SF-OGD,0.9009584664536742,0.000958466453674145,5.076010875081108,6.348761560781587,1.0,0.8,0.92,0.92
Quality-Control,25,SAOCP,0.8945686900958466,0.005431309904153414,4.9333377353668935,6.286263595791451,0.0,0.9,0.92,0.92
Quality-Control,25,CA-AOCP,0.9361022364217252,0.036102236421725165,4.741397296929832,5.698805021454222,1.0,0.8,0.92,0.96
Synthetic-CP,26,SplitCP,0.92,0.020000000000000018,3.7102855291433046,4.550180915785979,15.0,0.2,0.56,0.76
Synthetic-CP,26,NExCP,0.89,0.010000000000000009,3.5905461321505245,4.531648615576663,8.0,0.4,0.72,0.86
Synthetic-CP,26,FACI,0.898,0.0020000000000000018,3.5777153319259876,4.504238340064858,8.0,0.3,0.68,0.82
Synthetic-CP,26,SF-OGD,0.9,0.0,3.9807856075554118,4.880732571484061,2.0,0.7,0.88,0.92
Synthetic-CP,26,SAOCP,0.9,0.0,3.9951015619409493,4.903381931157574,0.0,0.9,0.92,0.92
Synthetic-CP,26,CA-AOCP,0.93,0.030000000000000027,3.9682929616521627,4.514245189998104,1.0,0.8,0.92,0.94
Quality-Control,26,SplitCP,0.9297124600638977,0.029712460063897717,5.028903798955329,5.942439448264287,7.0,0.3,0.72,0.86
Quality-Control,26,NExCP,0.9073482428115016,0.007348242811501593,4.672147508332461,5.778098163447919,4.0,0.6,0.84,0.92
Quality-Control,26,FACI,0.9009584664536742,0.000958466453674145,4.616738312284774,5.591486616535747,4.0,0.6,0.84,0.9
Quality-Control,26,SF-OGD,0.9009584664536742,0.000958466453674145,4.861652525645312,5.975798920747402,0.0,0.9,0.92,0.92
Quality-Control,26,SAOCP,0.8977635782747604,0.0022364217252396346,4.6513661487027775,6.2644364504837595,0.0,0.9,0.92,0.9
Quality-Control,26,CA-AOCP,0.9137380191693291,0.013738019169329041,4.905973903427899,5.7767973675339634,0.0,0.9,0.92,0.96
Synthetic-CP,27,SplitCP,0.897,0.0030000000000000027,3.539281222626324,4.550361415964017,18.0,0.1,0.48,0.74
Synthetic-CP,27,NExCP,0.896,0.0040000000000000036,3.5217622817193357,4.530351576419792,5.0,0.4,0.76,0.88
Synthetic-CP,27,FACI,0.894,0.006000000000000005,3.4791816922477756,4.490463775161692,7.0,0.3,0.68,0.82
Synthetic-CP,27,SF-OGD,0.9,0.0,3.908603890946099,4.871481477644568,2.0,0.7,0.88,0.9
Synthetic-CP,27,SAOCP,0.906,0.006000000000000005,4.03722073661415,4.887187294579448,0.0,0.9,0.96,0.94
Synthetic-CP,27,CA-AOCP,0.941,0.040999999999999925,3.981463548399953,4.479584709795916,0.0,0.9,0.96,0.96
Quality-Control,27,SplitCP,0.9009584664536742,0.000958466453674145,4.051068637744451,5.217495102742997,6.0,0.5,0.8,0.86
Quality-Control,27,NExCP,0.8913738019169329,0.008626198083067083,4.045751345223555,5.220251791892923,6.0,0.5,0.8,0.86
Quality-Control,27,FACI,0.8945686900958466,0.005431309904153414,3.999352440136501,5.1622588204496225,5.0,0.6,0.8,0.86
Quality-Control,27,SF-OGD,0.8977635782747604,0.0022364217252396346,4.943615318518248,6.042824746404579,5.0,0.8,0.92,0.92
Quality-Control,27,SAOCP,0.8849840255591054,0.015015974440894642,4.681956860463974,6.128004654082465,1.0,0.8,0.84,0.84
Quality-Control,27,CA-AOCP,0.9265175718849841,0.026517571884984048,4.506482256874692,5.261095385345931,2.0,0.7,0.8,0.86
Synthetic-CP,28,SplitCP,0.903,0.0030000000000000027,3.27328806242774,4.392906689916652,13.0,0.0,0.52,0.74
Synthetic-CP,28,NExCP,0.897,0.0030000000000000027,3.299345580040812,4.354402900987675,4.0,0.5,0.8,0.88
Synthetic-CP,28,FACI,0.904,0.0040000000000000036,3.2832232075297907,4.33746157280959,7.0,0.2,0.68,0.82
Synthetic-CP,28,SF-OGD,0.9,0.0,3.7265910906711843,4.78225895271857,1.0,0.8,0.92,0.94
Synthetic-CP,28,SAOCP,0.906,0.006000000000000005,3.869862061308983,4.810899427699237,1.0,0.8,0.92,0.94
Synthetic-CP,28,CA-AOCP,0.935,0.03500000000000003,3.809592416332446,4.424772605336097,0.0,0.9,0.96,0.96
Quality-Control,28,SplitCP,0.8945686900958466,0.005431309904153414,4.151149744044417,5.581810703898494,12.0,0.3,0.6,0.78
Quality-Control,28,NExCP,0.8913738019169329,0.008626198083067083,4.05741415292267,5.448935352160362,9.0,0.5,0.76,0.88
Quality-Control,28,FACI,0.8945686900958466,0.005431309904153414,4.079009912094036,5.4781652093080435,9.0,0.5,0.76,0.86
Quality-Control,28,SF-OGD,0.8977635782747604,0.0022364217252396346,4.658959144548053,6.045542124089494,0.0,0.9,0.88,0.92
Quality-Control,28,SAOCP,0.8881789137380192,0.011821086261980862,4.60804091938318,5.909606664248694,1.0,0.8,0.88,0.9
Quality-Control,28,CA-AOCP,0.9169329073482428,0.01693290734824282,4.567332964388963,5.468351070449891,1.0,0.8,0.88,0.92
Synthetic-CP,29,SplitCP,0.901,0.0010000000000000009,3.5331356675878713,4.568450523485249,11.0,0.2,0.6,0.76
Synthetic-CP,29,NExCP,0.887,0.013000000000000012,3.4579792200152357,4.575963919273056,7.0,0.3,0.68,0.84
Synthetic-CP,29,FACI,0.897,0.0030000000000000027,3.490646481177043,4.506130630581856,8.0,0.2,0.64,0.76
Synthetic-CP,29,SF-OGD,0.899,0.0010000000000000009,4.0116048779600835,4.861542048428424,3.0,0.6,0.84,0.88
Synthetic-CP,29,SAOCP,0.917,0.017000000000000015,4.127201187779563,5.032722861409283,0.0,0.9,0.96,0.94
Synthetic-CP,29,CA-AOCP,0.931,0.031000000000000028,4.018021516395301,4.56040821655405,0.0,0.9,0.96,0.88
Quality-Control,29,SplitCP,0.8945686900958466,0.005431309904153414,4.44668165368992,5.684971558564431,7.0,0.4,0.76,0.88
Quality-Control,29,NExCP,0.8817891373801917,0.01821086261980831,4.168243394702934,5.522461015443483,6.0,0.6,0.84,0.92
Quality-Control,29,FACI,0.8977635782747604,0.0022364217252396346,4.207966469947242,5.43350598433795,3.0,0.7,0.88,0.92
Quality-Control,29,SF-OGD,0.9009584664536742,0.000958466453674145,4.659918721880951,6.01222084673498,1.0,0.8,0.88,0.9
Quality-Control,29,SAOCP,0.9009584664536742,0.000958466453674145,4.922925330495424,6.208247828950654,1.0,0.8,0.92,0.94
Quality-Control,29,CA-AOCP,0.9233226837060703,0.02332268370607027,4.757855507927342,5.554215938124744,1.0,0.8,0.92,0.9
