Dataset,Method,n_seeds,coverage_mean,coverage_se,coverage_ci_lo,coverage_ci_hi,coverage_n,cov_gap_mean,cov_gap_se,cov_gap_ci_lo,cov_gap_ci_hi,cov_gap_n,mean_width_mean,mean_width_se,mean_width_ci_lo,mean_width_ci_hi,mean_width_n,winkler_mean,winkler_se,winkler_ci_lo,winkler_ci_hi,winkler_n,recovery_step_mean,recovery_step_se,recovery_step_ci_lo,recovery_step_ci_hi,recovery_step_n,postcov10_mean,postcov10_se,postcov10_ci_lo,postcov10_ci_hi,postcov10_n,postcov25_mean,postcov25_se,postcov25_ci_lo,postcov25_ci_hi,postcov25_n,postcov50_mean,postcov50_se,postcov50_ci_lo,postcov50_ci_hi,postcov50_n,false_alarm_rate_mean,false_alarm_rate_se,false_alarm_rate_ci_lo,false_alarm_rate_ci_hi,false_alarm_rate_n,cp_delay_mean,cp_delay_se,cp_delay_ci_lo,cp_delay_ci_hi,cp_delay_n
Synthetic-CP,ACI,30,0.9416666666666668,0.00143785706876294,0.9389000000000001,0.9443666666666668,30,0.04166666666666658,0.0014378570687629399,0.03889999999999994,0.044366666666666575,30,3.987259604259182,0.027552958490920886,3.9325792672670237,4.0388752254383595,30,4.629531223863396,0.024600720648607757,4.58250588954438,4.676133619435212,30,11.533333333333333,0.5290054284173454,10.6,12.566666666666666,30,0.17,0.02152250893377902,0.1266666666666667,0.2133333333333333,30,0.5906666666666668,0.01009077572782549,0.572,0.6106666666666667,30,0.7826666666666668,0.005140180535613249,0.7726666666666667,0.7926666666666669,30,,,,,0,,,,,0
Synthetic-CP,EWMA-ACI,30,0.9403666666666666,0.0008213856155922779,0.9388,0.9418675000000001,30,0.040366666666666585,0.0008213856155922779,0.03879999999999993,0.04186749999999992,30,3.9922439017225853,0.01844844845828754,3.956079425771108,4.026039520854221,30,4.589963325463448,0.021927807965611966,4.54851674310647,4.631543970477258,30,7.3,0.35282114253639857,6.6325,8.0,30,0.3333333333333334,0.019377278632539324,0.29333333333333333,0.3733333333333333,30,0.7133333333333333,0.00837804099304999,0.6973333333333332,0.7293333333333334,30,0.8493333333333334,0.004150428127295638,0.8413333333333333,0.8573333333333333,30,,,,,0,,,,,0
Synthetic-CP,BOCPD-weighted CP,30,0.8863,0.0008265007249094602,0.8847658333333333,0.8878,30,0.013700000000000002,0.0008265007249094596,0.0122,0.015234166666666665,30,3.3900386805511866,0.01726177034368324,3.3558164605983998,3.4236853117055754,30,4.446109661946446,0.024324734329648403,4.399002532667608,4.492629233134226,30,0.8333333333333334,0.17342614668062717,0.5,1.1666666666666667,30,0.8166666666666665,0.017342614668062722,0.7833333333333332,0.8499999999999998,30,0.916,0.00821548859615563,0.9000000000000001,0.9306666666666669,30,0.8973333333333335,0.00856259351264763,0.8813333333333334,0.9146666666666667,30,0.004962962962962934,0.0009919976868037054,0.003259259259259233,0.006962962962962932,30,21.26086956521739,15.884242495297798,0.0,55.0,23
Synthetic-CP,BOCPD-weighted ACI,30,0.9291333333333334,0.0009131646794531464,0.9272666666666668,0.9308675000000002,30,0.029133333333333337,0.0009131646794531457,0.02726666666666667,0.0308675,30,3.903368998427541,0.017151599437761733,3.871630663800178,3.9359490050961554,30,4.5405441452294335,0.024945625439129305,4.493825888057127,4.587363490044602,30,0.7666666666666667,0.16388483013352004,0.4666666666666667,1.1,30,0.8233333333333331,0.016388483013352006,0.7899999999999999,0.8533333333333333,30,0.9200000000000002,0.007671412823766143,0.9040000000000002,0.9333333333333336,30,0.9160000000000001,0.006671262783494349,0.9033333333333335,0.9286666666666668,30,0.004962962962962934,0.0009919976868037054,0.003259259259259233,0.006962962962962932,30,21.26086956521739,15.884242495297798,0.0,55.0,23
Synthetic-CP,CA-AOCP w/o ACI,30,0.8863333333333333,0.0008621455904643308,0.8847,0.8879666666666667,30,0.013666666666666669,0.0008621455904643301,0.012033333333333337,0.015300000000000003,30,3.3881786363218334,0.016923572612980393,3.354706404251694,3.420973357911769,30,4.448943072647979,0.024269635535794986,4.4019274852849675,4.495009487074392,30,0.8333333333333334,0.17342614668062717,0.5,1.1666666666666667,30,0.8166666666666665,0.017342614668062722,0.7833333333333332,0.8499999999999998,30,0.916,0.00821548859615563,0.9000000000000001,0.9306666666666669,30,0.8980000000000001,0.008378955576426227,0.8826499999999999,0.9146833333333334,30,0.004962962962962934,0.0009919976868037054,0.003259259259259233,0.006962962962962932,30,21.26086956521739,15.884242495297798,0.0,55.0,23
Synthetic-CP,Full CA-AOCP,30,0.9285999999999999,0.0009066801892162641,0.9268666666666667,0.9303000000000001,30,0.0286,0.0009066801892162634,0.026866666666666667,0.030299999999999997,30,3.9063618732029677,0.016603642288256424,3.875572647580369,3.9376741511363873,30,4.543335486061187,0.024348546665636076,4.4971173568169815,4.589416690071997,30,0.7666666666666667,0.16388483013352004,0.4666666666666667,1.1,30,0.8233333333333331,0.016388483013352006,0.7899999999999999,0.8533333333333333,30,0.9200000000000002,0.007671412823766143,0.9040000000000002,0.9333333333333336,30,0.9153333333333334,0.006690761057226913,0.9026666666666667,0.9280000000000002,30,0.004962962962962934,0.0009919976868037054,0.003259259259259233,0.006962962962962932,30,21.26086956521739,15.884242495297798,0.0,55.0,23
Synthetic-CP,Hard-reset CP,30,0.8876000000000001,0.0013709632489184607,0.8849,0.8902333333333332,30,0.012400000000000003,0.0013709632489184594,0.009766666666666668,0.015100000000000002,30,3.456672793592223,0.017237317018295378,3.424543996419324,3.4910972743460498,30,4.492125861674507,0.026851203645391588,4.440283268844603,4.540421084564235,30,0.8666666666666667,0.16423513654705058,0.5658333333333334,1.2,30,0.8133333333333331,0.016423513654705065,0.78,0.8434166666666663,30,0.9026666666666668,0.008289771197892615,0.8866666666666667,0.9186666666666667,30,0.8880000000000002,0.008337700005355815,0.872,0.9046666666666668,30,0.004962962962962934,0.0009919976868037054,0.003259259259259233,0.006962962962962932,30,21.26086956521739,15.884242495297798,0.0,55.0,23
Synthetic-CP,Hard-reset ACI,30,0.9323000000000002,0.0010582462177920874,0.9302333333333334,0.9343341666666666,30,0.03229999999999999,0.0010582462177920868,0.030233333333333327,0.034334166666666645,30,3.991754978943836,0.016500583456375333,3.961179450462447,4.024174021556946,30,4.598973709941081,0.026302755300409073,4.549879905544721,4.647283016343486,30,0.7666666666666667,0.16388483013352004,0.4666666666666667,1.1,30,0.8233333333333331,0.016388483013352006,0.7899999999999999,0.8533333333333333,30,0.9093333333333334,0.00834504923552252,0.8933333333333333,0.9253333333333335,30,0.9113333333333334,0.0073458618162714415,0.8973333333333333,0.926,30,0.004962962962962934,0.0009919976868037054,0.003259259259259233,0.006962962962962932,30,21.26086956521739,15.884242495297798,0.0,55.0,23
Quality-Control,ACI,30,0.9336528221512245,0.002076088725628384,0.9294968051118209,0.9374866879659212,30,0.03365282215122461,0.0020760887256283784,0.029496805111820987,0.037486687965921105,30,4.5999924779624655,0.05257920354176366,4.499609087395963,4.6973727029958985,30,5.42057491851221,0.05072976395996673,5.3226883562713185,5.51864154456236,30,4.666666666666667,0.42973751232806723,3.8666666666666667,5.500833333333329,30,0.55,0.024798034775675912,0.5033333333333333,0.5933333333333334,30,0.8000000000000002,0.012129568697262455,0.7773333333333333,0.8226666666666667,30,0.8873333333333334,0.007206850721224054,0.8733333333333333,0.9000000000000002,30,,,,,0,,,,,0
Quality-Control,EWMA-ACI,30,0.9332268370607026,0.00154972613612807,0.9302422790202342,0.9361022364217252,30,0.03322683706070279,0.0015497261361280658,0.030242279020234204,0.036102236421725165,30,4.602783182583952,0.04517625769103444,4.516118622282858,4.688866036587688,30,5.404029752283319,0.049221186649226964,5.310452778860149,5.496665706622739,30,4.3,0.37798619448121484,3.6,5.066666666666666,30,0.5866666666666666,0.019018039429835796,0.55,0.62,30,0.8186666666666667,0.00873272788986737,0.8026666666666669,0.8346666666666667,30,0.9000000000000001,0.004889585460651188,0.8913333333333333,0.9093333333333333,30,,,,,0,,,,,0
Quality-Control,BOCPD-weighted CP,30,0.882108626198083,0.002268714534434712,0.8776357827476039,0.8863711395101173,30,0.018296059637912646,0.0021545490108922493,0.014270500532481321,0.022493077742279,30,3.9898004223275407,0.03924166196318872,3.909281908661489,4.062743842470226,30,5.303307195444298,0.05297531194283524,5.200224203568765,5.401010519082728,30,1.8333333333333333,0.2540853930732345,1.3666666666666667,2.3333333333333335,30,0.7300000000000001,0.020981655917907707,0.6900000000000001,0.7699999999999998,30,0.8746666666666668,0.00914422540391191,0.8573333333333334,0.892,30,0.888,0.008820039877930022,0.8706666666666669,0.9040000000000001,30,0.00884353741496597,0.002383464376426089,0.004761904761904749,0.013605442176870729,30,38.46153846153846,17.41632574244246,8.461538461538462,74.23076923076923,13
Quality-Control,BOCPD-weighted ACI,30,0.9194888178913739,0.0017085245521363175,0.9160782747603834,0.9226837060702877,30,0.019637912673056358,0.001648604810980634,0.01637912673056434,0.0227902023429179,30,4.50898724069326,0.040637746247959156,4.427722432551098,4.583215994866447,30,5.382449667587513,0.05622671281449619,5.273930161169499,5.488601249358136,30,1.2333333333333334,0.18987796040284216,0.9,1.6,30,0.7866666666666666,0.01710907088399046,0.7533333333333333,0.8166666666666668,30,0.9000000000000001,0.0076112439510738735,0.8853333333333335,0.9133333333333337,30,0.9159999999999999,0.006461201624835862,0.9033333333333334,0.9280166666666668,30,0.00884353741496597,0.002383464376426089,0.004761904761904749,0.013605442176870729,30,38.46153846153846,17.41632574244246,8.461538461538462,74.23076923076923,13
Quality-Control,CA-AOCP w/o ACI,30,0.8816826411075613,0.002227661029840031,0.8771033013844516,0.8860489882854098,30,0.0184451544195953,0.0021909976587898804,0.014205005324813611,0.02289669861554843,30,3.9830240714011036,0.038596075927037295,3.90266560221326,4.055280541928904,30,5.3067121000987445,0.053494087001037575,5.202553658017485,5.407146105531191,30,1.7666666666666666,0.2567853136727403,1.3,2.2666666666666666,30,0.7366666666666668,0.021163476092232902,0.6966666666666668,0.7734166666666664,30,0.8773333333333336,0.009382465099375334,0.86,0.8946666666666668,30,0.8866666666666667,0.008858184517732261,0.8693333333333334,0.9026666666666667,30,0.00884353741496597,0.002383464376426089,0.004761904761904749,0.013605442176870729,30,38.46153846153846,17.41632574244246,8.461538461538462,74.23076923076923,13
Quality-Control,Full CA-AOCP,30,0.9189563365282216,0.0015954843351972325,0.9158652822151223,0.9220447284345048,30,0.018956336528221422,0.0015954843351972338,0.015865282215122366,0.02204472843450471,30,4.50732076478333,0.04028656735679702,4.427228271394805,4.581713010907946,30,5.3810297843800905,0.057307847240010625,5.2712191749531225,5.490611182498528,30,1.2333333333333334,0.18987796040284216,0.9,1.6,30,0.7866666666666666,0.01710907088399046,0.7533333333333333,0.8166666666666668,30,0.9000000000000001,0.0076112439510738735,0.8853333333333335,0.9133333333333337,30,0.9159999999999999,0.006461201624835862,0.9039999999999999,0.9280000000000003,30,0.00884353741496597,0.002383464376426089,0.004761904761904749,0.013605442176870729,30,38.46153846153846,17.41632574244246,8.461538461538462,74.23076923076923,13
Quality-Control,Hard-reset CP,30,0.8801916932907348,0.00253447550299159,0.8751863684771032,0.8850905218317359,30,0.02057507987220446,0.0023142625184397374,0.01627050053248135,0.02515441959531415,30,4.033256879078909,0.04023484381767046,3.950887341174269,4.108025171263994,30,5.385891742513253,0.05821412624809187,5.276056716787151,5.4911608322584184,30,1.4666666666666666,0.23357950888975698,1.0333333333333334,1.9333333333333333,30,0.7666666666666668,0.019961649053878084,0.7266666666666667,0.8033333333333331,30,0.8786666666666668,0.009293840913594502,0.8613,0.8960000000000001,30,0.878,0.00974856311251154,0.8593333333333334,0.8960166666666667,30,0.00884353741496597,0.002383464376426089,0.004761904761904749,0.013605442176870729,30,38.46153846153846,17.41632574244246,8.461538461538462,74.23076923076923,13
Quality-Control,Hard-reset ACI,30,0.9174653887113952,0.00219903665805715,0.9133120340788072,0.921618743343983,30,0.01861554845580399,0.0018452012600315138,0.015058572949946699,0.022194888178913682,30,4.537112601185069,0.04184742073268169,4.45463677777071,4.614140904144608,30,5.43861343185456,0.06287410717794088,5.3190653046625345,5.555468022117216,30,1.3,0.20981655917907704,0.9333333333333333,1.7,30,0.7866666666666667,0.018403731089310746,0.75,0.82,30,0.8893333333333334,0.00913416390216263,0.872,0.9066666666666667,30,0.9026666666666666,0.00823412207120619,0.8860000000000003,0.9186666666666666,30,0.00884353741496597,0.002383464376426089,0.004761904761904749,0.013605442176870729,30,38.46153846153846,17.41632574244246,8.461538461538462,74.23076923076923,13
