Method,coverage,cov_gap,mean_width,winkler,recovery_step,postcov10,postcov25,postcov50,false_alarm_rate,cp_delay,Dataset,seed
ACI,0.93,0.030000000000000027,3.839054321324392,4.617795431969979,17.0,0.1,0.52,0.76,,,Synthetic-CP,0
EWMA-ACI,0.937,0.03700000000000003,3.8440126806222636,4.557647177031665,8.0,0.3,0.72,0.86,,,Synthetic-CP,0
BOCPD-weighted CP,0.884,0.016000000000000014,3.2316881775539974,4.408520593203004,0.0,0.9,0.96,0.9,0.0044444444444444444,0.0,Synthetic-CP,0
BOCPD-weighted ACI,0.933,0.03300000000000003,3.8306755059475326,4.5311474656062,0.0,0.9,0.96,0.94,0.0044444444444444444,0.0,Synthetic-CP,0
CA-AOCP w/o ACI,0.883,0.017000000000000015,3.2292639409030515,4.409177845007107,0.0,0.9,0.96,0.9,0.0044444444444444444,0.0,Synthetic-CP,0
Full CA-AOCP,0.932,0.03200000000000003,3.8307186754957594,4.54373548816324,0.0,0.9,0.96,0.94,0.0044444444444444444,0.0,Synthetic-CP,0
Hard-reset CP,0.876,0.02400000000000002,3.1848021579114474,4.445568553924864,0.0,0.9,0.96,0.9,0.0044444444444444444,0.0,Synthetic-CP,0
Hard-reset ACI,0.933,0.03300000000000003,3.849831551022213,4.542614687679343,0.0,0.9,0.96,0.92,0.0044444444444444444,0.0,Synthetic-CP,0
ACI,0.9105431309904153,0.010543130990415261,4.303174284992989,5.22721746159736,3.0,0.6,0.84,0.92,,,Quality-Control,0
EWMA-ACI,0.9201277955271565,0.02012779552715649,4.435859786333002,5.289945499901691,3.0,0.6,0.84,0.92,,,Quality-Control,0
BOCPD-weighted CP,0.8785942492012779,0.02140575079872209,3.9422987596163512,5.259317026037097,1.0,0.8,0.92,0.96,0.0,155.0,Quality-Control,0
BOCPD-weighted ACI,0.9169329073482428,0.01693290734824282,4.499359676312138,5.386765535708709,1.0,0.8,0.92,0.96,0.0,155.0,Quality-Control,0
CA-AOCP w/o ACI,0.8817891373801917,0.01821086261980831,3.9367169615680786,5.269286399898423,1.0,0.8,0.92,0.94,0.0,155.0,Quality-Control,0
Full CA-AOCP,0.9169329073482428,0.01693290734824282,4.49382821064812,5.381838554468889,1.0,0.8,0.92,0.96,0.0,155.0,Quality-Control,0
Hard-reset CP,0.8785942492012779,0.02140575079872209,4.002728505474877,5.388881724053821,1.0,0.8,0.92,0.94,0.0,155.0,Quality-Control,0
Hard-reset ACI,0.9169329073482428,0.01693290734824282,4.573220489672456,5.44844365730487,1.0,0.8,0.92,0.94,0.0,155.0,Quality-Control,0
ACI,0.939,0.038999999999999924,3.8415508123911013,4.538201267920527,10.0,0.0,0.52,0.76,,,Synthetic-CP,1
EWMA-ACI,0.939,0.038999999999999924,3.925431434953811,4.55701628777669,10.0,0.3,0.68,0.84,,,Synthetic-CP,1
BOCPD-weighted CP,0.888,0.01200000000000001,3.340416497866114,4.508243875909321,1.0,0.8,0.92,0.94,0.0044444444444444444,,Synthetic-CP,1
BOCPD-weighted ACI,0.932,0.03200000000000003,3.9037402474807874,4.556814562469939,1.0,0.8,0.92,0.96,0.0044444444444444444,,Synthetic-CP,1
CA-AOCP w/o ACI,0.887,0.013000000000000012,3.3495944045236397,4.498880996125201,1.0,0.8,0.92,0.94,0.0044444444444444444,,Synthetic-CP,1
Full CA-AOCP,0.932,0.03200000000000003,3.893954948629245,4.550157011205305,1.0,0.8,0.92,0.96,0.0044444444444444444,,Synthetic-CP,1
Hard-reset CP,0.873,0.027000000000000024,3.2361517513586606,4.517640702615086,1.0,0.8,0.88,0.9,0.0044444444444444444,,Synthetic-CP,1
Hard-reset ACI,0.931,0.031000000000000028,3.9035365464345246,4.5708420980308695,1.0,0.8,0.88,0.94,0.0044444444444444444,,Synthetic-CP,1
ACI,0.939297124600639,0.039297124600638944,4.301653002702112,5.290862247226416,3.0,0.6,0.84,0.88,,,Quality-Control,1
EWMA-ACI,0.939297124600639,0.039297124600638944,4.3082310395966195,5.283521263769925,3.0,0.7,0.88,0.9,,,Quality-Control,1
BOCPD-weighted CP,0.8817891373801917,0.01821086261980831,3.725542071328711,5.126892749820731,1.0,0.8,0.92,0.92,0.0,0.0,Quality-Control,1
BOCPD-weighted ACI,0.9329073482428115,0.032907348242811496,4.268350290231984,5.302574215614184,1.0,0.8,0.92,0.92,0.0,0.0,Quality-Control,1
CA-AOCP w/o ACI,0.8849840255591054,0.015015974440894642,3.7293089786516345,5.1315931901774725,1.0,0.8,0.92,0.92,0.0,0.0,Quality-Control,1
Full CA-AOCP,0.9233226837060703,0.02332268370607027,4.27291944615389,5.35996348700164,1.0,0.8,0.92,0.92,0.0,0.0,Quality-Control,1
Hard-reset CP,0.8785942492012779,0.02140575079872209,3.7273285229554753,5.216933698379773,1.0,0.8,0.88,0.9,0.0,0.0,Quality-Control,1
Hard-reset ACI,0.9297124600638977,0.029712460063897717,4.341195493134978,5.38499363072989,1.0,0.8,0.88,0.9,0.0,0.0,Quality-Control,1
ACI,0.937,0.03700000000000003,4.034833354352445,4.7620230972040005,14.0,0.0,0.52,0.76,,,Synthetic-CP,2
EWMA-ACI,0.945,0.04499999999999993,4.107753461992143,4.710310868968571,7.0,0.3,0.72,0.86,,,Synthetic-CP,2
BOCPD-weighted CP,0.895,0.0050000000000000044,3.5170125491272444,4.540445605764722,1.0,0.8,0.92,0.9,0.0,,Synthetic-CP,2
BOCPD-weighted ACI,0.934,0.03400000000000003,4.0966949183908,4.685658953350413,1.0,0.8,0.92,0.9,0.0,,Synthetic-CP,2
CA-AOCP w/o ACI,0.895,0.0050000000000000044,3.513852474222315,4.5377010332321985,1.0,0.8,0.92,0.9,0.0,,Synthetic-CP,2
Full CA-AOCP,0.932,0.03200000000000003,4.075957713981048,4.693210466712596,1.0,0.8,0.92,0.9,0.0,,Synthetic-CP,2
Hard-reset CP,0.887,0.013000000000000012,3.4403468685883882,4.517469467561208,1.0,0.8,0.92,0.94,0.0,,Synthetic-CP,2
Hard-reset ACI,0.938,0.03799999999999992,4.114272977006779,4.7033595409534374,1.0,0.8,0.92,0.94,0.0,,Synthetic-CP,2
ACI,0.9424920127795527,0.042492012779552724,4.762289661922869,5.468337468978389,2.0,0.7,0.88,0.94,,,Quality-Control,2
EWMA-ACI,0.9361022364217252,0.036102236421725165,4.7328097972953955,5.474746749981437,2.0,0.7,0.88,0.94,,,Quality-Control,2
BOCPD-weighted CP,0.8913738019169329,0.008626198083067083,4.045198144787943,5.366569999941624,1.0,0.8,0.92,0.86,0.0,,Quality-Control,2
BOCPD-weighted ACI,0.9201277955271565,0.02012779552715649,4.65790379449158,5.5084998107967476,1.0,0.8,0.92,0.88,0.0,,Quality-Control,2
CA-AOCP w/o ACI,0.8913738019169329,0.008626198083067083,4.031280925268739,5.3646467561793045,1.0,0.8,0.92,0.86,0.0,,Quality-Control,2
Full CA-AOCP,0.9201277955271565,0.02012779552715649,4.631437582014028,5.529432629371411,1.0,0.8,0.92,0.88,0.0,,Quality-Control,2
Hard-reset CP,0.8881789137380192,0.011821086261980862,3.9532560439251174,5.43133786780775,1.0,0.8,0.88,0.84,0.0,,Quality-Control,2
Hard-reset ACI,0.9169329073482428,0.01693290734824282,4.6623308306806575,5.61914090779959,1.0,0.8,0.88,0.88,0.0,,Quality-Control,2
ACI,0.952,0.051999999999999935,4.100722015370822,4.809804307731938,9.0,0.2,0.64,0.82,,,Synthetic-CP,3
EWMA-ACI,0.946,0.04599999999999993,4.050603592699241,4.7671211295764,5.0,0.4,0.76,0.88,,,Synthetic-CP,3
BOCPD-weighted CP,0.881,0.019000000000000017,3.3956410259670338,4.6208774559519,1.0,0.8,0.92,0.84,0.0,0.0,Synthetic-CP,3
BOCPD-weighted ACI,0.928,0.028000000000000025,3.975378234284967,4.74928684181911,1.0,0.8,0.92,0.86,0.0,0.0,Synthetic-CP,3
CA-AOCP w/o ACI,0.883,0.017000000000000015,3.4090752670954005,4.632099889346615,1.0,0.8,0.92,0.84,0.0,0.0,Synthetic-CP,3
Full CA-AOCP,0.928,0.028000000000000025,3.969553975201956,4.738570000797277,1.0,0.8,0.92,0.86,0.0,0.0,Synthetic-CP,3
Hard-reset CP,0.872,0.028000000000000025,3.331205903164883,4.601432035114202,1.0,0.8,0.92,0.84,0.0,0.0,Synthetic-CP,3
Hard-reset ACI,0.929,0.029000000000000026,3.98276828956804,4.7591051057232905,1.0,0.8,0.92,0.86,0.0,0.0,Synthetic-CP,3
ACI,0.9456869009584664,0.04568690095846639,5.0332056765995405,6.020706733445841,3.0,0.6,0.84,0.92,,,Quality-Control,3
EWMA-ACI,0.9424920127795527,0.042492012779552724,4.967307287560143,5.987048215461916,3.0,0.6,0.84,0.92,,,Quality-Control,3
BOCPD-weighted CP,0.8945686900958466,0.005431309904153414,4.2314171813413415,5.843558997588127,1.0,0.8,0.92,0.96,0.0,0.0,Quality-Control,3
BOCPD-weighted ACI,0.9361022364217252,0.036102236421725165,4.806283969541456,6.032747920031075,0.0,0.9,0.96,0.98,0.0,0.0,Quality-Control,3
CA-AOCP w/o ACI,0.8945686900958466,0.005431309904153414,4.215788823304768,5.838523346378564,1.0,0.8,0.92,0.96,0.0,0.0,Quality-Control,3
Full CA-AOCP,0.9329073482428115,0.032907348242811496,4.798115037396929,6.049330151634572,0.0,0.9,0.96,0.98,0.0,0.0,Quality-Control,3
Hard-reset CP,0.8945686900958466,0.005431309904153414,4.2206255112859505,5.814538803145596,0.0,0.9,0.96,0.98,0.0,0.0,Quality-Control,3
Hard-reset ACI,0.9361022364217252,0.036102236421725165,4.782423294583992,5.936845421682926,0.0,0.9,0.96,0.98,0.0,0.0,Quality-Control,3
ACI,0.94,0.039999999999999925,4.066266348481054,4.746191495322619,17.0,0.0,0.52,0.74,,,Synthetic-CP,4
EWMA-ACI,0.941,0.040999999999999925,4.09259208152816,4.685401380640535,6.0,0.3,0.72,0.84,,,Synthetic-CP,4
BOCPD-weighted CP,0.889,0.01100000000000001,3.424539641131017,4.484147797949908,2.0,0.7,0.88,0.82,0.0,,Synthetic-CP,4
BOCPD-weighted ACI,0.936,0.03600000000000003,4.0198419619789405,4.6256250056457855,2.0,0.7,0.88,0.86,0.0,,Synthetic-CP,4
CA-AOCP w/o ACI,0.893,0.007000000000000006,3.4424762738998385,4.493899300569097,2.0,0.7,0.88,0.84,0.0,,Synthetic-CP,4
Full CA-AOCP,0.934,0.03400000000000003,4.002625607445259,4.616221170109275,2.0,0.7,0.88,0.86,0.0,,Synthetic-CP,4
Hard-reset CP,0.884,0.016000000000000014,3.352439026774214,4.480891873784947,2.0,0.7,0.88,0.82,0.0,,Synthetic-CP,4
Hard-reset ACI,0.934,0.03400000000000003,4.005744714033154,4.628661556733324,2.0,0.7,0.88,0.84,0.0,,Synthetic-CP,4
ACI,0.9488817891373802,0.04888178913738017,4.627871549746245,5.51053015322546,3.0,0.6,0.8,0.88,,,Quality-Control,4
EWMA-ACI,0.9456869009584664,0.04568690095846639,4.643893324887064,5.506897825392546,3.0,0.6,0.8,0.88,,,Quality-Control,4
BOCPD-weighted CP,0.9073482428115016,0.007348242811501593,4.13791051877242,5.311120459332017,1.0,0.8,0.92,0.94,0.0,,Quality-Control,4
BOCPD-weighted ACI,0.939297124600639,0.039297124600638944,4.582435812650306,5.343010740005715,1.0,0.8,0.92,0.94,0.0,,Quality-Control,4
CA-AOCP w/o ACI,0.9073482428115016,0.007348242811501593,4.138027308525282,5.295056983486115,1.0,0.8,0.92,0.94,0.0,,Quality-Control,4
Full CA-AOCP,0.9361022364217252,0.036102236421725165,4.561996203735954,5.3564306559104695,1.0,0.8,0.92,0.94,0.0,,Quality-Control,4
Hard-reset CP,0.9009584664536742,0.000958466453674145,4.072769879910723,5.3685887735369215,1.0,0.8,0.88,0.92,0.0,,Quality-Control,4
Hard-reset ACI,0.9361022364217252,0.036102236421725165,4.5727125430211295,5.468946860120621,1.0,0.8,0.88,0.92,0.0,,Quality-Control,4
ACI,0.931,0.031000000000000028,3.7761520441853222,4.440272572459393,15.0,0.2,0.56,0.78,,,Synthetic-CP,5
EWMA-ACI,0.937,0.03700000000000003,3.926181257429545,4.466772283381271,6.0,0.4,0.76,0.88,,,Synthetic-CP,5
BOCPD-weighted CP,0.892,0.008000000000000007,3.3349807367081477,4.298441035140107,2.0,0.7,0.88,0.9,0.0,,Synthetic-CP,5
BOCPD-weighted ACI,0.935,0.03500000000000003,3.8599086353641323,4.361389311818364,2.0,0.7,0.88,0.9,0.0,,Synthetic-CP,5
CA-AOCP w/o ACI,0.892,0.008000000000000007,3.340699655573295,4.305994351220075,2.0,0.7,0.88,0.9,0.0,,Synthetic-CP,5
Full CA-AOCP,0.935,0.03500000000000003,3.844114329291404,4.354614206052114,2.0,0.7,0.88,0.9,0.0,,Synthetic-CP,5
Hard-reset CP,0.883,0.017000000000000015,3.234851036171056,4.269118818401716,2.0,0.7,0.88,0.88,0.0,,Synthetic-CP,5
Hard-reset ACI,0.935,0.03500000000000003,3.8497411236157566,4.355712056778596,2.0,0.7,0.88,0.9,0.0,,Synthetic-CP,5
ACI,0.9233226837060703,0.02332268370607027,4.140474185154959,4.871571145315032,3.0,0.7,0.84,0.86,,,Quality-Control,5
EWMA-ACI,0.9233226837060703,0.02332268370607027,4.2291156762671145,4.906586633513028,3.0,0.7,0.84,0.88,,,Quality-Control,5
BOCPD-weighted CP,0.9041533546325878,0.0041533546325878135,3.8499765027011406,4.846238368468019,0.0,0.9,0.92,0.92,0.0,,Quality-Control,5
BOCPD-weighted ACI,0.9329073482428115,0.032907348242811496,4.3468054061924235,4.97825417992659,0.0,0.9,0.92,0.92,0.0,,Quality-Control,5
CA-AOCP w/o ACI,0.9009584664536742,0.000958466453674145,3.841000690490822,4.838730657503775,0.0,0.9,0.92,0.9,0.0,,Quality-Control,5
Full CA-AOCP,0.9329073482428115,0.032907348242811496,4.323667840433007,4.9818252766759175,0.0,0.9,0.92,0.92,0.0,,Quality-Control,5
Hard-reset CP,0.8849840255591054,0.015015974440894642,3.734875694466022,4.8637394238376155,1.0,0.8,0.84,0.84,0.0,,Quality-Control,5
Hard-reset ACI,0.9329073482428115,0.032907348242811496,4.316936398080037,4.960958522685769,0.0,0.9,0.92,0.92,0.0,,Quality-Control,5
ACI,0.942,0.041999999999999926,3.915692775889089,4.5713822396516095,9.0,0.0,0.56,0.74,,,Synthetic-CP,6
EWMA-ACI,0.94,0.039999999999999925,3.9227291429806175,4.484262293392591,9.0,0.3,0.72,0.86,,,Synthetic-CP,6
BOCPD-weighted CP,0.879,0.02100000000000002,3.293275303529411,4.3628750172094115,3.0,0.6,0.8,0.82,0.0,,Synthetic-CP,6
BOCPD-weighted ACI,0.924,0.02400000000000002,3.8309774096360982,4.458367728655883,3.0,0.6,0.8,0.86,0.0,,Synthetic-CP,6
CA-AOCP w/o ACI,0.883,0.017000000000000015,3.3001149777247716,4.354079625480263,3.0,0.6,0.8,0.82,0.0,,Synthetic-CP,6
Full CA-AOCP,0.924,0.02400000000000002,3.8149015660046235,4.454036359725417,3.0,0.6,0.8,0.86,0.0,,Synthetic-CP,6
Hard-reset CP,0.871,0.029000000000000026,3.2515108274249496,4.382038181948669,3.0,0.6,0.8,0.84,0.0,,Synthetic-CP,6
Hard-reset ACI,0.926,0.026000000000000023,3.8509841830250995,4.453391539155531,3.0,0.6,0.8,0.86,0.0,,Synthetic-CP,6
ACI,0.9456869009584664,0.04568690095846639,4.423299138928606,5.317744982110554,7.0,0.4,0.72,0.86,,,Quality-Control,6
EWMA-ACI,0.9456869009584664,0.04568690095846639,4.415518424873575,5.272576040094262,5.0,0.5,0.76,0.88,,,Quality-Control,6
BOCPD-weighted CP,0.8722044728434505,0.027795527156549538,4.030226909579632,5.1638408557895525,1.0,0.8,0.84,0.82,0.0,,Quality-Control,6
BOCPD-weighted ACI,0.9297124600638977,0.029712460063897717,4.410777687980613,5.212689496340701,1.0,0.8,0.84,0.88,0.0,,Quality-Control,6
CA-AOCP w/o ACI,0.8753993610223643,0.024600638977635758,4.033254319161462,5.1712129997075955,1.0,0.8,0.84,0.82,0.0,,Quality-Control,6
Full CA-AOCP,0.9265175718849841,0.026517571884984048,4.411583040731422,5.226984945256349,1.0,0.8,0.84,0.88,0.0,,Quality-Control,6
Hard-reset CP,0.8626198083067093,0.037380191693290765,4.038335674149508,5.2637520151248,1.0,0.8,0.84,0.82,0.0,,Quality-Control,6
Hard-reset ACI,0.9297124600638977,0.029712460063897717,4.483352902403734,5.285593122495905,1.0,0.8,0.84,0.88,0.0,,Quality-Control,6
ACI,0.933,0.03300000000000003,3.7264884846478488,4.402492577725303,16.0,0.1,0.48,0.74,,,Synthetic-CP,7
EWMA-ACI,0.941,0.040999999999999925,3.826926872790522,4.388252937394607,5.0,0.4,0.68,0.84,,,Synthetic-CP,7
BOCPD-weighted CP,0.891,0.009000000000000008,3.2230442895606686,4.202870276134997,1.0,0.8,0.92,0.88,0.0,,Synthetic-CP,7
BOCPD-weighted ACI,0.935,0.03500000000000003,3.769680843407452,4.306770914751371,1.0,0.8,0.92,0.92,0.0,,Synthetic-CP,7
CA-AOCP w/o ACI,0.887,0.013000000000000012,3.2237137340432596,4.219237328552126,1.0,0.8,0.92,0.88,0.0,,Synthetic-CP,7
Full CA-AOCP,0.932,0.03200000000000003,3.758709577787762,4.291394063350825,1.0,0.8,0.92,0.92,0.0,,Synthetic-CP,7
Hard-reset CP,0.879,0.02100000000000002,3.118384452477717,4.1949134710274025,1.0,0.8,0.88,0.86,0.0,,Synthetic-CP,7
Hard-reset ACI,0.934,0.03400000000000003,3.7569403297579442,4.299471162259026,1.0,0.8,0.88,0.9,0.0,,Synthetic-CP,7
ACI,0.9201277955271565,0.02012779552715649,4.176945482094658,4.928617042448441,6.0,0.4,0.72,0.86,,,Quality-Control,7
EWMA-ACI,0.9265175718849841,0.026517571884984048,4.228884746383748,4.937863445089144,6.0,0.5,0.76,0.88,,,Quality-Control,7
BOCPD-weighted CP,0.8977635782747604,0.0022364217252396346,3.7664302215894017,4.812437136069195,0.0,0.9,0.96,0.96,0.0,0.0,Quality-Control,7
BOCPD-weighted ACI,0.9265175718849841,0.026517571884984048,4.2646338219561475,4.914483254802995,0.0,0.9,0.96,0.96,0.0,0.0,Quality-Control,7
CA-AOCP w/o ACI,0.8945686900958466,0.005431309904153414,3.7661759248914137,4.818626677656818,0.0,0.9,0.96,0.96,0.0,0.0,Quality-Control,7
Full CA-AOCP,0.9265175718849841,0.026517571884984048,4.2410042314722745,4.905967709476759,0.0,0.9,0.96,0.96,0.0,0.0,Quality-Control,7
Hard-reset CP,0.8849840255591054,0.015015974440894642,3.683028178612929,4.813428097196068,0.0,0.9,0.96,0.96,0.0,0.0,Quality-Control,7
Hard-reset ACI,0.9265175718849841,0.026517571884984048,4.267276211555792,4.898076266853543,0.0,0.9,0.96,0.96,0.0,0.0,Quality-Control,7
ACI,0.945,0.04499999999999993,4.146993791097436,4.779776617533238,11.0,0.2,0.6,0.78,,,Synthetic-CP,8
EWMA-ACI,0.941,0.040999999999999925,4.098550777209849,4.731323288554512,8.0,0.3,0.68,0.82,,,Synthetic-CP,8
BOCPD-weighted CP,0.887,0.013000000000000012,3.4908151369638647,4.624384180554929,1.0,0.8,0.92,0.82,0.006666666666666667,,Synthetic-CP,8
BOCPD-weighted ACI,0.929,0.029000000000000026,4.015653740634172,4.673789294805685,1.0,0.8,0.92,0.9,0.006666666666666667,,Synthetic-CP,8
CA-AOCP w/o ACI,0.891,0.009000000000000008,3.50312472828888,4.625548262210853,1.0,0.8,0.92,0.82,0.006666666666666667,,Synthetic-CP,8
Full CA-AOCP,0.929,0.029000000000000026,4.00202182290975,4.663430209845519,1.0,0.8,0.92,0.9,0.006666666666666667,,Synthetic-CP,8
Hard-reset CP,0.882,0.018000000000000016,3.432075941871464,4.618145111949014,1.0,0.8,0.92,0.82,0.006666666666666667,,Synthetic-CP,8
Hard-reset ACI,0.932,0.03200000000000003,4.053581707663971,4.7009879025208425,1.0,0.8,0.92,0.9,0.006666666666666667,,Synthetic-CP,8
ACI,0.9361022364217252,0.036102236421725165,4.805174096983614,5.618959779206709,8.0,0.5,0.76,0.86,,,Quality-Control,8
EWMA-ACI,0.939297124600639,0.039297124600638944,4.810941312017701,5.582511989453449,5.0,0.5,0.8,0.88,,,Quality-Control,8
BOCPD-weighted CP,0.8977635782747604,0.0022364217252396346,4.228828545460171,5.356268520304377,3.0,0.6,0.84,0.9,0.0,,Quality-Control,8
BOCPD-weighted ACI,0.9233226837060703,0.02332268370607027,4.706244460105726,5.429778649106018,3.0,0.7,0.88,0.92,0.0,,Quality-Control,8
CA-AOCP w/o ACI,0.8881789137380192,0.011821086261980862,4.233620194702321,5.424651799562576,3.0,0.6,0.84,0.84,0.0,,Quality-Control,8
Full CA-AOCP,0.9265175718849841,0.026517571884984048,4.691940547108868,5.378934797471675,2.0,0.8,0.92,0.94,0.0,,Quality-Control,8
Hard-reset CP,0.8881789137380192,0.011821086261980862,4.124877574500431,5.47979743901387,3.0,0.6,0.84,0.88,0.0,,Quality-Control,8
Hard-reset ACI,0.9201277955271565,0.02012779552715649,4.673272505318414,5.521574523497023,3.0,0.7,0.88,0.9,0.0,,Quality-Control,8
ACI,0.937,0.03700000000000003,4.049020373555511,4.671062674076734,12.0,0.4,0.6,0.78,,,Synthetic-CP,9
EWMA-ACI,0.934,0.03400000000000003,3.9900367454848737,4.628967871347845,10.0,0.6,0.76,0.88,,,Synthetic-CP,9
BOCPD-weighted CP,0.885,0.015000000000000013,3.3659739065859418,4.547681574325558,2.0,0.7,0.84,0.86,0.0,,Synthetic-CP,9
BOCPD-weighted ACI,0.928,0.028000000000000025,3.997153059986391,4.669644263566255,1.0,0.8,0.88,0.88,0.0,,Synthetic-CP,9
CA-AOCP w/o ACI,0.885,0.015000000000000013,3.366860692835806,4.554830309141655,2.0,0.7,0.84,0.86,0.0,,Synthetic-CP,9
Full CA-AOCP,0.929,0.029000000000000026,3.97682203996606,4.6701162036224435,1.0,0.8,0.88,0.88,0.0,,Synthetic-CP,9
Hard-reset CP,0.874,0.026000000000000023,3.284798689111257,4.565707386007365,2.0,0.7,0.84,0.84,0.0,,Synthetic-CP,9
Hard-reset ACI,0.928,0.028000000000000025,3.9972838018492713,4.6720865235662075,1.0,0.8,0.88,0.88,0.0,,Synthetic-CP,9
ACI,0.9169329073482428,0.01693290734824282,4.6371999018380325,5.503655488363032,7.0,0.4,0.76,0.82,,,Quality-Control,9
EWMA-ACI,0.9201277955271565,0.02012779552715649,4.665652488630068,5.4763771378960415,7.0,0.5,0.8,0.88,,,Quality-Control,9
BOCPD-weighted CP,0.865814696485623,0.034185303514376986,3.8029787900012244,5.260527889068604,0.0,0.9,0.92,0.88,0.0,0.0,Quality-Control,9
BOCPD-weighted ACI,0.9137380191693291,0.013738019169329041,4.460404881465463,5.34565859603087,0.0,0.9,0.92,0.9,0.0,0.0,Quality-Control,9
CA-AOCP w/o ACI,0.865814696485623,0.034185303514376986,3.7950152148239376,5.2632453251019085,0.0,0.9,0.92,0.88,0.0,0.0,Quality-Control,9
Full CA-AOCP,0.9169329073482428,0.01693290734824282,4.441434337673224,5.294001970574967,0.0,0.9,0.92,0.92,0.0,0.0,Quality-Control,9
Hard-reset CP,0.853035143769968,0.04696485623003199,3.7092697975580946,5.289595311861394,0.0,0.9,0.92,0.88,0.0,0.0,Quality-Control,9
Hard-reset ACI,0.9137380191693291,0.013738019169329041,4.451992828745746,5.365302925170534,0.0,0.9,0.92,0.9,0.0,0.0,Quality-Control,9
ACI,0.925,0.025000000000000022,3.766501450193599,4.611986541112272,16.0,0.1,0.52,0.74,,,Synthetic-CP,10
EWMA-ACI,0.93,0.030000000000000027,3.915977661139639,4.577933298493903,8.0,0.1,0.64,0.82,,,Synthetic-CP,10
BOCPD-weighted CP,0.887,0.013000000000000012,3.401087100588157,4.436387201021347,0.0,0.9,0.96,0.96,0.0,0.0,Synthetic-CP,10
BOCPD-weighted ACI,0.932,0.03200000000000003,3.9120959677467098,4.511934366641991,0.0,0.9,0.96,0.96,0.0,0.0,Synthetic-CP,10
CA-AOCP w/o ACI,0.889,0.01100000000000001,3.404881006216386,4.437490920915472,0.0,0.9,0.96,0.96,0.0,0.0,Synthetic-CP,10
Full CA-AOCP,0.93,0.030000000000000027,3.894918368913512,4.517942515294399,0.0,0.9,0.96,0.96,0.0,0.0,Synthetic-CP,10
Hard-reset CP,0.879,0.02100000000000002,3.344957001732357,4.457985283095882,0.0,0.9,0.96,0.96,0.0,0.0,Synthetic-CP,10
Hard-reset ACI,0.933,0.03300000000000003,3.915040906983867,4.508651182395612,0.0,0.9,0.96,0.96,0.0,0.0,Synthetic-CP,10
ACI,0.9073482428115016,0.007348242811501593,3.969717522236838,4.884159848784945,9.0,0.4,0.64,0.8,,,Quality-Control,10
EWMA-ACI,0.9137380191693291,0.013738019169329041,4.035817980164931,4.89640660647801,9.0,0.6,0.72,0.84,,,Quality-Control,10
BOCPD-weighted CP,0.8785942492012779,0.02140575079872209,3.7942809593741442,4.927009988728132,1.0,0.8,0.92,0.94,0.0,,Quality-Control,10
BOCPD-weighted ACI,0.9137380191693291,0.013738019169329041,4.087077700903411,4.843246757043995,1.0,0.8,0.92,0.94,0.0,,Quality-Control,10
CA-AOCP w/o ACI,0.8753993610223643,0.024600638977635758,3.760397686262704,4.898119039797491,1.0,0.8,0.92,0.94,0.0,,Quality-Control,10
Full CA-AOCP,0.9105431309904153,0.010543130990415261,4.090746066587633,4.859141146654676,1.0,0.8,0.92,0.94,0.0,,Quality-Control,10
Hard-reset CP,0.8722044728434505,0.027795527156549538,3.789547125334535,4.905423412298473,1.0,0.8,0.88,0.92,0.0,,Quality-Control,10
Hard-reset ACI,0.9137380191693291,0.013738019169329041,4.116578656558167,4.882537042150226,1.0,0.8,0.88,0.92,0.0,,Quality-Control,10
ACI,0.927,0.027000000000000024,3.8434264183206355,4.547912218669816,10.0,0.0,0.56,0.78,,,Synthetic-CP,11
EWMA-ACI,0.933,0.03300000000000003,3.9904815282404744,4.559548613273197,9.0,0.2,0.64,0.82,,,Synthetic-CP,11
BOCPD-weighted CP,0.888,0.01200000000000001,3.4599527995985047,4.458094852120543,0.0,0.9,0.96,0.98,0.006666666666666667,0.0,Synthetic-CP,11
BOCPD-weighted ACI,0.925,0.025000000000000022,3.984998317255293,4.546660269755551,0.0,0.9,0.96,0.98,0.006666666666666667,0.0,Synthetic-CP,11
CA-AOCP w/o ACI,0.89,0.010000000000000009,3.4684932918909035,4.435417839773513,0.0,0.9,0.96,0.98,0.006666666666666667,0.0,Synthetic-CP,11
Full CA-AOCP,0.925,0.025000000000000022,3.973013730901886,4.553790546646353,0.0,0.9,0.96,0.98,0.006666666666666667,0.0,Synthetic-CP,11
Hard-reset CP,0.884,0.016000000000000014,3.4532716112682365,4.487780559245023,0.0,0.9,0.96,0.98,0.006666666666666667,0.0,Synthetic-CP,11
Hard-reset ACI,0.929,0.029000000000000026,4.013684386920481,4.537574238796847,0.0,0.9,0.96,0.98,0.006666666666666667,0.0,Synthetic-CP,11
ACI,0.9201277955271565,0.02012779552715649,4.214602425271784,5.275705984270524,10.0,0.3,0.68,0.82,,,Quality-Control,11
EWMA-ACI,0.9265175718849841,0.026517571884984048,4.311044925202786,5.209868870637048,8.0,0.4,0.76,0.86,,,Quality-Control,11
BOCPD-weighted CP,0.8722044728434505,0.027795527156549538,3.500365871327673,4.909477160841602,4.0,0.6,0.8,0.82,0.0,155.0,Quality-Control,11
BOCPD-weighted ACI,0.9137380191693291,0.013738019169329041,4.114422658929847,4.952488201295305,4.0,0.6,0.8,0.84,0.0,155.0,Quality-Control,11
CA-AOCP w/o ACI,0.8722044728434505,0.027795527156549538,3.5052718168900032,4.929654195232015,4.0,0.6,0.8,0.82,0.0,155.0,Quality-Control,11
Full CA-AOCP,0.9137380191693291,0.013738019169329041,4.117219816638246,4.955285359003704,4.0,0.6,0.8,0.84,0.0,155.0,Quality-Control,11
Hard-reset CP,0.8753993610223643,0.024600638977635758,3.4946100824833577,4.919967441063301,4.0,0.6,0.8,0.82,0.0,155.0,Quality-Control,11
Hard-reset ACI,0.9201277955271565,0.02012779552715649,4.134242582927836,4.9422219909118725,4.0,0.6,0.8,0.84,0.0,155.0,Quality-Control,11
ACI,0.939,0.038999999999999924,4.041822217746704,4.610825707507299,11.0,0.1,0.56,0.74,,,Synthetic-CP,12
EWMA-ACI,0.937,0.03700000000000003,4.084403668067659,4.588318877950113,7.0,0.3,0.72,0.82,,,Synthetic-CP,12
BOCPD-weighted CP,0.9,0.0,3.4712415173340747,4.473760266111703,1.0,0.8,0.92,0.9,0.0,0.0,Synthetic-CP,12
BOCPD-weighted ACI,0.931,0.031000000000000028,4.025359317344688,4.5461681378979115,1.0,0.8,0.92,0.92,0.0,0.0,Synthetic-CP,12
CA-AOCP w/o ACI,0.899,0.0010000000000000009,3.4769989598559246,4.449767243720611,1.0,0.8,0.92,0.9,0.0,0.0,Synthetic-CP,12
Full CA-AOCP,0.929,0.029000000000000026,4.009773029861636,4.511546143967201,1.0,0.8,0.92,0.9,0.0,0.0,Synthetic-CP,12
Hard-reset CP,0.895,0.0050000000000000044,3.3887782471241357,4.434906643355927,1.0,0.8,0.92,0.9,0.0,0.0,Synthetic-CP,12
Hard-reset ACI,0.931,0.031000000000000028,4.022752219450188,4.504701659255461,1.0,0.8,0.92,0.92,0.0,0.0,Synthetic-CP,12
ACI,0.9297124600638977,0.029712460063897717,4.6427270615966885,5.400538675469173,7.0,0.2,0.68,0.84,,,Quality-Control,12
EWMA-ACI,0.9297124600638977,0.029712460063897717,4.653549265192248,5.337056426225582,5.0,0.4,0.76,0.88,,,Quality-Control,12
BOCPD-weighted CP,0.8849840255591054,0.015015974440894642,4.034268628456685,5.208512623980674,2.0,0.7,0.88,0.88,0.0,,Quality-Control,12
BOCPD-weighted ACI,0.9233226837060703,0.02332268370607027,4.519492656631095,5.139893578145297,2.0,0.7,0.88,0.92,0.0,,Quality-Control,12
CA-AOCP w/o ACI,0.8881789137380192,0.011821086261980862,4.030518992678791,5.200013416776051,2.0,0.7,0.88,0.88,0.0,,Quality-Control,12
Full CA-AOCP,0.9201277955271565,0.02012779552715649,4.501686161738287,5.132048836405843,2.0,0.7,0.88,0.92,0.0,,Quality-Control,12
Hard-reset CP,0.8785942492012779,0.02140575079872209,3.89599362421763,5.172103224484503,2.0,0.7,0.88,0.86,0.0,,Quality-Control,12
Hard-reset ACI,0.9169329073482428,0.01693290734824282,4.459123981323005,5.141361536965868,2.0,0.7,0.88,0.88,0.0,,Quality-Control,12
ACI,0.941,0.040999999999999925,4.181407858530641,4.958360297108613,10.0,0.2,0.64,0.8,,,Synthetic-CP,13
EWMA-ACI,0.94,0.039999999999999925,4.15459918224151,4.8913473356330375,6.0,0.3,0.72,0.84,,,Synthetic-CP,13
BOCPD-weighted CP,0.897,0.0030000000000000027,3.5532356714682884,4.667329628440042,1.0,0.8,0.92,0.92,0.008888888888888889,0.0,Synthetic-CP,13
BOCPD-weighted ACI,0.941,0.040999999999999925,4.1463154629015975,4.80581607795013,1.0,0.8,0.92,0.92,0.008888888888888889,0.0,Synthetic-CP,13
CA-AOCP w/o ACI,0.899,0.0010000000000000009,3.5556981886600214,4.661377787907901,1.0,0.8,0.92,0.92,0.008888888888888889,0.0,Synthetic-CP,13
Full CA-AOCP,0.942,0.041999999999999926,4.126270320074893,4.799705792271475,1.0,0.8,0.92,0.92,0.008888888888888889,0.0,Synthetic-CP,13
Hard-reset CP,0.891,0.009000000000000008,3.5476033491569052,4.716177998836601,1.0,0.8,0.84,0.88,0.008888888888888889,0.0,Synthetic-CP,13
Hard-reset ACI,0.943,0.04299999999999993,4.187567627700981,4.818758208450603,1.0,0.8,0.84,0.88,0.008888888888888889,0.0,Synthetic-CP,13
ACI,0.9265175718849841,0.026517571884984048,5.027114200851776,6.0000134977163935,9.0,0.5,0.76,0.84,,,Quality-Control,13
EWMA-ACI,0.9361022364217252,0.036102236421725165,5.000381163031294,5.943988050064093,9.0,0.6,0.8,0.9,,,Quality-Control,13
BOCPD-weighted CP,0.8849840255591054,0.015015974440894642,4.263570458336957,5.8415321124171244,3.0,0.6,0.84,0.86,0.01020408163265306,,Quality-Control,13
BOCPD-weighted ACI,0.9233226837060703,0.02332268370607027,4.8751497077506825,5.985298967273319,2.0,0.7,0.88,0.9,0.01020408163265306,,Quality-Control,13
CA-AOCP w/o ACI,0.8817891373801917,0.01821086261980831,4.265729225439554,5.846154477963514,3.0,0.6,0.84,0.86,0.01020408163265306,,Quality-Control,13
Full CA-AOCP,0.9233226837060703,0.02332268370607027,4.853339701085162,5.986336806366001,2.0,0.7,0.88,0.9,0.01020408163265306,,Quality-Control,13
Hard-reset CP,0.8817891373801917,0.01821086261980831,4.196651412835038,5.896924260109731,2.0,0.7,0.88,0.86,0.01020408163265306,,Quality-Control,13
Hard-reset ACI,0.9105431309904153,0.010543130990415261,4.898094645957796,6.059775560315482,2.0,0.7,0.88,0.86,0.01020408163265306,,Quality-Control,13
ACI,0.948,0.04799999999999993,3.8931011290331816,4.486796098354036,8.0,0.3,0.68,0.82,,,Synthetic-CP,14
EWMA-ACI,0.946,0.04599999999999993,3.9190852355111856,4.486062477553113,8.0,0.4,0.72,0.84,,,Synthetic-CP,14
BOCPD-weighted CP,0.893,0.007000000000000006,3.3860896438201693,4.269989078071905,0.0,0.9,0.92,0.84,0.0,0.0,Synthetic-CP,14
BOCPD-weighted ACI,0.935,0.03500000000000003,3.8438730470726505,4.3520279164306,0.0,0.9,0.92,0.88,0.0,0.0,Synthetic-CP,14
CA-AOCP w/o ACI,0.892,0.008000000000000007,3.375773837854989,4.26100874872646,0.0,0.9,0.92,0.84,0.0,0.0,Synthetic-CP,14
Full CA-AOCP,0.933,0.03300000000000003,3.831337644169065,4.3513894253313685,0.0,0.9,0.92,0.88,0.0,0.0,Synthetic-CP,14
Hard-reset CP,0.884,0.016000000000000014,3.3304433240852847,4.267938659530592,0.0,0.9,0.88,0.82,0.0,0.0,Synthetic-CP,14
Hard-reset ACI,0.933,0.03300000000000003,3.8658925541359515,4.367724006491545,0.0,0.9,0.88,0.86,0.0,0.0,Synthetic-CP,14
ACI,0.9488817891373802,0.04888178913738017,4.652430295161631,5.373578031166949,4.0,0.6,0.8,0.9,,,Quality-Control,14
EWMA-ACI,0.9424920127795527,0.042492012779552724,4.572031439924592,5.346783375762557,4.0,0.6,0.8,0.9,,,Quality-Control,14
BOCPD-weighted CP,0.9009584664536742,0.000958466453674145,4.099430138804721,5.118211562040014,0.0,0.9,0.92,0.96,0.0,0.0,Quality-Control,14
BOCPD-weighted ACI,0.9233226837060703,0.02332268370607027,4.5426796523175605,5.227961614215936,0.0,0.9,0.92,0.96,0.0,0.0,Quality-Control,14
CA-AOCP w/o ACI,0.9009584664536742,0.000958466453674145,4.088186343876051,5.101854545778833,0.0,0.9,0.92,0.96,0.0,0.0,Quality-Control,14
Full CA-AOCP,0.9233226837060703,0.02332268370607027,4.523727718964926,5.226296226041968,0.0,0.9,0.92,0.96,0.0,0.0,Quality-Control,14
Hard-reset CP,0.8945686900958466,0.005431309904153414,4.10310934740596,5.175992226118641,0.0,0.9,0.92,0.96,0.0,0.0,Quality-Control,14
Hard-reset ACI,0.9233226837060703,0.02332268370607027,4.569452889832832,5.257690208930658,0.0,0.9,0.92,0.96,0.0,0.0,Quality-Control,14
ACI,0.945,0.04499999999999993,3.8483122679977186,4.369692278253634,10.0,0.0,0.56,0.76,,,Synthetic-CP,15
EWMA-ACI,0.943,0.04299999999999993,3.852920552727641,4.338178490659605,9.0,0.1,0.64,0.82,,,Synthetic-CP,15
BOCPD-weighted CP,0.891,0.009000000000000008,3.334199768415001,4.104454507887373,0.0,0.9,0.96,0.92,0.0,0.0,Synthetic-CP,15
BOCPD-weighted ACI,0.945,0.04499999999999993,3.809611706488699,4.224486012796676,0.0,0.9,0.96,0.94,0.0,0.0,Synthetic-CP,15
CA-AOCP w/o ACI,0.892,0.008000000000000007,3.3409344120830684,4.10138226687408,0.0,0.9,0.96,0.92,0.0,0.0,Synthetic-CP,15
Full CA-AOCP,0.944,0.04399999999999993,3.8012890550582092,4.219937059719089,0.0,0.9,0.96,0.94,0.0,0.0,Synthetic-CP,15
Hard-reset CP,0.885,0.015000000000000013,3.2710693570690608,4.105603913538507,0.0,0.9,0.96,0.94,0.0,0.0,Synthetic-CP,15
Hard-reset ACI,0.945,0.04499999999999993,3.8132290177121724,4.224391453133572,0.0,0.9,0.96,0.94,0.0,0.0,Synthetic-CP,15
ACI,0.9456869009584664,0.04568690095846639,4.580931029132487,5.469554998898725,4.0,0.5,0.76,0.88,,,Quality-Control,15
EWMA-ACI,0.939297124600639,0.039297124600638944,4.62827098801471,5.418551547708407,4.0,0.5,0.76,0.88,,,Quality-Control,15
BOCPD-weighted CP,0.8913738019169329,0.008626198083067083,4.191508049397708,5.187830416892925,2.0,0.7,0.84,0.86,0.0,0.0,Quality-Control,15
BOCPD-weighted ACI,0.9361022364217252,0.036102236421725165,4.616129292455711,5.207773461728831,1.0,0.8,0.88,0.92,0.0,0.0,Quality-Control,15
CA-AOCP w/o ACI,0.8945686900958466,0.005431309904153414,4.1944497212729575,5.1747087926040205,2.0,0.7,0.84,0.86,0.0,0.0,Quality-Control,15
Full CA-AOCP,0.9265175718849841,0.026517571884984048,4.602138617999437,5.23936956099675,1.0,0.8,0.88,0.9,0.0,0.0,Quality-Control,15
Hard-reset CP,0.8849840255591054,0.015015974440894642,4.136105162197923,5.200120654214163,3.0,0.8,0.84,0.88,0.0,0.0,Quality-Control,15
Hard-reset ACI,0.9329073482428115,0.032907348242811496,4.5738519656874335,5.2601345879991275,3.0,0.8,0.84,0.9,0.0,0.0,Quality-Control,15
ACI,0.945,0.04499999999999993,4.019516433022614,4.573883058475522,10.0,0.2,0.64,0.82,,,Synthetic-CP,16
EWMA-ACI,0.942,0.041999999999999926,3.9350380330872237,4.496329930891878,9.0,0.4,0.76,0.88,,,Synthetic-CP,16
BOCPD-weighted CP,0.891,0.009000000000000008,3.2762281232651795,4.3430410126447585,2.0,0.7,0.84,0.86,0.0,0.0,Synthetic-CP,16
BOCPD-weighted ACI,0.935,0.03500000000000003,3.8938532438445534,4.501158281281279,2.0,0.7,0.84,0.88,0.0,0.0,Synthetic-CP,16
CA-AOCP w/o ACI,0.891,0.009000000000000008,3.2841331612462272,4.342441431648681,2.0,0.7,0.84,0.86,0.0,0.0,Synthetic-CP,16
Full CA-AOCP,0.935,0.03500000000000003,3.879918610055941,4.492608184062802,2.0,0.7,0.84,0.88,0.0,0.0,Synthetic-CP,16
Hard-reset CP,0.883,0.017000000000000015,3.2145392160846575,4.325198655038301,2.0,0.7,0.84,0.86,0.0,0.0,Synthetic-CP,16
Hard-reset ACI,0.935,0.03500000000000003,3.9042709216262748,4.5096909961641956,2.0,0.7,0.84,0.88,0.0,0.0,Synthetic-CP,16
ACI,0.9265175718849841,0.026517571884984048,4.600843563989998,5.453917639002426,3.0,0.6,0.84,0.92,,,Quality-Control,16
EWMA-ACI,0.9297124600638977,0.029712460063897717,4.621220990432098,5.444808589852279,3.0,0.6,0.84,0.92,,,Quality-Control,16
BOCPD-weighted CP,0.8785942492012779,0.02140575079872209,3.9674682669996773,5.28061260829792,1.0,0.8,0.92,0.88,0.0,0.0,Quality-Control,16
BOCPD-weighted ACI,0.9201277955271565,0.02012779552715649,4.649168552109663,5.3923886012535815,1.0,0.8,0.92,0.92,0.0,0.0,Quality-Control,16
CA-AOCP w/o ACI,0.8785942492012779,0.02140575079872209,3.9844831888492944,5.280946693027465,1.0,0.8,0.92,0.88,0.0,0.0,Quality-Control,16
Full CA-AOCP,0.9201277955271565,0.02012779552715649,4.634932927370036,5.394306246902669,1.0,0.8,0.92,0.92,0.0,0.0,Quality-Control,16
Hard-reset CP,0.8690095846645367,0.030990415335463317,3.8362590997932173,5.270687979414786,1.0,0.8,0.88,0.86,0.0,0.0,Quality-Control,16
Hard-reset ACI,0.9169329073482428,0.01693290734824282,4.6229269029413835,5.413170149351989,1.0,0.8,0.88,0.9,0.0,0.0,Quality-Control,16
ACI,0.945,0.04499999999999993,4.09676926664914,4.604430225935948,14.0,0.3,0.6,0.8,,,Synthetic-CP,17
EWMA-ACI,0.942,0.041999999999999926,4.001385962213638,4.556303829690978,10.0,0.4,0.72,0.86,,,Synthetic-CP,17
BOCPD-weighted CP,0.891,0.009000000000000008,3.4430112628210354,4.4024515131310125,0.0,0.9,0.96,0.9,0.0,0.0,Synthetic-CP,17
BOCPD-weighted ACI,0.937,0.03700000000000003,4.003207312335668,4.562389713578021,0.0,0.9,0.96,0.92,0.0,0.0,Synthetic-CP,17
CA-AOCP w/o ACI,0.889,0.01100000000000001,3.4411032188770245,4.416101918025003,0.0,0.9,0.96,0.9,0.0,0.0,Synthetic-CP,17
Full CA-AOCP,0.934,0.03400000000000003,3.9888012211394375,4.548684259741911,0.0,0.9,0.96,0.92,0.0,0.0,Synthetic-CP,17
Hard-reset CP,0.883,0.017000000000000015,3.356062746698277,4.420396772384062,0.0,0.9,0.92,0.88,0.0,0.0,Synthetic-CP,17
Hard-reset ACI,0.936,0.03600000000000003,4.018988517677117,4.581809300501425,0.0,0.9,0.92,0.88,0.0,0.0,Synthetic-CP,17
ACI,0.939297124600639,0.039297124600638944,4.67526028854443,5.3734773023778715,3.0,0.7,0.88,0.92,,,Quality-Control,17
EWMA-ACI,0.939297124600639,0.039297124600638944,4.628913597783738,5.366096702638967,3.0,0.7,0.88,0.92,,,Quality-Control,17
BOCPD-weighted CP,0.8881789137380192,0.011821086261980862,3.8628307868414438,5.224287568369879,1.0,0.8,0.92,0.92,0.0,110.0,Quality-Control,17
BOCPD-weighted ACI,0.9329073482428115,0.032907348242811496,4.471899986250679,5.379526338827726,1.0,0.8,0.92,0.94,0.0,110.0,Quality-Control,17
CA-AOCP w/o ACI,0.8849840255591054,0.015015974440894642,3.8626285459206957,5.234473475016821,1.0,0.8,0.92,0.92,0.0,110.0,Quality-Control,17
Full CA-AOCP,0.9265175718849841,0.026517571884984048,4.446068100387977,5.358438786236809,1.0,0.8,0.92,0.94,0.0,110.0,Quality-Control,17
Hard-reset CP,0.8849840255591054,0.015015974440894642,3.9460728359380215,5.3136845505582695,1.0,0.8,0.92,0.92,0.0,110.0,Quality-Control,17
Hard-reset ACI,0.9169329073482428,0.01693290734824282,4.560780423219888,5.474318451573484,1.0,0.8,0.92,0.94,0.0,110.0,Quality-Control,17
ACI,0.943,0.04299999999999993,4.146059620823235,4.821328196433555,13.0,0.4,0.64,0.8,,,Synthetic-CP,18
EWMA-ACI,0.945,0.04499999999999993,4.163408583946934,4.816990285822736,5.0,0.4,0.76,0.86,,,Synthetic-CP,18
BOCPD-weighted CP,0.888,0.01200000000000001,3.5167999574972715,4.596669901992563,0.0,0.9,0.92,0.9,0.0,0.0,Synthetic-CP,18
BOCPD-weighted ACI,0.935,0.03500000000000003,4.106569107228453,4.752920022189402,0.0,0.9,0.92,0.9,0.0,0.0,Synthetic-CP,18
CA-AOCP w/o ACI,0.889,0.01100000000000001,3.5203325587694727,4.582137017932657,0.0,0.9,0.92,0.9,0.0,0.0,Synthetic-CP,18
Full CA-AOCP,0.936,0.03600000000000003,4.089741090980502,4.741538709150213,0.0,0.9,0.92,0.9,0.0,0.0,Synthetic-CP,18
Hard-reset CP,0.879,0.02100000000000002,3.40497847559219,4.559145711615533,0.0,0.9,0.88,0.86,0.0,0.0,Synthetic-CP,18
Hard-reset ACI,0.934,0.03400000000000003,4.106686652433307,4.724868563715761,0.0,0.9,0.88,0.88,0.0,0.0,Synthetic-CP,18
ACI,0.9424920127795527,0.042492012779552724,4.62810892270898,5.40783541014599,3.0,0.7,0.8,0.88,,,Quality-Control,18
EWMA-ACI,0.9424920127795527,0.042492012779552724,4.6403639789562625,5.467893961217639,3.0,0.7,0.84,0.9,,,Quality-Control,18
BOCPD-weighted CP,0.9009584664536742,0.000958466453674145,4.168781096756388,5.4049314050901245,2.0,0.7,0.88,0.92,0.0,,Quality-Control,18
BOCPD-weighted ACI,0.9361022364217252,0.036102236421725165,4.633689756641838,5.424719616269585,2.0,0.8,0.92,0.94,0.0,,Quality-Control,18
CA-AOCP w/o ACI,0.9041533546325878,0.0041533546325878135,4.168848608306252,5.3695290321513305,2.0,0.7,0.88,0.92,0.0,,Quality-Control,18
Full CA-AOCP,0.9329073482428115,0.032907348242811496,4.613211879897619,5.441768911684491,2.0,0.8,0.92,0.94,0.0,,Quality-Control,18
Hard-reset CP,0.8913738019169329,0.008626198083067083,4.1443124034678585,5.444346375376749,2.0,0.7,0.88,0.92,0.0,,Quality-Control,18
Hard-reset ACI,0.9329073482428115,0.032907348242811496,4.670367775370582,5.492481713797004,2.0,0.8,0.92,0.94,0.0,,Quality-Control,18
ACI,0.934,0.03400000000000003,3.772501767598444,4.512857471726454,16.0,0.3,0.6,0.76,,,Synthetic-CP,19
EWMA-ACI,0.936,0.03600000000000003,3.861945213729178,4.532288488487191,4.0,0.5,0.8,0.88,,,Synthetic-CP,19
BOCPD-weighted CP,0.891,0.009000000000000008,3.4084467175784487,4.380835707212675,0.0,0.9,0.96,0.92,0.0,0.0,Synthetic-CP,19
BOCPD-weighted ACI,0.935,0.03500000000000003,3.904806127736625,4.475461004383532,0.0,0.9,0.96,0.92,0.0,0.0,Synthetic-CP,19
CA-AOCP w/o ACI,0.892,0.008000000000000007,3.4049165247197735,4.3688772332987,0.0,0.9,0.96,0.92,0.0,0.0,Synthetic-CP,19
Full CA-AOCP,0.934,0.03400000000000003,3.8921991472914574,4.492952589754112,0.0,0.9,0.96,0.92,0.0,0.0,Synthetic-CP,19
Hard-reset CP,0.882,0.018000000000000016,3.3186146092816498,4.380642980894334,0.0,0.9,0.96,0.88,0.0,0.0,Synthetic-CP,19
Hard-reset ACI,0.933,0.03300000000000003,3.8882158506116276,4.467825045653969,0.0,0.9,0.96,0.9,0.0,0.0,Synthetic-CP,19
ACI,0.9456869009584664,0.04568690095846639,4.269690130900165,5.198212558706356,4.0,0.5,0.8,0.88,,,Quality-Control,19
EWMA-ACI,0.939297124600639,0.039297124600638944,4.307713932499576,5.108429110019815,4.0,0.5,0.8,0.88,,,Quality-Control,19
BOCPD-weighted CP,0.8977635782747604,0.0022364217252396346,3.7563366822185253,4.909200590880848,1.0,0.8,0.92,0.9,0.0,,Quality-Control,19
BOCPD-weighted ACI,0.9329073482428115,0.032907348242811496,4.1740316127803565,4.971581848845994,1.0,0.8,0.92,0.92,0.0,,Quality-Control,19
CA-AOCP w/o ACI,0.9009584664536742,0.000958466453674145,3.7614226930082584,4.908044316653502,1.0,0.8,0.92,0.9,0.0,,Quality-Control,19
Full CA-AOCP,0.9329073482428115,0.032907348242811496,4.1621241281971075,4.946510771229296,1.0,0.8,0.92,0.92,0.0,,Quality-Control,19
Hard-reset CP,0.8945686900958466,0.005431309904153414,3.675733492069797,4.8798029862811,1.0,0.8,0.92,0.9,0.0,,Quality-Control,19
Hard-reset ACI,0.9329073482428115,0.032907348242811496,4.162029555739618,4.952137842010041,1.0,0.8,0.92,0.92,0.0,,Quality-Control,19
ACI,0.947,0.04699999999999993,4.166282982101664,4.754210058714366,11.0,0.2,0.6,0.8,,,Synthetic-CP,20
EWMA-ACI,0.938,0.03799999999999992,4.1152756629401095,4.677526990382968,11.0,0.3,0.64,0.82,,,Synthetic-CP,20
BOCPD-weighted CP,0.892,0.008000000000000007,3.4473343529889924,4.504111636953695,0.0,0.9,0.96,0.9,0.0,,Synthetic-CP,20
BOCPD-weighted ACI,0.927,0.027000000000000024,3.987290193779893,4.581179075891567,0.0,0.9,0.96,0.92,0.0,,Synthetic-CP,20
CA-AOCP w/o ACI,0.892,0.008000000000000007,3.4498118644797335,4.509937981999237,0.0,0.9,0.96,0.9,0.0,,Synthetic-CP,20
Full CA-AOCP,0.928,0.028000000000000025,3.977722999510514,4.570663092435652,0.0,0.9,0.96,0.92,0.0,,Synthetic-CP,20
Hard-reset CP,0.882,0.018000000000000016,3.342965999855221,4.510202493917029,0.0,0.9,0.92,0.88,0.0,,Synthetic-CP,20
Hard-reset ACI,0.926,0.026000000000000023,3.964433029436838,4.571740556107724,0.0,0.9,0.92,0.9,0.0,,Synthetic-CP,20
ACI,0.9297124600638977,0.029712460063897717,4.831695567302622,5.529909294440997,5.0,0.6,0.84,0.92,,,Quality-Control,20
EWMA-ACI,0.9265175718849841,0.026517571884984048,4.791312154662654,5.485610177286315,5.0,0.6,0.84,0.9,,,Quality-Control,20
BOCPD-weighted CP,0.8753993610223643,0.024600638977635758,4.016430878255712,5.510680168973198,5.0,0.6,0.84,0.8,0.0,,Quality-Control,20
BOCPD-weighted ACI,0.9105431309904153,0.010543130990415261,4.620507238916128,5.479861514267148,2.0,0.7,0.88,0.86,0.0,,Quality-Control,20
CA-AOCP w/o ACI,0.8753993610223643,0.024600638977635758,4.0256988746167295,5.5320905827208655,5.0,0.6,0.84,0.8,0.0,,Quality-Control,20
Full CA-AOCP,0.9073482428115016,0.007348242811501593,4.614606306613382,5.484996729896149,2.0,0.7,0.88,0.86,0.0,,Quality-Control,20
Hard-reset CP,0.8690095846645367,0.030990415335463317,3.893195355524248,5.491199382367055,2.0,0.7,0.88,0.82,0.0,,Quality-Control,20
Hard-reset ACI,0.9041533546325878,0.0041533546325878135,4.546351275753928,5.418919516645819,2.0,0.7,0.88,0.84,0.0,,Quality-Control,20
ACI,0.939,0.038999999999999924,3.724183378552042,4.438717710212839,12.0,0.3,0.6,0.8,,,Synthetic-CP,21
EWMA-ACI,0.94,0.039999999999999925,3.838434033309091,4.460207059753938,5.0,0.4,0.72,0.86,,,Synthetic-CP,21
BOCPD-weighted CP,0.897,0.0030000000000000027,3.3543643985185954,4.288224055371489,0.0,0.9,0.96,0.96,0.0,0.0,Synthetic-CP,21
BOCPD-weighted ACI,0.935,0.03500000000000003,3.849115178556481,4.438405455761658,0.0,0.9,0.96,0.96,0.0,0.0,Synthetic-CP,21
CA-AOCP w/o ACI,0.897,0.0030000000000000027,3.3614151939611254,4.284237168522342,0.0,0.9,0.96,0.96,0.0,0.0,Synthetic-CP,21
Full CA-AOCP,0.935,0.03500000000000003,3.826499472121565,4.421628016556475,0.0,0.9,0.96,0.96,0.0,0.0,Synthetic-CP,21
Hard-reset CP,0.889,0.01100000000000001,3.301034114059775,4.2962554381839055,0.0,0.9,0.92,0.94,0.0,0.0,Synthetic-CP,21
Hard-reset ACI,0.936,0.03600000000000003,3.8547653823333605,4.444860539666167,0.0,0.9,0.92,0.96,0.0,0.0,Synthetic-CP,21
ACI,0.9361022364217252,0.036102236421725165,4.327329929620207,5.068779135075436,7.0,0.4,0.76,0.88,,,Quality-Control,21
EWMA-ACI,0.9297124600638977,0.029712460063897717,4.346652632863675,5.027003529383171,7.0,0.4,0.76,0.88,,,Quality-Control,21
BOCPD-weighted CP,0.8626198083067093,0.037380191693290765,3.5648780346079327,4.825813932789092,2.0,0.7,0.88,0.82,0.0,,Quality-Control,21
BOCPD-weighted ACI,0.9009584664536742,0.000958466453674145,4.145211244722747,4.898635237397844,2.0,0.7,0.88,0.86,0.0,,Quality-Control,21
CA-AOCP w/o ACI,0.8626198083067093,0.037380191693290765,3.568753951721466,4.808346809095269,2.0,0.7,0.88,0.82,0.0,,Quality-Control,21
Full CA-AOCP,0.8945686900958466,0.005431309904153414,4.10068035900587,4.889945595140266,2.0,0.7,0.88,0.86,0.0,,Quality-Control,21
Hard-reset CP,0.865814696485623,0.034185303514376986,3.496033229643922,4.83203132403508,2.0,0.7,0.88,0.82,0.0,,Quality-Control,21
Hard-reset ACI,0.9105431309904153,0.010543130990415261,4.1246579094007885,4.858395528943951,2.0,0.7,0.88,0.88,0.0,,Quality-Control,21
ACI,0.949,0.04899999999999993,4.036826423580728,4.623161834790837,9.0,0.1,0.64,0.8,,,Synthetic-CP,22
EWMA-ACI,0.95,0.04999999999999993,4.006799744394828,4.566352439576707,5.0,0.4,0.76,0.88,,,Synthetic-CP,22
BOCPD-weighted CP,0.891,0.009000000000000008,3.3048750155948765,4.337639187503818,3.0,0.6,0.84,0.84,0.0022222222222222222,0.0,Synthetic-CP,22
BOCPD-weighted ACI,0.937,0.03700000000000003,3.9290675975484346,4.491773183431147,3.0,0.6,0.84,0.84,0.0022222222222222222,0.0,Synthetic-CP,22
CA-AOCP w/o ACI,0.893,0.007000000000000006,3.3172702347735528,4.316649119208123,3.0,0.6,0.84,0.84,0.0022222222222222222,0.0,Synthetic-CP,22
Full CA-AOCP,0.932,0.03200000000000003,3.9096546957999694,4.515858322471201,3.0,0.6,0.84,0.84,0.0022222222222222222,0.0,Synthetic-CP,22
Hard-reset CP,0.886,0.014000000000000012,3.2452152670455257,4.28107194632683,3.0,0.6,0.84,0.84,0.0022222222222222222,0.0,Synthetic-CP,22
Hard-reset ACI,0.936,0.03600000000000003,3.925951460245249,4.480911446988416,3.0,0.6,0.84,0.84,0.0022222222222222222,0.0,Synthetic-CP,22
ACI,0.939297124600639,0.039297124600638944,4.81647020135519,5.685277303657074,2.0,0.7,0.88,0.94,,,Quality-Control,22
EWMA-ACI,0.9361022364217252,0.036102236421725165,4.756081472741728,5.695242198417797,2.0,0.7,0.88,0.94,,,Quality-Control,22
BOCPD-weighted CP,0.8945686900958466,0.005431309904153414,3.923719460404895,5.331297230566704,1.0,0.8,0.88,0.92,0.0,0.0,Quality-Control,22
BOCPD-weighted ACI,0.9361022364217252,0.036102236421725165,4.741843640983928,5.711152903422952,1.0,0.8,0.92,0.94,0.0,0.0,Quality-Control,22
CA-AOCP w/o ACI,0.8913738019169329,0.008626198083067083,3.8981638177542584,5.3280452503090885,1.0,0.8,0.88,0.92,0.0,0.0,Quality-Control,22
Full CA-AOCP,0.939297124600639,0.039297124600638944,4.717543303526213,5.748749403146164,1.0,0.8,0.92,0.94,0.0,0.0,Quality-Control,22
Hard-reset CP,0.8849840255591054,0.015015974440894642,3.9340991890488652,5.373787655038879,1.0,0.8,0.88,0.92,0.0,0.0,Quality-Control,22
Hard-reset ACI,0.9361022364217252,0.036102236421725165,4.754081826690311,5.690587524242477,1.0,0.8,0.88,0.92,0.0,0.0,Quality-Control,22
ACI,0.96,0.05999999999999994,4.078906731305695,4.679331683017501,8.0,0.2,0.68,0.82,,,Synthetic-CP,23
EWMA-ACI,0.943,0.04299999999999993,3.957770819494338,4.58629493651486,6.0,0.3,0.72,0.84,,,Synthetic-CP,23
BOCPD-weighted CP,0.901,0.0010000000000000009,3.3544706996069564,4.339426459815833,1.0,0.8,0.88,0.88,0.0,0.0,Synthetic-CP,23
BOCPD-weighted ACI,0.942,0.041999999999999926,3.910065507638259,4.464182628491793,1.0,0.8,0.92,0.94,0.0,0.0,Synthetic-CP,23
CA-AOCP w/o ACI,0.902,0.0020000000000000018,3.365169977760958,4.332119552662192,1.0,0.8,0.88,0.88,0.0,0.0,Synthetic-CP,23
Full CA-AOCP,0.939,0.038999999999999924,3.896129689900409,4.465051925622251,1.0,0.8,0.88,0.92,0.0,0.0,Synthetic-CP,23
Hard-reset CP,0.887,0.013000000000000012,3.2827359815375274,4.324981034922701,1.0,0.8,0.88,0.86,0.0,0.0,Synthetic-CP,23
Hard-reset ACI,0.941,0.040999999999999925,3.90540893905904,4.460105453086894,1.0,0.8,0.88,0.92,0.0,0.0,Synthetic-CP,23
ACI,0.9297124600638977,0.029712460063897717,4.830854594994946,5.55102672782968,4.0,0.5,0.8,0.88,,,Quality-Control,23
EWMA-ACI,0.9265175718849841,0.026517571884984048,4.788450637239077,5.541613133179423,4.0,0.5,0.8,0.88,,,Quality-Control,23
BOCPD-weighted CP,0.8945686900958466,0.005431309904153414,4.205717928650204,5.396100592979831,4.0,0.5,0.8,0.88,0.01020408163265306,,Quality-Control,23
BOCPD-weighted ACI,0.9233226837060703,0.02332268370607027,4.642447919890558,5.443184197852769,4.0,0.5,0.8,0.88,0.01020408163265306,,Quality-Control,23
CA-AOCP w/o ACI,0.8913738019169329,0.008626198083067083,4.183876807623109,5.392305549197032,4.0,0.5,0.8,0.88,0.01020408163265306,,Quality-Control,23
Full CA-AOCP,0.9201277955271565,0.02012779552715649,4.615860203471482,5.419688987363252,4.0,0.5,0.8,0.88,0.01020408163265306,,Quality-Control,23
Hard-reset CP,0.8817891373801917,0.01821086261980831,4.177903323613775,5.497671962098126,4.0,0.5,0.76,0.84,0.01020408163265306,,Quality-Control,23
Hard-reset ACI,0.9233226837060703,0.02332268370607027,4.688991617882364,5.501561645936954,4.0,0.5,0.76,0.86,0.01020408163265306,,Quality-Control,23
ACI,0.948,0.04799999999999993,4.0330708437290905,4.63717427595641,9.0,0.2,0.6,0.8,,,Synthetic-CP,24
EWMA-ACI,0.939,0.038999999999999924,3.9817776615661407,4.610823424005152,9.0,0.2,0.64,0.82,,,Synthetic-CP,24
BOCPD-weighted CP,0.887,0.013000000000000012,3.4324557719031175,4.476646154145065,1.0,0.8,0.88,0.94,0.0,,Synthetic-CP,24
BOCPD-weighted ACI,0.933,0.03300000000000003,4.0047224630107765,4.593127713579342,1.0,0.8,0.88,0.94,0.0,,Synthetic-CP,24
CA-AOCP w/o ACI,0.886,0.014000000000000012,3.447662107343456,4.4741035202276995,1.0,0.8,0.88,0.94,0.0,,Synthetic-CP,24
Full CA-AOCP,0.932,0.03200000000000003,3.984197501495998,4.575964967888618,1.0,0.8,0.88,0.94,0.0,,Synthetic-CP,24
Hard-reset CP,0.88,0.020000000000000018,3.3207359802367877,4.439755879288721,1.0,0.8,0.84,0.92,0.0,,Synthetic-CP,24
Hard-reset ACI,0.934,0.03400000000000003,3.9737652248004625,4.58229770846931,1.0,0.8,0.88,0.94,0.0,,Synthetic-CP,24
ACI,0.9265175718849841,0.026517571884984048,4.774984903450142,5.390051345927386,3.0,0.6,0.84,0.9,,,Quality-Control,24
EWMA-ACI,0.9297124600638977,0.029712460063897717,4.775034375397659,5.37632331193505,3.0,0.6,0.84,0.92,,,Quality-Control,24
BOCPD-weighted CP,0.9073482428115016,0.007348242811501593,4.191668105303188,5.32492914988352,3.0,0.6,0.84,0.92,0.0,,Quality-Control,24
BOCPD-weighted ACI,0.9297124600638977,0.029712460063897717,4.746290834753839,5.45047003513377,2.0,0.7,0.88,0.94,0.0,,Quality-Control,24
CA-AOCP w/o ACI,0.9009584664536742,0.000958466453674145,4.166686007867054,5.372441879745818,3.0,0.6,0.84,0.9,0.0,,Quality-Control,24
Full CA-AOCP,0.9329073482428115,0.032907348242811496,4.7461393723465,5.443129503695431,2.0,0.7,0.88,0.94,0.0,,Quality-Control,24
Hard-reset CP,0.8817891373801917,0.01821086261980831,4.0715775109029915,5.434527720720535,3.0,0.6,0.84,0.86,0.0,,Quality-Control,24
Hard-reset ACI,0.9169329073482428,0.01693290734824282,4.723820127421594,5.51912449962811,2.0,0.7,0.88,0.88,0.0,,Quality-Control,24
ACI,0.946,0.04599999999999993,4.125433059680659,4.681021918516773,12.0,0.2,0.56,0.76,,,Synthetic-CP,25
EWMA-ACI,0.942,0.041999999999999926,4.075988270511716,4.599353740475074,8.0,0.3,0.72,0.86,,,Synthetic-CP,25
BOCPD-weighted CP,0.887,0.013000000000000012,3.504215883686754,4.474544062964258,0.0,0.9,0.92,0.92,0.0,0.0,Synthetic-CP,25
BOCPD-weighted ACI,0.936,0.03600000000000003,4.0386105360667655,4.581370047425276,0.0,0.9,0.92,0.94,0.0,0.0,Synthetic-CP,25
CA-AOCP w/o ACI,0.886,0.014000000000000012,3.52182081805854,4.505044543410037,0.0,0.9,0.92,0.92,0.0,0.0,Synthetic-CP,25
Full CA-AOCP,0.936,0.03600000000000003,4.023556248811091,4.577199542550599,0.0,0.9,0.92,0.94,0.0,0.0,Synthetic-CP,25
Hard-reset CP,0.881,0.019000000000000017,3.4348857821638257,4.494123530822796,0.0,0.9,0.92,0.92,0.0,0.0,Synthetic-CP,25
Hard-reset ACI,0.937,0.03700000000000003,4.0319655752622925,4.54729637884858,0.0,0.9,0.96,0.96,0.0,0.0,Synthetic-CP,25
ACI,0.9361022364217252,0.036102236421725165,4.694708856548129,5.574275846674523,1.0,0.8,0.92,0.96,,,Quality-Control,25
EWMA-ACI,0.9361022364217252,0.036102236421725165,4.677182552186439,5.563914534282443,1.0,0.8,0.92,0.96,,,Quality-Control,25
BOCPD-weighted CP,0.8977635782747604,0.0022364217252396346,4.1110691255042715,5.645688348946192,1.0,0.8,0.92,0.96,0.0,,Quality-Control,25
BOCPD-weighted ACI,0.9361022364217252,0.036102236421725165,4.731606341306641,5.720994450632267,1.0,0.8,0.92,0.96,0.0,,Quality-Control,25
CA-AOCP w/o ACI,0.8913738019169329,0.008626198083067083,4.111436866149759,5.653288395182731,1.0,0.8,0.92,0.96,0.0,,Quality-Control,25
Full CA-AOCP,0.9361022364217252,0.036102236421725165,4.741397296929832,5.698805021454221,1.0,0.8,0.92,0.96,0.0,,Quality-Control,25
Hard-reset CP,0.8849840255591054,0.015015974440894642,4.039825586473428,5.743756996292548,1.0,0.8,0.92,0.88,0.0,,Quality-Control,25
Hard-reset ACI,0.9233226837060703,0.02332268370607027,4.737005186954607,5.8191933410802585,1.0,0.8,0.92,0.9,0.0,,Quality-Control,25
ACI,0.954,0.05399999999999994,4.205548256083882,4.733611206345334,8.0,0.3,0.68,0.82,,,Synthetic-CP,26
EWMA-ACI,0.948,0.04799999999999993,4.0989138966495515,4.636120190383874,8.0,0.3,0.68,0.82,,,Synthetic-CP,26
BOCPD-weighted CP,0.883,0.017000000000000015,3.532296054949515,4.443401443107376,1.0,0.8,0.92,0.94,0.0,0.0,Synthetic-CP,26
BOCPD-weighted ACI,0.932,0.03200000000000003,3.9843781194463164,4.521774971390058,1.0,0.8,0.92,0.94,0.0,0.0,Synthetic-CP,26
CA-AOCP w/o ACI,0.884,0.016000000000000014,3.542042488256588,4.450918284977814,1.0,0.8,0.92,0.94,0.0,0.0,Synthetic-CP,26
Full CA-AOCP,0.93,0.030000000000000027,3.9682929616521627,4.514245189998104,1.0,0.8,0.92,0.94,0.0,0.0,Synthetic-CP,26
Hard-reset CP,0.882,0.018000000000000016,3.541915033108708,4.466533025538821,1.0,0.8,0.92,0.94,0.0,0.0,Synthetic-CP,26
Hard-reset ACI,0.935,0.03500000000000003,4.0372806878720775,4.568558029045721,1.0,0.8,0.92,0.94,0.0,0.0,Synthetic-CP,26
ACI,0.9488817891373802,0.04888178913738017,5.225489453307312,5.882873499117623,4.0,0.6,0.84,0.92,,,Quality-Control,26
EWMA-ACI,0.9456869009584664,0.04568690095846639,5.121352194147997,5.8116943963017516,4.0,0.6,0.84,0.92,,,Quality-Control,26
BOCPD-weighted CP,0.8785942492012779,0.02140575079872209,4.480881575281765,5.687887332868133,1.0,0.8,0.88,0.92,0.0,,Quality-Control,26
BOCPD-weighted ACI,0.9137380191693291,0.013738019169329041,4.924223019501191,5.8166319127861446,0.0,0.9,0.92,0.96,0.0,,Quality-Control,26
CA-AOCP w/o ACI,0.8753993610223643,0.024600638977635758,4.4660636604548225,5.679725991725484,1.0,0.8,0.88,0.92,0.0,,Quality-Control,26
Full CA-AOCP,0.9137380191693291,0.013738019169329041,4.905973903427899,5.776797367533963,0.0,0.9,0.92,0.96,0.0,,Quality-Control,26
Hard-reset CP,0.8753993610223643,0.024600638977635758,4.470124424866963,5.729041517070024,0.0,0.9,0.88,0.9,0.0,,Quality-Control,26
Hard-reset ACI,0.9169329073482428,0.01693290734824282,4.9094914388522035,5.7697390413013245,0.0,0.9,0.92,0.96,0.0,,Quality-Control,26
ACI,0.939,0.038999999999999924,3.9844532551404654,4.6242566232671525,11.0,0.1,0.56,0.78,,,Synthetic-CP,27
EWMA-ACI,0.941,0.040999999999999925,4.024213790281201,4.593714472786531,7.0,0.3,0.72,0.86,,,Synthetic-CP,27
BOCPD-weighted CP,0.892,0.008000000000000007,3.493983196315335,4.387467761682852,0.0,0.9,0.96,0.96,0.0,0.0,Synthetic-CP,27
BOCPD-weighted ACI,0.943,0.04299999999999993,3.995833651044322,4.484128188982765,0.0,0.9,0.96,0.96,0.0,0.0,Synthetic-CP,27
CA-AOCP w/o ACI,0.893,0.007000000000000006,3.494686185808739,4.3743316736439155,0.0,0.9,0.96,0.96,0.0,0.0,Synthetic-CP,27
Full CA-AOCP,0.941,0.040999999999999925,3.981463548399953,4.479584709795916,0.0,0.9,0.96,0.96,0.0,0.0,Synthetic-CP,27
Hard-reset CP,0.883,0.017000000000000015,3.419290722377454,4.374289541851246,0.0,0.9,0.96,0.96,0.0,0.0,Synthetic-CP,27
Hard-reset ACI,0.945,0.04499999999999993,3.993981621780301,4.472859568916475,0.0,0.9,0.96,0.98,0.0,0.0,Synthetic-CP,27
ACI,0.9361022364217252,0.036102236421725165,4.580581592411983,5.277728823537266,6.0,0.5,0.8,0.9,,,Quality-Control,27
EWMA-ACI,0.9361022364217252,0.036102236421725165,4.564341452703611,5.248554203283974,6.0,0.5,0.8,0.9,,,Quality-Control,27
BOCPD-weighted CP,0.8722044728434505,0.027795527156549538,4.029408745471486,5.273336996999137,2.0,0.7,0.8,0.8,0.0,,Quality-Control,27
BOCPD-weighted ACI,0.9265175718849841,0.026517571884984048,4.520968894968159,5.266689179589897,2.0,0.7,0.8,0.86,0.0,,Quality-Control,27
CA-AOCP w/o ACI,0.8722044728434505,0.027795527156549538,4.022416713723181,5.232624832907804,2.0,0.7,0.8,0.8,0.0,,Quality-Control,27
Full CA-AOCP,0.9265175718849841,0.026517571884984048,4.506482256874692,5.261095385345931,2.0,0.7,0.8,0.86,0.0,,Quality-Control,27
Hard-reset CP,0.8626198083067093,0.037380191693290765,3.9012486747162356,5.228344344147666,2.0,0.7,0.8,0.8,0.0,,Quality-Control,27
Hard-reset ACI,0.9233226837060703,0.02332268370607027,4.468562768801642,5.22501033026067,2.0,0.7,0.8,0.84,0.0,,Quality-Control,27
ACI,0.946,0.04599999999999993,3.9587557132754676,4.55605216517836,7.0,0.2,0.68,0.82,,,Synthetic-CP,28
EWMA-ACI,0.941,0.040999999999999925,3.9019467764502638,4.491716235766513,4.0,0.5,0.8,0.88,,,Synthetic-CP,28
BOCPD-weighted CP,0.89,0.010000000000000009,3.2554755350311066,4.315225326393838,0.0,0.9,0.96,0.96,0.006666666666666667,,Synthetic-CP,28
BOCPD-weighted ACI,0.939,0.038999999999999924,3.809516323011456,4.408970391907056,0.0,0.9,0.96,0.96,0.006666666666666667,,Synthetic-CP,28
CA-AOCP w/o ACI,0.89,0.010000000000000009,3.2655495349368038,4.316267414294408,0.0,0.9,0.96,0.96,0.006666666666666667,,Synthetic-CP,28
Full CA-AOCP,0.935,0.03500000000000003,3.809592416332446,4.424772605336097,0.0,0.9,0.96,0.96,0.006666666666666667,,Synthetic-CP,28
Hard-reset CP,0.881,0.019000000000000017,3.232863158135093,4.357943080020236,0.0,0.9,0.96,0.92,0.006666666666666667,,Synthetic-CP,28
Hard-reset ACI,0.936,0.03600000000000003,3.8478998621224356,4.472878934626175,0.0,0.9,0.96,0.96,0.006666666666666667,,Synthetic-CP,28
ACI,0.9297124600638977,0.029712460063897717,4.650578720778768,5.478013858927193,4.0,0.6,0.8,0.9,,,Quality-Control,28
EWMA-ACI,0.9265175718849841,0.026517571884984048,4.697508834891055,5.541978489115382,2.0,0.7,0.84,0.92,,,Quality-Control,28
BOCPD-weighted CP,0.8753993610223643,0.024600638977635758,3.9816449398665257,5.460406455800074,1.0,0.8,0.88,0.92,0.0,,Quality-Control,28
BOCPD-weighted ACI,0.9201277955271565,0.02012779552715649,4.553803248912894,5.444491408411691,1.0,0.8,0.88,0.92,0.0,,Quality-Control,28
CA-AOCP w/o ACI,0.8753993610223643,0.024600638977635758,3.98676100587844,5.448711735390746,1.0,0.8,0.88,0.92,0.0,,Quality-Control,28
Full CA-AOCP,0.9169329073482428,0.01693290734824282,4.567332964388963,5.468351070449891,1.0,0.8,0.88,0.92,0.0,,Quality-Control,28
Hard-reset CP,0.8626198083067093,0.037380191693290765,3.8276673615297265,5.670596679268889,1.0,0.8,0.84,0.86,0.0,,Quality-Control,28
Hard-reset ACI,0.9009584664536742,0.000958466453674145,4.5059915288804255,5.545858127727496,1.0,0.8,0.84,0.88,0.0,,Quality-Control,28
ACI,0.944,0.04399999999999993,4.198134733114834,4.721324864729849,11.0,0.2,0.6,0.8,,,Synthetic-CP,29
EWMA-ACI,0.934,0.03400000000000003,4.102132727484219,4.656413127737396,7.0,0.3,0.68,0.84,,,Synthetic-CP,29
BOCPD-weighted CP,0.883,0.017000000000000015,3.4098755358786437,4.511951260241505,0.0,0.9,0.96,0.86,0.0,0.0,Synthetic-CP,29
BOCPD-weighted ACI,0.931,0.031000000000000028,4.037385620514888,4.574528266544883,0.0,0.9,0.96,0.88,0.0,0.0,Synthetic-CP,29
CA-AOCP w/o ACI,0.882,0.018000000000000016,3.4228072136636585,4.508064612422126,0.0,0.9,0.96,0.86,0.0,0.0,Synthetic-CP,29
Full CA-AOCP,0.931,0.031000000000000028,4.018021516395301,4.56040821655405,0.0,0.9,0.96,0.88,0.0,0.0,Synthetic-CP,29
Hard-reset CP,0.874,0.026000000000000023,3.356388726452219,4.525660934692085,0.0,0.9,0.96,0.88,0.0,0.0,Synthetic-CP,29
Hard-reset ACI,0.929,0.029000000000000026,4.042191619786711,4.600951133234176,0.0,0.9,0.96,0.9,0.0,0.0,Synthetic-CP,29
ACI,0.9361022364217252,0.036102236421725165,4.794368097746264,5.584115271722503,3.0,0.7,0.88,0.94,,,Quality-Control,29
EWMA-ACI,0.9265175718849841,0.026517571884984048,4.728057025637967,5.571000554156398,3.0,0.7,0.88,0.94,,,Quality-Control,29
BOCPD-weighted CP,0.8753993610223643,0.024600638977635758,4.173992224640731,5.564560577487512,1.0,0.8,0.92,0.9,0.0,80.0,Quality-Control,29
BOCPD-weighted ACI,0.9265175718849841,0.026517571884984048,4.786403191637286,5.588256848750196,1.0,0.8,0.92,0.9,0.0,80.0,Quality-Control,29
CA-AOCP w/o ACI,0.8785942492012779,0.02140575079872209,4.171414832153889,5.575820666420958,1.0,0.8,0.92,0.9,0.0,80.0,Quality-Control,29
Full CA-AOCP,0.9233226837060703,0.02332268370607027,4.757855507927342,5.554215938124744,1.0,0.8,0.92,0.9,0.0,80.0,Quality-Control,29
Hard-reset CP,0.8626198083067093,0.037380191693290765,4.1939822916333025,5.765026087740712,2.0,0.7,0.88,0.86,0.0,80.0,Quality-Control,29
Hard-reset ACI,0.9265175718849841,0.026517571884984048,4.890257807084576,5.7489678277937255,1.0,0.8,0.92,0.9,0.0,80.0,Quality-Control,29
